2026-09-18 12:59:47,498 [INFO] Start analizy: room_offers2.csv -> room_offers2_analyzed.csv (model: llama3.2:3b)
2026-09-18 12:59:59,218 [INFO] Zapisano rekord 1/1294 (id=1097693947).
2026-09-18 13:00:11,572 [INFO] Zapisano rekord 2/1294 (id=1082490871).
2026-09-18 13:00:21,383 [INFO] Zapisano rekord 3/1294 (id=1015334695).
2026-09-18 13:00:30,371 [INFO] Zapisano rekord 4/1294 (id=1098169622).
2026-09-18 13:00:41,356 [INFO] Zapisano rekord 5/1294 (id=1098173010).
2026-09-18 13:00:47,439 [INFO] Zapisano rekord 6/1294 (id=1097455298).
2026-09-18 13:00:56,493 [INFO] Zapisano rekord 7/1294 (id=1097325025).
2026-09-18 13:01:12,946 [INFO] Zapisano rekord 8/1294 (id=1097364883).
2026-09-18 13:01:22,981 [INFO] Zapisano rekord 9/1294 (id=1097998030).
2026-09-18 13:01:31,746 [INFO] Zapisano rekord 10/1294 (id=1094012262).
2026-09-18 13:01:43,670 [INFO] Zapisano rekord 11/1294 (id=1097424396).
2026-09-18 13:01:54,740 [INFO] Zapisano rekord 12/1294 (id=1097145720).
2026-09-18 13:02:06,886 [INFO] Zapisano rekord 13/1294 (id=1097054109).
2026-09-18 13:02:19,623 [INFO] Zapisano rekord 14/1294 (id=1047996620).
2026-09-18 13:02:27,833 [INFO] Zapisano rekord 15/1294 (id=1093709177).
2026-09-18 13:02:57,283 [WARNING] Przerwano przez użytkownika (Ctrl+C). Postęp został zapisany, można wznowić uruchamiając skrypt ponownie.
2026-09-18 19:38:36,822 [INFO] Start analizy: room_offers2.csv -> room_offers2_analyzed.csv (model: llama3.2:3b)
2026-09-18 19:38:36,853 [INFO] Wznawianie od rekordu 16/1294 (znaleziono wcześniejszy postęp).
2026-09-18 19:40:36,956 [ERROR] Przekroczono limit czasu oczekiwania na odpowiedź Ollama.
2026-09-18 19:40:36,957 [WARNING] Niepoprawna odpowiedź modelu, próba 1/2...
2026-09-18 19:42:38,059 [ERROR] Przekroczono limit czasu oczekiwania na odpowiedź Ollama.
2026-09-18 19:42:38,060 [WARNING] Niepoprawna odpowiedź modelu, próba 2/2...
2026-09-18 19:43:31,729 [WARNING] Przerwano przez użytkownika (Ctrl+C). Postęp został zapisany, można wznowić uruchamiając skrypt ponownie.
2026-09-18 19:43:46,785 [INFO] Start analizy: room_offers2.csv -> room_offers2_analyzed.csv (model: llama3.2:3b)
2026-09-18 19:43:46,839 [INFO] Wznawianie od rekordu 16/1294 (znaleziono wcześniejszy postęp).
2026-09-18 19:45:46,884 [ERROR] Przekroczono limit czasu oczekiwania na odpowiedź Ollama.
2026-09-18 19:45:46,885 [WARNING] Niepoprawna odpowiedź modelu, próba 1/2...
2026-09-18 19:46:13,734 [INFO] Start analizy: room_offers2.csv -> room_offers2_analyzed.csv (model: llama3.2:3b)
2026-09-18 19:46:13,783 [INFO] Wznawianie od rekordu 16/1294 (znaleziono wcześniejszy postęp).
2026-09-18 19:51:11,313 [INFO] Start analizy: room_offers2.csv -> room_offers2_analyzed.csv (model: llama3.2:3b)
2026-09-18 19:51:11,363 [INFO] Wznawianie od rekordu 16/1294 (znaleziono wcześniejszy postęp).
2026-09-18 19:51:20,059 [INFO] Zapisano rekord 16/1294 (id=1020682705).
2026-09-18 19:51:32,997 [INFO] Zapisano rekord 17/1294 (id=1097142996).
2026-09-18 19:51:51,713 [INFO] Zapisano rekord 18/1294 (id=1097351977).
2026-09-18 19:52:09,272 [INFO] Zapisano rekord 19/1294 (id=1096975377).
2026-09-18 19:52:19,661 [INFO] Zapisano rekord 20/1294 (id=1097640518).
2026-09-18 19:52:29,760 [INFO] Zapisano rekord 21/1294 (id=1097235763).
2026-09-18 19:52:40,837 [INFO] Zapisano rekord 22/1294 (id=1095752569).
2026-09-18 19:52:55,426 [INFO] Zapisano rekord 23/1294 (id=1096934715).
2026-09-18 19:53:05,792 [INFO] Start analizy: room_offers2.csv -> room_offers2_analyzed.csv (model: llama3.2:3b)
2026-09-18 19:53:05,879 [INFO] Wznawianie od rekordu 24/1294 (znaleziono wcześniejszy postęp).
2026-09-18 19:53:08,324 [INFO] Zapisano rekord 24/1294 (id=1096980687).
2026-09-18 19:53:14,821 [INFO] Zapisano rekord 24/1294 (id=1096980687).
2026-09-18 19:53:25,377 [INFO] Zapisano rekord 25/1294 (id=1098134024).
2026-09-18 19:53:31,916 [INFO] Zapisano rekord 25/1294 (id=1098134024).
2026-09-18 19:53:53,887 [INFO] Zapisano rekord 26/1294 (id=1095880355).
2026-09-18 19:54:00,886 [INFO] Zapisano rekord 26/1294 (id=1095880355).
2026-09-18 19:54:13,923 [INFO] Zapisano rekord 27/1294 (id=1093134638).
2026-09-18 19:54:21,777 [INFO] Zapisano rekord 27/1294 (id=1093134638).
2026-09-18 19:54:30,262 [INFO] Zapisano rekord 28/1294 (id=1014821935).
2026-09-18 19:54:35,867 [INFO] Zapisano rekord 28/1294 (id=1014821935).
2026-09-18 19:54:48,799 [INFO] Zapisano rekord 29/1294 (id=1097714634).
2026-09-18 19:54:54,952 [INFO] Zapisano rekord 29/1294 (id=1097714634).
2026-09-18 19:55:07,264 [INFO] Zapisano rekord 30/1294 (id=1097423045).
2026-09-18 19:55:13,170 [INFO] Zapisano rekord 30/1294 (id=1097423045).
2026-09-18 19:55:25,431 [INFO] Zapisano rekord 31/1294 (id=1096929617).
2026-09-18 19:55:31,348 [INFO] Zapisano rekord 31/1294 (id=1096929617).
2026-09-18 19:55:44,856 [INFO] Zapisano rekord 32/1294 (id=1095424488).
2026-09-18 19:55:51,291 [INFO] Zapisano rekord 32/1294 (id=1095424488).
2026-09-18 19:56:00,901 [INFO] Zapisano rekord 33/1294 (id=1096125142).
2026-09-18 19:56:06,691 [INFO] Zapisano rekord 33/1294 (id=1096125142).
2026-09-18 19:56:18,140 [INFO] Zapisano rekord 34/1294 (id=1097645455).
2026-09-18 19:56:23,874 [INFO] Zapisano rekord 34/1294 (id=1097645455).
2026-09-18 19:56:35,794 [INFO] Zapisano rekord 35/1294 (id=1097021376).
2026-09-18 19:56:42,493 [INFO] Zapisano rekord 35/1294 (id=1097021376).
2026-09-18 19:56:54,211 [INFO] Zapisano rekord 36/1294 (id=1097594550).
2026-09-18 19:56:59,990 [INFO] Zapisano rekord 36/1294 (id=1097594550).
2026-09-18 19:57:13,441 [INFO] Zapisano rekord 37/1294 (id=1096970628).
2026-09-18 19:57:19,319 [INFO] Zapisano rekord 37/1294 (id=1096970628).
2026-09-18 19:57:30,086 [INFO] Zapisano rekord 38/1294 (id=1096049214).
2026-09-18 19:57:35,927 [INFO] Zapisano rekord 38/1294 (id=1096049214).
2026-09-18 19:57:48,653 [INFO] Zapisano rekord 39/1294 (id=1095421989).
2026-09-18 19:57:55,253 [INFO] Zapisano rekord 39/1294 (id=1095421989).
2026-09-18 19:58:07,065 [INFO] Zapisano rekord 40/1294 (id=1094768513).
2026-09-18 19:58:12,795 [INFO] Zapisano rekord 40/1294 (id=1094768513).
2026-09-18 19:58:25,166 [INFO] Zapisano rekord 41/1294 (id=1098608503).
2026-09-18 19:58:31,306 [INFO] Zapisano rekord 41/1294 (id=1098608503).
2026-09-18 19:58:38,842 [INFO] Zapisano rekord 42/1294 (id=992556344).
2026-09-18 19:58:44,393 [INFO] Zapisano rekord 42/1294 (id=992556344).
2026-09-18 19:58:54,910 [INFO] Zapisano rekord 43/1294 (id=1096952455).
2026-09-18 19:59:00,493 [INFO] Zapisano rekord 43/1294 (id=1096952455).
2026-09-18 19:59:15,001 [INFO] Zapisano rekord 44/1294 (id=1095354307).
2026-09-18 19:59:21,913 [INFO] Zapisano rekord 44/1294 (id=1095354307).
2026-09-18 19:59:33,915 [INFO] Zapisano rekord 45/1294 (id=1095420973).
2026-09-18 19:59:39,681 [INFO] Zapisano rekord 45/1294 (id=1095420973).
2026-09-18 19:59:49,820 [INFO] Zapisano rekord 46/1294 (id=1095751720).
2026-09-18 19:59:55,354 [INFO] Zapisano rekord 46/1294 (id=1095751720).
2026-09-18 20:00:05,385 [INFO] Zapisano rekord 47/1294 (id=1094017303).
2026-09-18 20:00:12,005 [INFO] Zapisano rekord 47/1294 (id=1094017303).
2026-09-18 20:00:24,094 [INFO] Zapisano rekord 48/1294 (id=1095434419).
2026-09-18 20:00:30,115 [INFO] Zapisano rekord 48/1294 (id=1095434419).
2026-09-18 20:00:41,586 [INFO] Zapisano rekord 49/1294 (id=1096368399).
2026-09-18 20:00:48,011 [INFO] Zapisano rekord 49/1294 (id=1096368399).
2026-09-18 20:01:00,177 [INFO] Zapisano rekord 50/1294 (id=1097397007).
2026-09-18 20:01:06,066 [INFO] Zapisano rekord 50/1294 (id=1097397007).
2026-09-18 20:01:18,725 [INFO] Zapisano rekord 51/1294 (id=1098137961).
2026-09-18 20:01:25,818 [INFO] Zapisano rekord 51/1294 (id=1098137961).
2026-09-18 20:01:36,675 [INFO] Zapisano rekord 52/1294 (id=1095577744).
2026-09-18 20:01:42,556 [INFO] Zapisano rekord 52/1294 (id=1095577744).
2026-09-18 20:01:55,325 [INFO] Zapisano rekord 53/1294 (id=1097714634).
2026-09-18 20:02:01,377 [INFO] Zapisano rekord 53/1294 (id=1097714634).
2026-09-18 20:02:13,126 [INFO] Zapisano rekord 54/1294 (id=1094768513).
2026-09-18 20:02:18,719 [INFO] Zapisano rekord 54/1294 (id=1094768513).
2026-09-18 20:02:30,910 [INFO] Zapisano rekord 55/1294 (id=1098608503).
2026-09-18 20:02:36,990 [INFO] Zapisano rekord 55/1294 (id=1098608503).
2026-09-18 20:02:49,515 [INFO] Zapisano rekord 56/1294 (id=1097397891).
2026-09-18 20:02:55,414 [INFO] Zapisano rekord 56/1294 (id=1097397891).
2026-09-18 20:03:08,293 [INFO] Zapisano rekord 57/1294 (id=1092937512).
2026-09-18 20:03:13,885 [INFO] Zapisano rekord 57/1294 (id=1092937512).
2026-09-18 20:03:28,998 [INFO] Zapisano rekord 58/1294 (id=1093923164).
2026-09-18 20:03:35,705 [INFO] Zapisano rekord 58/1294 (id=1093923164).
2026-09-18 20:03:45,539 [INFO] Zapisano rekord 59/1294 (id=1097601807).
2026-09-18 20:03:51,384 [INFO] Zapisano rekord 59/1294 (id=1097601807).
2026-09-18 20:03:59,840 [INFO] Zapisano rekord 60/1294 (id=1095730135).
2026-09-18 20:04:05,599 [INFO] Zapisano rekord 60/1294 (id=1095730135).
2026-09-18 20:04:15,535 [INFO] Zapisano rekord 61/1294 (id=1095789672).
2026-09-18 20:04:20,900 [INFO] Zapisano rekord 61/1294 (id=1095789672).
2026-09-18 20:04:35,343 [INFO] Zapisano rekord 62/1294 (id=1096742363).
2026-09-18 20:04:41,245 [INFO] Zapisano rekord 62/1294 (id=1096742363).
2026-09-18 20:04:55,423 [INFO] Zapisano rekord 63/1294 (id=1093892523).
2026-09-18 20:05:00,840 [INFO] Zapisano rekord 63/1294 (id=1093892523).
2026-09-18 20:05:15,090 [INFO] Zapisano rekord 64/1294 (id=1095510643).
2026-09-18 20:05:21,049 [INFO] Zapisano rekord 64/1294 (id=1095510643).
2026-09-18 20:05:30,630 [INFO] Zapisano rekord 65/1294 (id=1092927987).
2026-09-18 20:05:37,165 [INFO] Zapisano rekord 65/1294 (id=1092927987).
2026-09-18 20:05:46,817 [INFO] Zapisano rekord 66/1294 (id=1093715250).
2026-09-18 20:05:53,565 [INFO] Zapisano rekord 66/1294 (id=1093715250).
2026-09-18 20:06:01,290 [INFO] Zapisano rekord 67/1294 (id=992556344).
2026-09-18 20:06:06,787 [INFO] Zapisano rekord 67/1294 (id=992556344).
2026-09-18 20:06:16,674 [INFO] Zapisano rekord 68/1294 (id=1098590975).
2026-09-18 20:06:23,250 [INFO] Zapisano rekord 68/1294 (id=1098590975).
2026-09-18 20:06:44,217 [INFO] Zapisano rekord 69/1294 (id=1093157602).
2026-09-18 20:06:50,978 [INFO] Zapisano rekord 69/1294 (id=1093157602).
2026-09-18 20:06:59,493 [INFO] Zapisano rekord 70/1294 (id=1097562602).
2026-09-18 20:07:05,201 [INFO] Zapisano rekord 70/1294 (id=1097562602).
2026-09-18 20:07:16,482 [INFO] Zapisano rekord 71/1294 (id=1096520117).
2026-09-18 20:07:22,540 [INFO] Zapisano rekord 71/1294 (id=1096520117).
2026-09-18 20:07:31,566 [INFO] Zapisano rekord 72/1294 (id=1092931477).
2026-09-18 20:07:37,602 [INFO] Zapisano rekord 72/1294 (id=1092931477).
2026-09-18 20:07:53,881 [INFO] Zapisano rekord 73/1294 (id=1094244033).
2026-09-18 20:07:59,705 [INFO] Zapisano rekord 73/1294 (id=1094244033).
2026-09-18 20:08:16,455 [INFO] Zapisano rekord 74/1294 (id=1098004531).
2026-09-18 20:08:22,687 [INFO] Zapisano rekord 74/1294 (id=1098004531).
2026-09-18 20:08:46,459 [INFO] Zapisano rekord 75/1294 (id=1094792072).
2026-09-18 20:08:52,732 [INFO] Zapisano rekord 75/1294 (id=1094792072).
2026-09-18 20:09:01,825 [INFO] Zapisano rekord 76/1294 (id=1097020551).
2026-09-18 20:09:07,185 [INFO] Zapisano rekord 76/1294 (id=1097020551).
2026-09-18 20:09:16,470 [INFO] Zapisano rekord 77/1294 (id=1094893771).
2026-09-18 20:09:21,721 [INFO] Zapisano rekord 77/1294 (id=1094893771).
2026-09-18 20:09:33,450 [INFO] Zapisano rekord 78/1294 (id=1098436775).
2026-09-18 20:09:40,438 [INFO] Zapisano rekord 78/1294 (id=1098436775).
2026-09-18 20:09:50,183 [INFO] Zapisano rekord 79/1294 (id=1098228909).
2026-09-18 20:09:55,701 [INFO] Zapisano rekord 79/1294 (id=1098228909).
2026-09-18 20:10:12,646 [INFO] Zapisano rekord 80/1294 (id=1094535091).
2026-09-18 20:10:18,851 [INFO] Zapisano rekord 80/1294 (id=1094535091).
2026-09-18 20:10:27,640 [INFO] Zapisano rekord 81/1294 (id=1096528768).
2026-09-18 20:10:33,216 [INFO] Zapisano rekord 81/1294 (id=1096528768).
2026-09-18 20:10:44,292 [INFO] Zapisano rekord 82/1294 (id=1093772791).
2026-09-18 20:10:50,359 [INFO] Zapisano rekord 82/1294 (id=1093772791).
2026-09-18 20:11:01,723 [INFO] Zapisano rekord 83/1294 (id=1093131190).
2026-09-18 20:11:07,195 [INFO] Zapisano rekord 83/1294 (id=1093131190).
2026-09-18 20:11:23,701 [INFO] Zapisano rekord 84/1294 (id=1094385889).
2026-09-18 20:11:29,163 [INFO] Zapisano rekord 84/1294 (id=1094385889).
2026-09-18 20:11:38,574 [INFO] Zapisano rekord 85/1294 (id=1095147560).
2026-09-18 20:11:44,215 [INFO] Zapisano rekord 85/1294 (id=1095147560).
2026-09-18 20:11:55,108 [INFO] Zapisano rekord 86/1294 (id=1096150045).
2026-09-18 20:12:00,730 [INFO] Zapisano rekord 86/1294 (id=1096150045).
2026-09-18 20:12:09,820 [INFO] Zapisano rekord 87/1294 (id=1097425370).
2026-09-18 20:12:15,441 [INFO] Zapisano rekord 87/1294 (id=1097425370).
2026-09-18 20:12:29,611 [INFO] Zapisano rekord 88/1294 (id=1098230805).
2026-09-18 20:12:35,207 [INFO] Zapisano rekord 88/1294 (id=1098230805).
2026-09-18 20:12:44,476 [INFO] Zapisano rekord 89/1294 (id=1093567843).
2026-09-18 20:12:50,192 [INFO] Zapisano rekord 89/1294 (id=1093567843).
2026-09-18 20:13:00,083 [INFO] Zapisano rekord 90/1294 (id=1096557418).
2026-09-18 20:13:05,460 [INFO] Zapisano rekord 90/1294 (id=1096557418).
2026-09-18 20:13:16,090 [INFO] Zapisano rekord 91/1294 (id=1096841521).
2026-09-18 20:13:21,853 [INFO] Zapisano rekord 91/1294 (id=1096841521).
2026-09-18 20:13:29,035 [INFO] Zapisano rekord 92/1294 (id=1059798891).
2026-09-18 20:13:34,024 [INFO] Zapisano rekord 92/1294 (id=1059798891).
2026-09-18 20:13:46,199 [INFO] Zapisano rekord 93/1294 (id=1097594550).
2026-09-18 20:13:52,100 [INFO] Zapisano rekord 93/1294 (id=1097594550).
2026-09-18 20:14:04,522 [INFO] Zapisano rekord 94/1294 (id=1094554923).
2026-09-18 20:14:10,189 [INFO] Zapisano rekord 94/1294 (id=1094554923).
2026-09-18 20:14:20,048 [INFO] Zapisano rekord 95/1294 (id=1098089872).
2026-09-18 20:14:25,656 [INFO] Zapisano rekord 95/1294 (id=1098089872).
2026-09-18 20:14:35,216 [INFO] Zapisano rekord 96/1294 (id=1096365044).
2026-09-18 20:14:41,465 [INFO] Zapisano rekord 96/1294 (id=1096365044).
2026-09-18 20:14:52,546 [INFO] Zapisano rekord 97/1294 (id=1093088343).
2026-09-18 20:14:58,304 [INFO] Zapisano rekord 97/1294 (id=1093088343).
2026-09-18 20:15:14,564 [INFO] Zapisano rekord 98/1294 (id=1097987381).
2026-09-18 20:15:20,715 [INFO] Zapisano rekord 98/1294 (id=1097987381).
2026-09-18 20:15:34,364 [INFO] Zapisano rekord 99/1294 (id=1088802277).
2026-09-18 20:15:41,464 [INFO] Zapisano rekord 99/1294 (id=1088802277).
2026-09-18 20:15:51,363 [INFO] Zapisano rekord 100/1294 (id=1096533710).
2026-09-18 20:15:57,030 [INFO] Zapisano rekord 100/1294 (id=1096533710).
2026-09-18 20:16:09,540 [INFO] Zapisano rekord 101/1294 (id=1097352630).
2026-09-18 20:16:15,692 [INFO] Zapisano rekord 101/1294 (id=1097352630).
2026-09-18 20:16:24,818 [INFO] Zapisano rekord 102/1294 (id=1094876493).
2026-09-18 20:16:31,234 [INFO] Zapisano rekord 102/1294 (id=1094876493).
2026-09-18 20:16:38,295 [INFO] Zapisano rekord 103/1294 (id=1098116530).
2026-09-18 20:16:43,595 [INFO] Zapisano rekord 103/1294 (id=1098116530).
2026-09-18 20:17:00,040 [INFO] Zapisano rekord 104/1294 (id=1094244033).
2026-09-18 20:17:06,096 [INFO] Zapisano rekord 104/1294 (id=1094244033).
2026-09-18 20:17:18,314 [INFO] Zapisano rekord 105/1294 (id=1090789792).
2026-09-18 20:17:25,139 [INFO] Zapisano rekord 105/1294 (id=1090789792).
2026-09-18 20:17:45,015 [INFO] Zapisano rekord 106/1294 (id=1096776185).
2026-09-18 20:17:53,101 [INFO] Zapisano rekord 106/1294 (id=1096776185).
2026-09-18 20:18:03,132 [INFO] Zapisano rekord 107/1294 (id=1086806901).
2026-09-18 20:18:09,139 [INFO] Zapisano rekord 107/1294 (id=1086806901).
2026-09-18 20:18:19,869 [INFO] Zapisano rekord 108/1294 (id=1095861619).
2026-09-18 20:18:25,708 [INFO] Zapisano rekord 108/1294 (id=1095861619).
2026-09-18 20:18:45,281 [INFO] Zapisano rekord 109/1294 (id=1084566175).
2026-09-18 20:18:51,910 [INFO] Zapisano rekord 109/1294 (id=1084566175).
2026-09-18 20:19:02,915 [INFO] Zapisano rekord 110/1294 (id=930077161).
2026-09-18 20:19:08,552 [INFO] Zapisano rekord 110/1294 (id=930077161).
2026-09-18 20:19:18,851 [INFO] Zapisano rekord 111/1294 (id=1092938704).
2026-09-18 20:19:25,231 [INFO] Zapisano rekord 111/1294 (id=1092938704).
2026-09-18 20:19:35,867 [INFO] Zapisano rekord 112/1294 (id=1095919385).
2026-09-18 20:19:41,482 [INFO] Zapisano rekord 112/1294 (id=1095919385).
2026-09-18 20:19:52,041 [INFO] Zapisano rekord 113/1294 (id=1095746975).
2026-09-18 20:19:57,740 [INFO] Zapisano rekord 113/1294 (id=1095746975).
2026-09-18 20:20:11,304 [INFO] Zapisano rekord 114/1294 (id=1094833153).
2026-09-18 20:20:16,931 [INFO] Zapisano rekord 114/1294 (id=1094833153).
2026-09-18 20:20:29,565 [INFO] Zapisano rekord 115/1294 (id=1090687018).
2026-09-18 20:20:36,165 [INFO] Zapisano rekord 115/1294 (id=1090687018).
2026-09-18 20:20:52,164 [INFO] Zapisano rekord 116/1294 (id=1097252242).
2026-09-18 20:20:58,586 [INFO] Zapisano rekord 116/1294 (id=1097252242).
2026-09-18 20:21:07,956 [INFO] Zapisano rekord 117/1294 (id=1078783570).
2026-09-18 20:21:13,603 [INFO] Zapisano rekord 117/1294 (id=1078783570).
2026-09-18 20:21:23,372 [INFO] Zapisano rekord 118/1294 (id=558160727).
2026-09-18 20:21:28,910 [INFO] Zapisano rekord 118/1294 (id=558160727).
2026-09-18 20:21:46,174 [INFO] Zapisano rekord 119/1294 (id=1021313041).
2026-09-18 20:21:52,531 [INFO] Zapisano rekord 119/1294 (id=1021313041).
2026-09-18 20:22:05,150 [INFO] Zapisano rekord 120/1294 (id=654150324).
2026-09-18 20:22:10,510 [INFO] Zapisano rekord 120/1294 (id=654150324).
2026-09-18 20:22:22,032 [INFO] Zapisano rekord 121/1294 (id=1089935372).
2026-09-18 20:22:27,448 [INFO] Zapisano rekord 121/1294 (id=1089935372).
2026-09-18 20:22:39,684 [INFO] Zapisano rekord 122/1294 (id=918212994).
2026-09-18 20:22:44,989 [INFO] Zapisano rekord 122/1294 (id=918212994).
2026-09-18 20:22:57,992 [INFO] Zapisano rekord 123/1294 (id=1026224251).
2026-09-18 20:23:03,922 [INFO] Zapisano rekord 123/1294 (id=1026224251).
2026-09-18 20:23:13,685 [INFO] Zapisano rekord 124/1294 (id=1097573072).
2026-09-18 20:23:19,792 [INFO] Zapisano rekord 124/1294 (id=1097573072).
2026-09-18 20:23:30,102 [INFO] Zapisano rekord 125/1294 (id=930122493).
2026-09-18 20:23:35,864 [INFO] Zapisano rekord 125/1294 (id=930122493).
2026-09-18 20:23:46,935 [INFO] Zapisano rekord 126/1294 (id=1093156933).
2026-09-18 20:23:52,987 [INFO] Zapisano rekord 126/1294 (id=1093156933).
2026-09-18 20:24:05,169 [INFO] Zapisano rekord 127/1294 (id=1090789792).
2026-09-18 20:24:11,911 [INFO] Zapisano rekord 127/1294 (id=1090789792).
2026-09-18 20:24:23,356 [INFO] Zapisano rekord 128/1294 (id=1098609173).
2026-09-18 20:24:28,891 [INFO] Zapisano rekord 128/1294 (id=1098609173).
2026-09-18 20:24:41,088 [INFO] Zapisano rekord 129/1294 (id=660309204).
2026-09-18 20:24:46,652 [INFO] Zapisano rekord 129/1294 (id=660309204).
2026-09-18 20:24:55,956 [INFO] Zapisano rekord 130/1294 (id=1098626807).
2026-09-18 20:25:01,844 [INFO] Zapisano rekord 130/1294 (id=1098626807).
2026-09-18 20:25:12,821 [INFO] Zapisano rekord 131/1294 (id=1093416214).
2026-09-18 20:25:19,715 [INFO] Zapisano rekord 131/1294 (id=1093416214).
2026-09-18 20:25:32,205 [INFO] Zapisano rekord 132/1294 (id=758728627).
2026-09-18 20:25:37,610 [INFO] Zapisano rekord 132/1294 (id=758728627).
2026-09-18 20:25:45,240 [INFO] Zapisano rekord 133/1294 (id=1095814725).
2026-09-18 20:25:50,974 [INFO] Zapisano rekord 133/1294 (id=1095814725).
2026-09-18 20:26:11,071 [INFO] Zapisano rekord 134/1294 (id=1092924846).
2026-09-18 20:26:17,332 [INFO] Zapisano rekord 134/1294 (id=1092924846).
2026-09-18 20:26:29,710 [INFO] Zapisano rekord 135/1294 (id=1089273446).
2026-09-18 20:26:35,344 [INFO] Zapisano rekord 135/1294 (id=1089273446).
2026-09-18 20:26:46,332 [INFO] Zapisano rekord 136/1294 (id=1098955466).
2026-09-18 20:26:53,242 [INFO] Zapisano rekord 136/1294 (id=1098955466).
2026-09-18 20:27:03,702 [INFO] Zapisano rekord 137/1294 (id=1088024369).
2026-09-18 20:27:09,492 [INFO] Zapisano rekord 137/1294 (id=1088024369).
2026-09-18 20:27:19,861 [INFO] Zapisano rekord 138/1294 (id=1078632762).
2026-09-18 20:27:25,414 [INFO] Zapisano rekord 138/1294 (id=1078632762).
2026-09-18 20:27:36,846 [INFO] Zapisano rekord 139/1294 (id=1059765757).
2026-09-18 20:27:43,228 [INFO] Zapisano rekord 139/1294 (id=1059765757).
2026-09-18 20:27:53,880 [INFO] Zapisano rekord 140/1294 (id=961114376).
2026-09-18 20:27:59,476 [INFO] Zapisano rekord 140/1294 (id=961114376).
2026-09-18 20:28:10,367 [INFO] Zapisano rekord 141/1294 (id=1014748853).
2026-09-18 20:28:16,063 [INFO] Zapisano rekord 141/1294 (id=1014748853).
2026-09-18 20:28:28,090 [INFO] Zapisano rekord 142/1294 (id=1098426182).
2026-09-18 20:28:34,469 [INFO] Zapisano rekord 142/1294 (id=1098426182).
2026-09-18 20:28:42,244 [INFO] Zapisano rekord 143/1294 (id=683149252).
2026-09-18 20:28:47,952 [INFO] Zapisano rekord 143/1294 (id=683149252).
2026-09-18 20:29:04,161 [INFO] Zapisano rekord 144/1294 (id=1093105403).
2026-09-18 20:29:10,657 [INFO] Zapisano rekord 144/1294 (id=1093105403).
2026-09-18 20:29:20,998 [INFO] Zapisano rekord 145/1294 (id=930067698).
2026-09-18 20:29:26,474 [INFO] Zapisano rekord 145/1294 (id=930067698).
2026-09-18 20:29:36,507 [INFO] Zapisano rekord 146/1294 (id=1015334695).
2026-09-18 20:29:41,581 [INFO] Zapisano rekord 146/1294 (id=1015334695).
2026-09-18 20:29:53,361 [INFO] Zapisano rekord 147/1294 (id=1090059642).
2026-09-18 20:29:58,882 [INFO] Zapisano rekord 147/1294 (id=1090059642).
2026-09-18 20:30:14,030 [INFO] Zapisano rekord 148/1294 (id=1057638486).
2026-09-18 20:30:20,296 [INFO] Zapisano rekord 148/1294 (id=1057638486).
2026-09-18 20:30:37,965 [INFO] Zapisano rekord 149/1294 (id=1043541872).
2026-09-18 20:30:44,320 [INFO] Zapisano rekord 149/1294 (id=1043541872).
2026-09-18 20:30:53,526 [INFO] Zapisano rekord 150/1294 (id=1094886146).
2026-09-18 20:30:59,579 [INFO] Zapisano rekord 150/1294 (id=1094886146).
2026-09-18 20:31:09,745 [INFO] Zapisano rekord 151/1294 (id=1000134329).
2026-09-18 20:31:15,567 [INFO] Zapisano rekord 151/1294 (id=1000134329).
2026-09-18 20:31:25,736 [INFO] Zapisano rekord 152/1294 (id=594900421).
2026-09-18 20:31:32,064 [INFO] Zapisano rekord 152/1294 (id=594900421).
2026-09-18 20:31:49,043 [INFO] Zapisano rekord 153/1294 (id=1091298855).
2026-09-18 20:31:55,307 [INFO] Zapisano rekord 153/1294 (id=1091298855).
2026-09-18 20:32:10,494 [INFO] Zapisano rekord 154/1294 (id=1096982797).
2026-09-18 20:32:18,987 [INFO] Zapisano rekord 154/1294 (id=1096982797).
2026-09-18 20:32:31,018 [INFO] Zapisano rekord 155/1294 (id=1098426182).
2026-09-18 20:32:37,412 [INFO] Zapisano rekord 155/1294 (id=1098426182).
2026-09-18 20:32:45,207 [INFO] Zapisano rekord 156/1294 (id=683149252).
2026-09-18 20:32:50,918 [INFO] Zapisano rekord 156/1294 (id=683149252).
2026-09-18 20:33:07,051 [INFO] Zapisano rekord 157/1294 (id=1093105403).
2026-09-18 20:33:13,591 [INFO] Zapisano rekord 157/1294 (id=1093105403).
2026-09-18 20:33:22,757 [INFO] Zapisano rekord 158/1294 (id=1098131191).
2026-09-18 20:33:28,944 [INFO] Zapisano rekord 158/1294 (id=1098131191).
2026-09-18 20:33:39,941 [INFO] Zapisano rekord 159/1294 (id=1070427450).
2026-09-18 20:33:46,222 [INFO] Zapisano rekord 159/1294 (id=1070427450).
2026-09-18 20:33:56,970 [INFO] Zapisano rekord 160/1294 (id=1086800399).
2026-09-18 20:34:01,705 [INFO] Zapisano rekord 160/1294 (id=1086800399).
2026-09-18 20:34:13,352 [INFO] Zapisano rekord 161/1294 (id=1090788280).
2026-09-18 20:34:19,827 [INFO] Zapisano rekord 161/1294 (id=1090788280).
2026-09-18 20:34:31,089 [INFO] Zapisano rekord 162/1294 (id=1098496337).
2026-09-18 20:34:37,310 [INFO] Zapisano rekord 162/1294 (id=1098496337).
2026-09-18 20:34:44,797 [INFO] Zapisano rekord 163/1294 (id=1029349834).
2026-09-18 20:34:50,455 [INFO] Zapisano rekord 163/1294 (id=1029349834).
2026-09-18 20:35:00,079 [INFO] Zapisano rekord 164/1294 (id=1085874332).
2026-09-18 20:35:04,618 [INFO] Zapisano rekord 164/1294 (id=1085874332).
2026-09-18 20:35:22,461 [INFO] Zapisano rekord 165/1294 (id=1026926923).
2026-09-18 20:35:28,574 [INFO] Zapisano rekord 165/1294 (id=1026926923).
2026-09-18 20:35:37,125 [INFO] Zapisano rekord 166/1294 (id=1093182368).
2026-09-18 20:35:43,444 [INFO] Zapisano rekord 166/1294 (id=1093182368).
2026-09-18 20:35:55,742 [INFO] Zapisano rekord 167/1294 (id=1085868388).
2026-09-18 20:36:01,345 [INFO] Zapisano rekord 167/1294 (id=1085868388).
2026-09-18 20:36:17,484 [INFO] Zapisano rekord 168/1294 (id=1030154292).
2026-09-18 20:36:23,859 [INFO] Zapisano rekord 168/1294 (id=1030154292).
2026-09-18 20:36:36,179 [INFO] Zapisano rekord 169/1294 (id=1092969243).
2026-09-18 20:36:41,435 [INFO] Zapisano rekord 169/1294 (id=1092969243).
2026-09-18 20:36:51,831 [INFO] Zapisano rekord 170/1294 (id=1089742541).
2026-09-18 20:36:57,356 [INFO] Zapisano rekord 170/1294 (id=1089742541).
2026-09-18 20:37:09,906 [INFO] Zapisano rekord 171/1294 (id=1085738310).
2026-09-18 20:37:15,847 [INFO] Zapisano rekord 171/1294 (id=1085738310).
2026-09-18 20:37:33,616 [INFO] Zapisano rekord 172/1294 (id=1099011388).
2026-09-18 20:37:40,583 [INFO] Zapisano rekord 172/1294 (id=1099011388).
2026-09-18 20:37:49,950 [INFO] Zapisano rekord 173/1294 (id=1017259564).
2026-09-18 20:37:55,327 [INFO] Zapisano rekord 173/1294 (id=1017259564).
2026-09-18 20:38:01,328 [INFO] Zapisano rekord 174/1294 (id=1098984264).
2026-09-18 20:38:06,483 [INFO] Zapisano rekord 174/1294 (id=1098984264).
2026-09-18 20:38:16,697 [INFO] Zapisano rekord 175/1294 (id=558502883).
2026-09-18 20:38:22,741 [INFO] Zapisano rekord 175/1294 (id=558502883).
2026-09-18 20:38:37,743 [INFO] Zapisano rekord 176/1294 (id=1097993267).
2026-09-18 20:38:43,560 [INFO] Zapisano rekord 176/1294 (id=1097993267).
2026-09-18 20:38:52,233 [INFO] Zapisano rekord 177/1294 (id=1087605033).
2026-09-18 20:38:58,148 [INFO] Zapisano rekord 177/1294 (id=1087605033).
2026-09-18 20:39:13,129 [INFO] Zapisano rekord 178/1294 (id=1098194935).
2026-09-18 20:39:18,948 [INFO] Zapisano rekord 178/1294 (id=1098194935).
2026-09-18 20:39:29,546 [INFO] Zapisano rekord 179/1294 (id=1092931811).
2026-09-18 20:39:35,569 [INFO] Zapisano rekord 179/1294 (id=1092931811).
2026-09-18 20:39:42,443 [INFO] Zapisano rekord 180/1294 (id=1094053527).
2026-09-18 20:39:48,048 [INFO] Zapisano rekord 180/1294 (id=1094053527).
2026-09-18 20:39:58,374 [INFO] Zapisano rekord 181/1294 (id=1098783854).
2026-09-18 20:40:04,209 [INFO] Zapisano rekord 181/1294 (id=1098783854).
2026-09-18 20:40:14,942 [INFO] Zapisano rekord 182/1294 (id=1096207529).
2026-09-18 20:40:21,527 [INFO] Zapisano rekord 182/1294 (id=1096207529).
2026-09-18 20:40:35,561 [INFO] Zapisano rekord 183/1294 (id=1098348950).
2026-09-18 20:40:42,344 [INFO] Zapisano rekord 183/1294 (id=1098348950).
2026-09-18 20:40:52,896 [INFO] Zapisano rekord 184/1294 (id=1099006616).
2026-09-18 20:40:58,232 [INFO] Zapisano rekord 184/1294 (id=1099006616).
2026-09-18 20:41:08,261 [INFO] Zapisano rekord 185/1294 (id=1085518154).
2026-09-18 20:41:13,804 [INFO] Zapisano rekord 185/1294 (id=1085518154).
2026-09-18 20:41:25,645 [INFO] Zapisano rekord 186/1294 (id=1098849831).
2026-09-18 20:41:31,571 [INFO] Zapisano rekord 186/1294 (id=1098849831).
2026-09-18 20:41:39,063 [INFO] Zapisano rekord 187/1294 (id=1098023272).
2026-09-18 20:41:44,951 [INFO] Zapisano rekord 187/1294 (id=1098023272).
2026-09-18 20:42:03,400 [INFO] Zapisano rekord 188/1294 (id=1097373327).
2026-09-18 20:42:10,879 [INFO] Zapisano rekord 188/1294 (id=1097373327).
2026-09-18 20:42:23,752 [INFO] Zapisano rekord 189/1294 (id=1098617379).
2026-09-18 20:42:29,690 [INFO] Zapisano rekord 189/1294 (id=1098617379).
2026-09-18 20:42:39,811 [INFO] Zapisano rekord 190/1294 (id=941986713).
2026-09-18 20:42:45,152 [INFO] Zapisano rekord 190/1294 (id=941986713).
2026-09-18 20:42:55,275 [INFO] Zapisano rekord 191/1294 (id=1086408582).
2026-09-18 20:43:00,720 [INFO] Zapisano rekord 191/1294 (id=1086408582).
2026-09-18 20:43:11,451 [INFO] Zapisano rekord 192/1294 (id=1080647818).
2026-09-18 20:43:16,882 [INFO] Zapisano rekord 192/1294 (id=1080647818).
2026-09-18 20:43:27,442 [INFO] Zapisano rekord 193/1294 (id=1099003791).
2026-09-18 20:43:33,177 [INFO] Zapisano rekord 193/1294 (id=1099003791).
2026-09-18 20:43:42,453 [INFO] Zapisano rekord 194/1294 (id=1096365044).
2026-09-18 20:43:48,795 [INFO] Zapisano rekord 194/1294 (id=1096365044).
2026-09-18 20:43:58,162 [INFO] Zapisano rekord 195/1294 (id=1098915664).
2026-09-18 20:44:04,719 [INFO] Zapisano rekord 195/1294 (id=1098915664).
2026-09-18 20:44:26,421 [INFO] Zapisano rekord 196/1294 (id=1092924846).
2026-09-18 20:44:33,023 [INFO] Zapisano rekord 196/1294 (id=1092924846).
2026-09-18 20:44:44,139 [INFO] Zapisano rekord 197/1294 (id=1093155165).
2026-09-18 20:44:50,009 [INFO] Zapisano rekord 197/1294 (id=1093155165).
2026-09-18 20:45:00,990 [INFO] Zapisano rekord 198/1294 (id=1085888434).
2026-09-18 20:45:06,761 [INFO] Zapisano rekord 198/1294 (id=1085888434).
2026-09-18 20:45:19,348 [INFO] Zapisano rekord 199/1294 (id=1098818155).
2026-09-18 20:45:25,008 [INFO] Zapisano rekord 199/1294 (id=1098818155).
2026-09-18 20:45:35,543 [INFO] Zapisano rekord 200/1294 (id=1098898865).
2026-09-18 20:45:42,369 [INFO] Zapisano rekord 200/1294 (id=1098898865).
2026-09-18 20:45:59,570 [INFO] Zapisano rekord 201/1294 (id=1097708424).
2026-09-18 20:46:05,549 [INFO] Zapisano rekord 201/1294 (id=1097708424).
2026-09-18 20:46:12,430 [INFO] Zapisano rekord 202/1294 (id=1092788465).
2026-09-18 20:46:17,598 [INFO] Zapisano rekord 202/1294 (id=1092788465).
2026-09-18 20:46:33,907 [INFO] Zapisano rekord 203/1294 (id=1092333969).
2026-09-18 20:46:40,613 [INFO] Zapisano rekord 203/1294 (id=1092333969).
2026-09-18 20:46:50,185 [INFO] Zapisano rekord 204/1294 (id=1086405931).
2026-09-18 20:46:55,795 [INFO] Zapisano rekord 204/1294 (id=1086405931).
2026-09-18 20:47:06,637 [INFO] Zapisano rekord 205/1294 (id=1098813940).
2026-09-18 20:47:12,722 [INFO] Zapisano rekord 205/1294 (id=1098813940).
2026-09-18 20:47:28,178 [INFO] Zapisano rekord 206/1294 (id=1096485118).
2026-09-18 20:47:34,778 [INFO] Zapisano rekord 206/1294 (id=1096485118).
2026-09-18 20:47:46,386 [INFO] Zapisano rekord 207/1294 (id=1098609173).
2026-09-18 20:47:52,137 [INFO] Zapisano rekord 207/1294 (id=1098609173).
2026-09-18 20:48:03,642 [INFO] Zapisano rekord 208/1294 (id=1094719691).
2026-09-18 20:48:09,511 [INFO] Zapisano rekord 208/1294 (id=1094719691).
2026-09-18 20:48:19,256 [INFO] Zapisano rekord 209/1294 (id=1094017303).
2026-09-18 20:48:25,904 [INFO] Zapisano rekord 209/1294 (id=1094017303).
2026-09-18 20:48:36,235 [INFO] Zapisano rekord 210/1294 (id=1098513892).
2026-09-18 20:48:42,199 [INFO] Zapisano rekord 210/1294 (id=1098513892).
2026-09-18 20:48:53,963 [INFO] Zapisano rekord 211/1294 (id=1098196297).
2026-09-18 20:48:59,933 [INFO] Zapisano rekord 211/1294 (id=1098196297).
2026-09-18 20:49:07,485 [INFO] Zapisano rekord 212/1294 (id=1096548224).
2026-09-18 20:49:12,726 [INFO] Zapisano rekord 212/1294 (id=1096548224).
2026-09-18 20:49:20,083 [INFO] Zapisano rekord 213/1294 (id=1029738383).
2026-09-18 20:49:25,604 [INFO] Zapisano rekord 213/1294 (id=1029738383).
2026-09-18 20:49:34,411 [INFO] Zapisano rekord 214/1294 (id=1065212936).
2026-09-18 20:49:40,940 [INFO] Zapisano rekord 214/1294 (id=1065212936).
2026-09-18 20:49:49,294 [INFO] Zapisano rekord 215/1294 (id=1098488374).
2026-09-18 20:49:55,070 [INFO] Zapisano rekord 215/1294 (id=1098488374).
2026-09-18 20:50:04,578 [INFO] Zapisano rekord 216/1294 (id=1058273256).
2026-09-18 20:50:10,647 [INFO] Zapisano rekord 216/1294 (id=1058273256).
2026-09-18 20:50:22,249 [INFO] Zapisano rekord 217/1294 (id=1098873745).
2026-09-18 20:50:28,197 [INFO] Zapisano rekord 217/1294 (id=1098873745).
2026-09-18 20:50:38,771 [INFO] Zapisano rekord 218/1294 (id=1095753075).
2026-09-18 20:50:44,759 [INFO] Zapisano rekord 218/1294 (id=1095753075).
2026-09-18 20:50:54,438 [INFO] Zapisano rekord 219/1294 (id=1096180958).
2026-09-18 20:51:00,074 [INFO] Zapisano rekord 219/1294 (id=1096180958).
2026-09-18 20:51:10,296 [INFO] Zapisano rekord 220/1294 (id=1099006616).
2026-09-18 20:51:15,629 [INFO] Zapisano rekord 220/1294 (id=1099006616).
2026-09-18 20:51:25,507 [INFO] Zapisano rekord 221/1294 (id=1098434483).
2026-09-18 20:51:31,129 [INFO] Zapisano rekord 221/1294 (id=1098434483).
2026-09-18 20:51:38,611 [INFO] Zapisano rekord 222/1294 (id=1091998957).
2026-09-18 20:51:44,457 [INFO] Zapisano rekord 222/1294 (id=1091998957).
2026-09-18 20:51:55,613 [INFO] Zapisano rekord 223/1294 (id=1095303528).
2026-09-18 20:52:03,130 [INFO] Zapisano rekord 223/1294 (id=1095303528).
2026-09-18 20:52:12,370 [INFO] Zapisano rekord 224/1294 (id=1098516945).
2026-09-18 20:52:18,209 [INFO] Zapisano rekord 224/1294 (id=1098516945).
2026-09-18 20:52:27,894 [INFO] Zapisano rekord 225/1294 (id=1051772856).
2026-09-18 20:52:33,281 [INFO] Zapisano rekord 225/1294 (id=1051772856).
2026-09-18 20:52:40,719 [INFO] Zapisano rekord 226/1294 (id=1081912606).
2026-09-18 20:52:46,536 [INFO] Zapisano rekord 226/1294 (id=1081912606).
2026-09-18 20:52:56,351 [INFO] Zapisano rekord 227/1294 (id=1085866336).
2026-09-18 20:53:01,637 [INFO] Zapisano rekord 227/1294 (id=1085866336).
2026-09-18 20:53:08,169 [INFO] Zapisano rekord 228/1294 (id=999106301).
2026-09-18 20:53:13,658 [INFO] Zapisano rekord 228/1294 (id=999106301).
2026-09-18 20:53:23,046 [INFO] Zapisano rekord 229/1294 (id=691132185).
2026-09-18 20:53:28,762 [INFO] Zapisano rekord 229/1294 (id=691132185).
2026-09-18 20:53:39,444 [INFO] Zapisano rekord 230/1294 (id=1092972803).
2026-09-18 20:53:45,018 [INFO] Zapisano rekord 230/1294 (id=1092972803).
2026-09-18 20:53:53,760 [INFO] Zapisano rekord 231/1294 (id=1056242242).
2026-09-18 20:53:59,366 [INFO] Zapisano rekord 231/1294 (id=1056242242).
2026-09-18 20:54:11,452 [INFO] Zapisano rekord 232/1294 (id=1099056659).
2026-09-18 20:54:17,218 [INFO] Zapisano rekord 232/1294 (id=1099056659).
2026-09-18 20:54:27,542 [INFO] Zapisano rekord 233/1294 (id=1096108367).
2026-09-18 20:54:33,447 [INFO] Zapisano rekord 233/1294 (id=1096108367).
2026-09-18 20:54:43,847 [INFO] Zapisano rekord 234/1294 (id=930077161).
2026-09-18 20:54:49,419 [INFO] Zapisano rekord 234/1294 (id=930077161).
2026-09-18 20:55:01,810 [INFO] Zapisano rekord 235/1294 (id=1034376645).
2026-09-18 20:55:07,700 [INFO] Zapisano rekord 235/1294 (id=1034376645).
2026-09-18 20:55:23,464 [INFO] Zapisano rekord 236/1294 (id=1076253880).
2026-09-18 20:55:29,796 [INFO] Zapisano rekord 236/1294 (id=1076253880).
2026-09-18 20:55:42,478 [INFO] Zapisano rekord 237/1294 (id=1099047990).
2026-09-18 20:55:48,736 [INFO] Zapisano rekord 237/1294 (id=1099047990).
2026-09-18 20:55:59,833 [INFO] Zapisano rekord 238/1294 (id=1085898273).
2026-09-18 20:56:05,843 [INFO] Zapisano rekord 238/1294 (id=1085898273).
2026-09-18 20:56:13,834 [INFO] Zapisano rekord 239/1294 (id=1098534766).
2026-09-18 20:56:19,734 [INFO] Zapisano rekord 239/1294 (id=1098534766).
2026-09-18 20:56:32,932 [INFO] Zapisano rekord 240/1294 (id=1099056917).
2026-09-18 20:56:39,459 [INFO] Zapisano rekord 240/1294 (id=1099056917).
2026-09-18 20:56:48,724 [INFO] Zapisano rekord 241/1294 (id=674401910).
2026-09-18 20:56:54,256 [INFO] Zapisano rekord 241/1294 (id=674401910).
2026-09-18 20:57:01,158 [INFO] Zapisano rekord 242/1294 (id=1083795132).
2026-09-18 20:57:06,789 [INFO] Zapisano rekord 242/1294 (id=1083795132).
2026-09-18 20:57:20,884 [INFO] Zapisano rekord 243/1294 (id=1025441105).
2026-09-18 20:57:27,070 [INFO] Zapisano rekord 243/1294 (id=1025441105).
2026-09-18 20:57:36,660 [INFO] Zapisano rekord 244/1294 (id=1085878331).
2026-09-18 20:57:41,906 [INFO] Zapisano rekord 244/1294 (id=1085878331).
2026-09-18 20:57:54,063 [INFO] Zapisano rekord 245/1294 (id=1085555128).
2026-09-18 20:58:00,186 [INFO] Zapisano rekord 245/1294 (id=1085555128).
2026-09-18 20:58:13,970 [INFO] Zapisano rekord 246/1294 (id=1080489938).
2026-09-18 20:58:20,070 [INFO] Zapisano rekord 246/1294 (id=1080489938).
2026-09-18 20:58:29,480 [INFO] Zapisano rekord 247/1294 (id=1098678070).
2026-09-18 20:58:36,050 [INFO] Zapisano rekord 247/1294 (id=1098678070).
2026-09-18 20:58:46,137 [INFO] Zapisano rekord 248/1294 (id=1097388861).
2026-09-18 20:58:51,737 [INFO] Zapisano rekord 248/1294 (id=1097388861).
2026-09-18 20:58:58,249 [INFO] Zapisano rekord 249/1294 (id=1097162215).
2026-09-18 20:59:03,978 [INFO] Zapisano rekord 249/1294 (id=1097162215).
2026-09-18 20:59:16,143 [INFO] Zapisano rekord 250/1294 (id=1090606456).
2026-09-18 20:59:22,064 [INFO] Zapisano rekord 250/1294 (id=1090606456).
2026-09-18 20:59:33,095 [INFO] Zapisano rekord 251/1294 (id=1099055598).
2026-09-18 20:59:38,929 [INFO] Zapisano rekord 251/1294 (id=1099055598).
2026-09-18 20:59:48,753 [INFO] Zapisano rekord 252/1294 (id=1085876067).
2026-09-18 20:59:54,257 [INFO] Zapisano rekord 252/1294 (id=1085876067).
2026-09-18 21:00:04,394 [INFO] Zapisano rekord 253/1294 (id=1086429866).
2026-09-18 21:00:09,938 [INFO] Zapisano rekord 253/1294 (id=1086429866).
2026-09-18 21:00:19,517 [INFO] Zapisano rekord 254/1294 (id=1097956538).
2026-09-18 21:00:25,645 [INFO] Zapisano rekord 254/1294 (id=1097956538).
2026-09-18 21:00:39,933 [INFO] Zapisano rekord 255/1294 (id=1097749669).
2026-09-18 21:00:45,241 [INFO] Zapisano rekord 255/1294 (id=1097749669).
2026-09-18 21:00:55,840 [INFO] Zapisano rekord 256/1294 (id=1077455499).
2026-09-18 21:01:02,435 [INFO] Zapisano rekord 256/1294 (id=1077455499).
2026-09-18 21:01:13,347 [INFO] Zapisano rekord 257/1294 (id=1098109618).
2026-09-18 21:01:18,919 [INFO] Zapisano rekord 257/1294 (id=1098109618).
2026-09-18 21:01:29,130 [INFO] Zapisano rekord 258/1294 (id=961114376).
2026-09-18 21:01:33,619 [INFO] Zapisano rekord 258/1294 (id=961114376).
2026-09-18 21:01:40,970 [INFO] Zapisano rekord 259/1294 (id=1098488374).
2026-09-18 21:01:45,566 [INFO] Zapisano rekord 259/1294 (id=1098488374).
2026-09-18 21:01:55,374 [INFO] Zapisano rekord 260/1294 (id=1078015668).
2026-09-18 21:02:00,166 [INFO] Zapisano rekord 260/1294 (id=1078015668).
2026-09-18 21:02:15,680 [INFO] Zapisano rekord 261/1294 (id=1091567967).
2026-09-18 21:02:20,683 [INFO] Zapisano rekord 261/1294 (id=1091567967).
2026-09-18 21:02:56,677 [WARNING] Niepoprawna odpowiedź modelu, próba 1/2... (czekam 10s)
2026-09-18 21:03:03,771 [INFO] Zapisano rekord 262/1294 (id=1095590862).
2026-09-18 21:03:13,492 [INFO] Zapisano rekord 263/1294 (id=1077021822).
2026-09-18 21:03:48,213 [WARNING] Niepoprawna odpowiedź modelu, próba 2/2... (czekam 20s)
2026-09-18 21:03:57,613 [INFO] Zapisano rekord 264/1294 (id=1092177315).
2026-09-18 21:04:13,473 [INFO] Zapisano rekord 265/1294 (id=1021313041).
2026-09-18 21:04:48,435 [ERROR] Nie udało się uzyskać poprawnej odpowiedzi dla ogłoszenia: 'Wynajmę duży pokój (16m2) - przy Dw. Centralnym / Varso - mieszkanie 2-pokojowe.'
2026-09-18 21:04:48,442 [INFO] Zapisano rekord 262/1294 (id=1095590862).
2026-09-18 21:04:57,934 [INFO] Zapisano rekord 266/1294 (id=1086435317).
2026-09-18 21:05:07,780 [INFO] Zapisano rekord 263/1294 (id=1077021822).
2026-09-18 21:05:18,930 [INFO] Zapisano rekord 267/1294 (id=1093116720).
2026-09-18 21:05:28,453 [INFO] Zapisano rekord 264/1294 (id=1092177315).
2026-09-18 21:05:37,930 [INFO] Zapisano rekord 268/1294 (id=1099043625).
2026-09-18 21:05:53,762 [INFO] Zapisano rekord 265/1294 (id=1021313041).
2026-09-18 21:06:03,147 [INFO] Zapisano rekord 269/1294 (id=1086426295).
2026-09-18 21:06:12,697 [INFO] Zapisano rekord 266/1294 (id=1086435317).
2026-09-18 21:06:24,403 [INFO] Zapisano rekord 270/1294 (id=1097693947).
2026-09-18 21:06:35,623 [INFO] Zapisano rekord 267/1294 (id=1093116720).
2026-09-18 21:06:45,366 [INFO] Zapisano rekord 271/1294 (id=1014748853).
2026-09-18 21:06:54,575 [INFO] Zapisano rekord 268/1294 (id=1099043625).
2026-09-18 21:07:04,405 [INFO] Zapisano rekord 272/1294 (id=1070427450).
2026-09-18 21:07:13,744 [INFO] Zapisano rekord 269/1294 (id=1086426295).
2026-09-18 21:07:23,078 [INFO] Zapisano rekord 273/1294 (id=1096952455).
2026-09-18 21:07:34,797 [INFO] Zapisano rekord 270/1294 (id=1097693947).
2026-09-18 21:07:44,086 [INFO] Zapisano rekord 274/1294 (id=1089742541).
2026-09-18 21:07:53,969 [INFO] Zapisano rekord 271/1294 (id=1014748853).
2026-09-18 21:08:02,814 [INFO] Zapisano rekord 275/1294 (id=665606427).
2026-09-18 21:08:12,583 [INFO] Zapisano rekord 272/1294 (id=1070427450).
2026-09-18 21:08:21,568 [INFO] Zapisano rekord 276/1294 (id=966911615).
2026-09-18 21:08:30,848 [INFO] Zapisano rekord 273/1294 (id=1096952455).
2026-09-18 21:08:38,499 [INFO] Zapisano rekord 277/1294 (id=1099045398).
2026-09-18 21:08:47,906 [INFO] Zapisano rekord 274/1294 (id=1089742541).
2026-09-18 21:08:54,582 [INFO] Zapisano rekord 278/1294 (id=1097400080).
2026-09-18 21:09:03,380 [INFO] Zapisano rekord 275/1294 (id=665606427).
2026-09-18 21:09:09,509 [INFO] Zapisano rekord 279/1294 (id=1080357704).
2026-09-18 21:09:18,624 [INFO] Zapisano rekord 276/1294 (id=966911615).
2026-09-18 21:09:32,564 [INFO] Zapisano rekord 280/1294 (id=1096974548).
2026-09-18 21:09:40,338 [INFO] Zapisano rekord 277/1294 (id=1099045398).
2026-09-18 21:09:47,731 [INFO] Zapisano rekord 281/1294 (id=1052123546).
2026-09-18 21:09:54,449 [INFO] Zapisano rekord 278/1294 (id=1097400080).
2026-09-18 21:10:04,807 [INFO] Zapisano rekord 282/1294 (id=1086438775).
2026-09-18 21:10:10,998 [INFO] Zapisano rekord 279/1294 (id=1080357704).
2026-09-18 21:10:19,271 [INFO] Zapisano rekord 283/1294 (id=1098958564).
2026-09-18 21:10:32,766 [INFO] Zapisano rekord 280/1294 (id=1096974548).
2026-09-18 21:10:51,445 [INFO] Zapisano rekord 284/1294 (id=1023389696).
2026-09-18 21:10:58,884 [INFO] Zapisano rekord 281/1294 (id=1052123546).
2026-09-18 21:11:12,529 [INFO] Zapisano rekord 285/1294 (id=1098225685).
2026-09-18 21:11:22,955 [INFO] Zapisano rekord 282/1294 (id=1086438775).
2026-09-18 21:11:34,653 [INFO] Zapisano rekord 286/1294 (id=1095193183).
2026-09-18 21:11:42,911 [INFO] Zapisano rekord 283/1294 (id=1098958564).
2026-09-18 21:11:52,311 [INFO] Zapisano rekord 287/1294 (id=1098590423).
2026-09-18 21:12:10,984 [INFO] Zapisano rekord 284/1294 (id=1023389696).
2026-09-18 21:12:19,288 [INFO] Zapisano rekord 288/1294 (id=1078783570).
2026-09-18 21:12:33,097 [INFO] Zapisano rekord 285/1294 (id=1098225685).
2026-09-18 21:12:49,688 [INFO] Zapisano rekord 289/1294 (id=1098233446).
2026-09-18 21:13:01,361 [INFO] Zapisano rekord 286/1294 (id=1095193183).
2026-09-18 21:13:11,381 [INFO] Zapisano rekord 290/1294 (id=1098951474).
2026-09-18 21:13:20,730 [INFO] Zapisano rekord 287/1294 (id=1098590423).
2026-09-18 21:13:26,149 [INFO] Zapisano rekord 291/1294 (id=1097076896).
2026-09-18 21:13:34,360 [INFO] Zapisano rekord 288/1294 (id=1078783570).
2026-09-18 21:13:49,876 [INFO] Zapisano rekord 292/1294 (id=1096633133).
2026-09-18 21:14:06,470 [INFO] Zapisano rekord 289/1294 (id=1098233446).
2026-09-18 21:14:12,553 [INFO] Zapisano rekord 293/1294 (id=1098987372).
2026-09-18 21:14:22,613 [INFO] Zapisano rekord 290/1294 (id=1098951474).
2026-09-18 21:14:30,324 [INFO] Zapisano rekord 294/1294 (id=1097778256).
2026-09-18 21:14:35,700 [INFO] Zapisano rekord 291/1294 (id=1097076896).
2026-09-18 21:14:45,537 [INFO] Zapisano rekord 295/1294 (id=1098674165).
2026-09-18 21:15:01,135 [INFO] Zapisano rekord 292/1294 (id=1096633133).
2026-09-18 21:15:11,515 [INFO] Zapisano rekord 296/1294 (id=1098591854).
2026-09-18 21:15:17,622 [INFO] Zapisano rekord 293/1294 (id=1098987372).
2026-09-18 21:15:30,418 [INFO] Zapisano rekord 297/1294 (id=1061987446).
2026-09-18 21:15:38,158 [INFO] Zapisano rekord 294/1294 (id=1097778256).
2026-09-18 21:15:46,348 [INFO] Zapisano rekord 298/1294 (id=1087947325).
2026-09-18 21:15:56,107 [INFO] Zapisano rekord 295/1294 (id=1098674165).
2026-09-18 21:16:04,841 [INFO] Zapisano rekord 299/1294 (id=1097601807).
2026-09-18 21:16:15,124 [INFO] Zapisano rekord 296/1294 (id=1098591854).
2026-09-18 21:16:24,971 [INFO] Zapisano rekord 300/1294 (id=1086440661).
2026-09-18 21:16:37,858 [INFO] Zapisano rekord 297/1294 (id=1061987446).
2026-09-18 21:16:46,845 [INFO] Zapisano rekord 301/1294 (id=1086433403).
2026-09-18 21:16:55,111 [INFO] Zapisano rekord 298/1294 (id=1087947325).
2026-09-18 21:17:08,361 [INFO] Zapisano rekord 302/1294 (id=1097408059).
2026-09-18 21:17:17,526 [INFO] Zapisano rekord 299/1294 (id=1097601807).
2026-09-18 21:17:28,739 [INFO] Zapisano rekord 303/1294 (id=1098692719).
2026-09-18 21:17:38,530 [INFO] Zapisano rekord 300/1294 (id=1086440661).
2026-09-18 21:17:47,558 [INFO] Zapisano rekord 304/1294 (id=1098434483).
2026-09-18 21:17:56,625 [INFO] Zapisano rekord 301/1294 (id=1086433403).
2026-09-18 21:18:07,969 [INFO] Zapisano rekord 305/1294 (id=1082231342).
2026-09-18 21:18:20,993 [INFO] Zapisano rekord 302/1294 (id=1097408059).
2026-09-18 21:18:31,946 [INFO] Zapisano rekord 306/1294 (id=1098422520).
2026-09-18 21:18:43,191 [INFO] Zapisano rekord 303/1294 (id=1098692719).
2026-09-18 21:18:52,385 [INFO] Zapisano rekord 307/1294 (id=1097984934).
2026-09-18 21:19:01,492 [INFO] Zapisano rekord 304/1294 (id=1098434483).
2026-09-18 21:19:09,417 [INFO] Zapisano rekord 308/1294 (id=1098934607).
2026-09-18 21:19:20,780 [INFO] Zapisano rekord 305/1294 (id=1082231342).
2026-09-18 21:19:31,601 [INFO] Zapisano rekord 309/1294 (id=1098880400).
2026-09-18 21:19:42,494 [INFO] Zapisano rekord 306/1294 (id=1098422520).
2026-09-18 21:19:52,193 [INFO] Zapisano rekord 310/1294 (id=1014748853).
2026-09-18 21:20:01,463 [INFO] Zapisano rekord 307/1294 (id=1097984934).
2026-09-18 21:20:11,249 [INFO] Zapisano rekord 311/1294 (id=1070427450).
2026-09-18 21:20:19,198 [INFO] Zapisano rekord 308/1294 (id=1098934607).
2026-09-18 21:20:28,502 [INFO] Zapisano rekord 312/1294 (id=1096952455).
2026-09-18 21:20:39,281 [INFO] Zapisano rekord 309/1294 (id=1098880400).
2026-09-18 21:20:57,384 [INFO] Zapisano rekord 313/1294 (id=1097771519).
2026-09-18 21:21:07,132 [INFO] Zapisano rekord 310/1294 (id=1014748853).
2026-09-18 21:21:13,900 [INFO] Zapisano rekord 314/1294 (id=1097005927).
2026-09-18 21:21:23,659 [INFO] Zapisano rekord 311/1294 (id=1070427450).
2026-09-18 21:21:36,648 [INFO] Zapisano rekord 315/1294 (id=1098682157).
2026-09-18 21:21:46,092 [INFO] Zapisano rekord 312/1294 (id=1096952455).
2026-09-18 21:22:09,201 [INFO] Zapisano rekord 316/1294 (id=1096641430).
2026-09-18 21:22:28,672 [INFO] Zapisano rekord 313/1294 (id=1097771519).
2026-09-18 21:22:34,621 [INFO] Zapisano rekord 317/1294 (id=1097376404).
2026-09-18 21:22:41,282 [INFO] Zapisano rekord 314/1294 (id=1097005927).
2026-09-18 21:22:49,103 [INFO] Zapisano rekord 318/1294 (id=1092044885).
2026-09-18 21:23:01,988 [INFO] Zapisano rekord 315/1294 (id=1098682157).
2026-09-18 21:23:11,998 [INFO] Zapisano rekord 319/1294 (id=1098190477).
2026-09-18 21:23:34,976 [INFO] Zapisano rekord 316/1294 (id=1096641430).
2026-09-18 21:23:43,812 [INFO] Zapisano rekord 320/1294 (id=1097766495).
2026-09-18 21:23:49,750 [INFO] Zapisano rekord 317/1294 (id=1097376404).
2026-09-18 21:23:59,702 [INFO] Zapisano rekord 321/1294 (id=1098238232).
2026-09-18 21:24:07,466 [INFO] Zapisano rekord 318/1294 (id=1092044885).
2026-09-18 21:24:13,677 [INFO] Zapisano rekord 322/1294 (id=1099054661).
2026-09-18 21:24:23,986 [INFO] Zapisano rekord 319/1294 (id=1098190477).
2026-09-18 21:24:42,589 [INFO] Zapisano rekord 323/1294 (id=1023389696).
2026-09-18 21:24:51,571 [INFO] Zapisano rekord 320/1294 (id=1097766495).
2026-09-18 21:25:03,196 [INFO] Zapisano rekord 324/1294 (id=1095193183).
2026-09-18 21:25:13,183 [INFO] Zapisano rekord 321/1294 (id=1098238232).
2026-09-18 21:25:25,268 [INFO] Zapisano rekord 325/1294 (id=1093095464).
2026-09-18 21:25:31,531 [INFO] Zapisano rekord 322/1294 (id=1099054661).
2026-09-18 21:25:49,940 [INFO] Zapisano rekord 326/1294 (id=1097411190).
2026-09-18 21:26:08,495 [INFO] Zapisano rekord 323/1294 (id=1023389696).
2026-09-18 21:26:20,507 [INFO] Zapisano rekord 327/1294 (id=1083953221).
2026-09-18 21:26:32,116 [INFO] Zapisano rekord 324/1294 (id=1095193183).
2026-09-18 21:26:45,453 [INFO] Zapisano rekord 328/1294 (id=1092123551).
2026-09-18 21:26:57,501 [INFO] Zapisano rekord 325/1294 (id=1093095464).
2026-09-18 21:27:03,904 [INFO] Zapisano rekord 329/1294 (id=1098658200).
2026-09-18 21:27:22,321 [INFO] Zapisano rekord 326/1294 (id=1097411190).
2026-09-18 21:27:32,847 [INFO] Zapisano rekord 330/1294 (id=1097501817).
2026-09-18 21:27:44,797 [INFO] Zapisano rekord 327/1294 (id=1083953221).
2026-09-18 21:27:56,442 [INFO] Zapisano rekord 331/1294 (id=1093105295).
2026-09-18 21:28:09,914 [INFO] Zapisano rekord 328/1294 (id=1092123551).
2026-09-18 21:28:18,469 [INFO] Zapisano rekord 332/1294 (id=1097543281).
2026-09-18 21:28:24,840 [INFO] Zapisano rekord 329/1294 (id=1098658200).
2026-09-18 21:28:30,022 [INFO] Zapisano rekord 333/1294 (id=1098517628).
2026-09-18 21:28:40,638 [INFO] Zapisano rekord 330/1294 (id=1097501817).
2026-09-18 21:28:52,271 [INFO] Zapisano rekord 334/1294 (id=1047995188).
2026-09-18 21:29:03,983 [INFO] Zapisano rekord 331/1294 (id=1093105295).
2026-09-18 21:29:19,752 [INFO] Zapisano rekord 335/1294 (id=1097537365).
2026-09-18 21:29:28,284 [INFO] Zapisano rekord 332/1294 (id=1097543281).
2026-09-18 21:29:41,165 [INFO] Zapisano rekord 336/1294 (id=1061987446).
2026-09-18 21:29:46,480 [INFO] Zapisano rekord 333/1294 (id=1098517628).
2026-09-18 21:29:55,467 [INFO] Zapisano rekord 337/1294 (id=1096291496).
2026-09-18 21:30:07,124 [INFO] Zapisano rekord 334/1294 (id=1047995188).
2026-09-18 21:30:15,343 [INFO] Zapisano rekord 338/1294 (id=1087947325).
2026-09-18 21:30:30,928 [INFO] Zapisano rekord 335/1294 (id=1097537365).
2026-09-18 21:30:37,363 [INFO] Zapisano rekord 339/1294 (id=1098849720).
2026-09-18 21:30:50,130 [INFO] Zapisano rekord 336/1294 (id=1061987446).
2026-09-18 21:31:01,907 [INFO] Zapisano rekord 340/1294 (id=1098391090).
2026-09-18 21:31:10,856 [INFO] Zapisano rekord 337/1294 (id=1096291496).
2026-09-18 21:31:18,161 [INFO] Zapisano rekord 341/1294 (id=1084438916).
2026-09-18 21:31:26,394 [INFO] Zapisano rekord 338/1294 (id=1087947325).
2026-09-18 21:31:36,383 [INFO] Zapisano rekord 342/1294 (id=1055117141).
2026-09-18 21:31:42,811 [INFO] Zapisano rekord 339/1294 (id=1098849720).
2026-09-18 21:31:58,558 [INFO] Zapisano rekord 343/1294 (id=1094546030).
2026-09-18 21:32:10,406 [INFO] Zapisano rekord 340/1294 (id=1098391090).
2026-09-18 21:32:22,439 [INFO] Zapisano rekord 344/1294 (id=1031075984).
2026-09-18 21:32:29,719 [INFO] Zapisano rekord 341/1294 (id=1084438916).
2026-09-18 21:32:35,658 [INFO] Zapisano rekord 345/1294 (id=1097154008).
2026-09-18 21:32:45,562 [INFO] Zapisano rekord 342/1294 (id=1055117141).
2026-09-18 21:32:53,837 [INFO] Zapisano rekord 346/1294 (id=1098629475).
2026-09-18 21:33:09,592 [INFO] Zapisano rekord 343/1294 (id=1094546030).
2026-09-18 21:33:24,706 [INFO] Zapisano rekord 347/1294 (id=1095099372).
2026-09-18 21:33:36,797 [INFO] Zapisano rekord 344/1294 (id=1031075984).
2026-09-18 21:33:48,304 [INFO] Zapisano rekord 348/1294 (id=1082209596).
2026-09-18 21:33:54,241 [INFO] Zapisano rekord 345/1294 (id=1097154008).
2026-09-18 21:34:02,930 [INFO] Zapisano rekord 349/1294 (id=1097601807).
2026-09-18 21:34:11,327 [INFO] Zapisano rekord 346/1294 (id=1098629475).
2026-09-18 21:34:20,070 [INFO] Zapisano rekord 350/1294 (id=1085326473).
2026-09-18 21:34:35,575 [INFO] Zapisano rekord 347/1294 (id=1095099372).
2026-09-18 21:34:49,073 [INFO] Zapisano rekord 351/1294 (id=1096982797).
2026-09-18 21:35:00,652 [INFO] Zapisano rekord 348/1294 (id=1082209596).
2026-09-18 21:35:06,727 [INFO] Zapisano rekord 352/1294 (id=948567197).
2026-09-18 21:35:15,580 [INFO] Zapisano rekord 349/1294 (id=1097601807).
2026-09-18 21:35:23,482 [INFO] Zapisano rekord 353/1294 (id=1098991663).
2026-09-18 21:35:30,945 [INFO] Zapisano rekord 350/1294 (id=1085326473).
2026-09-18 21:35:44,338 [INFO] Zapisano rekord 354/1294 (id=1096999122).
2026-09-18 21:35:57,823 [INFO] Zapisano rekord 351/1294 (id=1096982797).
2026-09-18 21:36:05,596 [INFO] Zapisano rekord 355/1294 (id=1099054444).
2026-09-18 21:36:11,833 [INFO] Zapisano rekord 352/1294 (id=948567197).
2026-09-18 21:36:19,816 [INFO] Zapisano rekord 356/1294 (id=1098593111).
2026-09-18 21:36:27,685 [INFO] Zapisano rekord 353/1294 (id=1098991663).
2026-09-18 21:36:42,297 [INFO] Zapisano rekord 357/1294 (id=1097947302).
2026-09-18 21:36:55,677 [INFO] Zapisano rekord 354/1294 (id=1096999122).
2026-09-18 21:37:12,224 [INFO] Zapisano rekord 358/1294 (id=1097407839).
2026-09-18 21:37:19,933 [INFO] Zapisano rekord 355/1294 (id=1099054444).
2026-09-18 21:37:29,306 [INFO] Zapisano rekord 359/1294 (id=1095110413).
2026-09-18 21:37:37,230 [INFO] Zapisano rekord 356/1294 (id=1098593111).
2026-09-18 21:37:46,020 [INFO] Zapisano rekord 360/1294 (id=1098228909).
2026-09-18 21:38:00,777 [INFO] Zapisano rekord 357/1294 (id=1097947302).
2026-09-18 21:38:11,153 [INFO] Zapisano rekord 361/1294 (id=1094035825).
2026-09-18 21:38:27,725 [INFO] Zapisano rekord 358/1294 (id=1097407839).
2026-09-18 21:38:34,007 [INFO] Zapisano rekord 362/1294 (id=1029349834).
2026-09-18 21:38:43,376 [INFO] Zapisano rekord 359/1294 (id=1095110413).
2026-09-18 21:38:51,751 [INFO] Zapisano rekord 363/1294 (id=610371519).
2026-09-18 21:39:00,565 [INFO] Zapisano rekord 360/1294 (id=1098228909).
2026-09-18 21:39:09,192 [INFO] Zapisano rekord 364/1294 (id=1097799384).
2026-09-18 21:39:19,649 [INFO] Zapisano rekord 361/1294 (id=1094035825).
2026-09-18 21:39:29,848 [INFO] Zapisano rekord 365/1294 (id=1096862775).
2026-09-18 21:39:36,567 [INFO] Zapisano rekord 362/1294 (id=1029349834).
2026-09-18 21:39:41,808 [INFO] Zapisano rekord 366/1294 (id=1084254406).
2026-09-18 21:39:50,088 [INFO] Zapisano rekord 363/1294 (id=610371519).
2026-09-18 21:39:57,422 [INFO] Zapisano rekord 367/1294 (id=1099035639).
2026-09-18 21:40:06,062 [INFO] Zapisano rekord 364/1294 (id=1097799384).
2026-09-18 21:40:15,902 [INFO] Zapisano rekord 368/1294 (id=1088981730).
2026-09-18 21:40:25,652 [INFO] Zapisano rekord 365/1294 (id=1096862775).
2026-09-18 21:40:34,874 [INFO] Zapisano rekord 369/1294 (id=1098783854).
2026-09-18 21:40:40,023 [INFO] Zapisano rekord 366/1294 (id=1084254406).
2026-09-18 21:40:49,924 [INFO] Zapisano rekord 370/1294 (id=1098324988).
2026-09-18 21:40:57,267 [INFO] Zapisano rekord 367/1294 (id=1099035639).
2026-09-18 21:41:05,609 [INFO] Zapisano rekord 371/1294 (id=1098655114).
2026-09-18 21:41:15,769 [INFO] Zapisano rekord 368/1294 (id=1088981730).
2026-09-18 21:41:21,412 [INFO] Zapisano rekord 372/1294 (id=1097165713).
2026-09-18 21:41:30,682 [INFO] Zapisano rekord 369/1294 (id=1098783854).
2026-09-18 21:41:42,038 [INFO] Zapisano rekord 373/1294 (id=1093117047).
2026-09-18 21:41:51,926 [INFO] Zapisano rekord 370/1294 (id=1098324988).
2026-09-18 21:41:58,306 [INFO] Zapisano rekord 374/1294 (id=1099040905).
2026-09-18 21:42:06,661 [INFO] Zapisano rekord 371/1294 (id=1098655114).
2026-09-18 21:42:23,014 [INFO] Zapisano rekord 375/1294 (id=1099011388).
2026-09-18 21:42:28,658 [INFO] Zapisano rekord 372/1294 (id=1097165713).
2026-09-18 21:42:37,863 [INFO] Zapisano rekord 376/1294 (id=930122493).
2026-09-18 21:42:49,233 [INFO] Zapisano rekord 373/1294 (id=1093117047).
2026-09-18 21:43:08,332 [INFO] Zapisano rekord 377/1294 (id=1093155393).
2026-09-18 21:43:14,672 [INFO] Zapisano rekord 374/1294 (id=1099040905).
2026-09-18 21:43:55,374 [INFO] Zapisano rekord 378/1294 (id=1097400967).
2026-09-18 21:44:11,995 [INFO] Zapisano rekord 375/1294 (id=1099011388).
2026-09-18 21:44:20,195 [INFO] Zapisano rekord 379/1294 (id=1075723781).
2026-09-18 21:44:29,617 [INFO] Zapisano rekord 376/1294 (id=930122493).
2026-09-18 21:44:40,149 [INFO] Zapisano rekord 380/1294 (id=1098429949).
2026-09-18 21:44:59,122 [INFO] Zapisano rekord 377/1294 (id=1093155393).
2026-09-18 21:45:09,811 [INFO] Zapisano rekord 381/1294 (id=1097037175).
2026-09-18 21:45:50,531 [INFO] Zapisano rekord 378/1294 (id=1097400967).
2026-09-18 21:45:59,650 [INFO] Zapisano rekord 382/1294 (id=1098591956).
2026-09-18 21:46:07,858 [INFO] Zapisano rekord 379/1294 (id=1075723781).
2026-09-18 21:46:14,948 [INFO] Zapisano rekord 383/1294 (id=1098030396).
2026-09-18 21:46:25,538 [INFO] Zapisano rekord 380/1294 (id=1098429949).
2026-09-18 21:46:37,642 [INFO] Zapisano rekord 384/1294 (id=1096470730).
2026-09-18 21:46:48,336 [INFO] Zapisano rekord 381/1294 (id=1097037175).
2026-09-18 21:46:56,752 [INFO] Zapisano rekord 385/1294 (id=1097979179).
2026-09-18 21:47:05,861 [INFO] Zapisano rekord 382/1294 (id=1098591956).
2026-09-18 21:47:17,967 [INFO] Zapisano rekord 386/1294 (id=1096820260).
2026-09-18 21:47:25,017 [INFO] Zapisano rekord 383/1294 (id=1098030396).
2026-09-18 21:47:30,719 [INFO] Zapisano rekord 387/1294 (id=1098558696).
2026-09-18 21:47:42,830 [INFO] Zapisano rekord 384/1294 (id=1096470730).
2026-09-18 21:47:58,413 [INFO] Zapisano rekord 388/1294 (id=1091298855).
2026-09-18 21:48:06,852 [INFO] Zapisano rekord 385/1294 (id=1097979179).
2026-09-18 21:48:13,874 [INFO] Zapisano rekord 389/1294 (id=1083666405).
2026-09-18 21:48:26,010 [INFO] Zapisano rekord 386/1294 (id=1096820260).
2026-09-18 21:48:41,819 [INFO] Zapisano rekord 390/1294 (id=1094546030).
2026-09-18 21:48:47,509 [INFO] Zapisano rekord 387/1294 (id=1098558696).
2026-09-18 21:48:55,454 [INFO] Zapisano rekord 391/1294 (id=1098230005).
2026-09-18 21:49:11,112 [INFO] Zapisano rekord 388/1294 (id=1091298855).
2026-09-18 21:49:21,749 [INFO] Zapisano rekord 392/1294 (id=1096409136).
2026-09-18 21:49:29,391 [INFO] Zapisano rekord 389/1294 (id=1083666405).
2026-09-18 21:49:42,937 [INFO] Zapisano rekord 393/1294 (id=1090367183).
2026-09-18 21:49:58,753 [INFO] Zapisano rekord 390/1294 (id=1094546030).
2026-09-18 21:50:09,512 [INFO] Zapisano rekord 394/1294 (id=1035153469).
2026-09-18 21:50:17,521 [INFO] Zapisano rekord 391/1294 (id=1098230005).
2026-09-18 21:50:25,250 [INFO] Zapisano rekord 395/1294 (id=1096957938).
2026-09-18 21:50:35,969 [INFO] Zapisano rekord 392/1294 (id=1096409136).
2026-09-18 21:50:45,154 [INFO] Zapisano rekord 396/1294 (id=1098854577).
2026-09-18 21:50:58,707 [INFO] Zapisano rekord 393/1294 (id=1090367183).
2026-09-18 21:51:05,947 [INFO] Zapisano rekord 397/1294 (id=1096945069).
2026-09-18 21:51:16,736 [INFO] Zapisano rekord 394/1294 (id=1035153469).
2026-09-18 21:51:23,456 [INFO] Zapisano rekord 398/1294 (id=1098947342).
2026-09-18 21:51:31,213 [INFO] Zapisano rekord 395/1294 (id=1096957938).
2026-09-18 21:51:37,589 [INFO] Zapisano rekord 399/1294 (id=1096114989).
2026-09-18 21:51:46,692 [INFO] Zapisano rekord 396/1294 (id=1098854577).
2026-09-18 21:51:56,947 [INFO] Zapisano rekord 400/1294 (id=1097422260).
2026-09-18 21:52:04,345 [INFO] Zapisano rekord 397/1294 (id=1096945069).
2026-09-18 21:52:10,826 [INFO] Zapisano rekord 401/1294 (id=1096114989).
2026-09-18 21:52:17,607 [INFO] Zapisano rekord 398/1294 (id=1098947342).
2026-09-18 21:52:32,002 [INFO] Zapisano rekord 402/1294 (id=1095130045).
2026-09-18 21:52:38,377 [INFO] Zapisano rekord 399/1294 (id=1096114989).
2026-09-18 21:52:48,035 [INFO] Zapisano rekord 403/1294 (id=1069421472).
2026-09-18 21:52:58,334 [INFO] Zapisano rekord 400/1294 (id=1097422260).
2026-09-18 21:53:09,698 [INFO] Zapisano rekord 404/1294 (id=1098432577).
2026-09-18 21:53:16,109 [INFO] Zapisano rekord 401/1294 (id=1096114989).
2026-09-18 21:53:28,284 [INFO] Zapisano rekord 405/1294 (id=1094721475).
2026-09-18 21:53:42,654 [INFO] Zapisano rekord 402/1294 (id=1095130045).
2026-09-18 21:53:55,813 [INFO] Zapisano rekord 406/1294 (id=1097411131).
2026-09-18 21:54:05,525 [INFO] Zapisano rekord 403/1294 (id=1069421472).
2026-09-18 21:54:14,372 [INFO] Zapisano rekord 407/1294 (id=1097951203).
2026-09-18 21:54:25,723 [INFO] Zapisano rekord 404/1294 (id=1098432577).
2026-09-18 21:54:35,231 [INFO] Zapisano rekord 408/1294 (id=1096953107).
2026-09-18 21:54:47,457 [INFO] Zapisano rekord 405/1294 (id=1094721475).
2026-09-18 21:54:59,809 [INFO] Zapisano rekord 409/1294 (id=1097770970).
2026-09-18 21:55:13,025 [INFO] Zapisano rekord 406/1294 (id=1097411131).
2026-09-18 21:55:23,622 [INFO] Zapisano rekord 410/1294 (id=1097938137).
2026-09-18 21:55:32,548 [INFO] Zapisano rekord 407/1294 (id=1097951203).
2026-09-18 21:55:42,388 [INFO] Zapisano rekord 411/1294 (id=1096828428).
2026-09-18 21:55:51,979 [INFO] Zapisano rekord 408/1294 (id=1096953107).
2026-09-18 21:56:00,561 [INFO] Zapisano rekord 412/1294 (id=1095703921).
2026-09-18 21:56:12,754 [INFO] Zapisano rekord 409/1294 (id=1097770970).
2026-09-18 21:56:19,421 [INFO] Zapisano rekord 413/1294 (id=683149252).
2026-09-18 21:56:29,963 [INFO] Zapisano rekord 410/1294 (id=1097938137).
2026-09-18 21:56:36,793 [INFO] Zapisano rekord 414/1294 (id=1097547738).
2026-09-18 21:56:46,625 [INFO] Zapisano rekord 411/1294 (id=1096828428).
2026-09-18 21:56:59,679 [INFO] Zapisano rekord 415/1294 (id=1096920419).
2026-09-18 21:57:08,304 [INFO] Zapisano rekord 412/1294 (id=1095703921).
2026-09-18 21:57:21,882 [INFO] Zapisano rekord 416/1294 (id=1093507728).
2026-09-18 21:57:28,504 [INFO] Zapisano rekord 413/1294 (id=683149252).
2026-09-18 21:57:35,100 [INFO] Zapisano rekord 417/1294 (id=1067815479).
2026-09-18 21:57:41,880 [INFO] Zapisano rekord 414/1294 (id=1097547738).
2026-09-18 21:57:51,810 [INFO] Zapisano rekord 418/1294 (id=1097757486).
2026-09-18 21:58:04,894 [INFO] Zapisano rekord 415/1294 (id=1096920419).
2026-09-18 21:58:14,081 [INFO] Zapisano rekord 419/1294 (id=1098104949).
2026-09-18 21:58:27,714 [INFO] Zapisano rekord 416/1294 (id=1093507728).
2026-09-18 21:58:35,402 [INFO] Zapisano rekord 420/1294 (id=1097147918).
2026-09-18 21:58:42,036 [INFO] Zapisano rekord 417/1294 (id=1067815479).
2026-09-18 21:58:52,521 [INFO] Zapisano rekord 421/1294 (id=1095373608).
2026-09-18 21:59:02,447 [INFO] Zapisano rekord 418/1294 (id=1097757486).
2026-09-18 21:59:17,442 [INFO] Zapisano rekord 422/1294 (id=1095575948).
2026-09-18 21:59:26,757 [INFO] Zapisano rekord 419/1294 (id=1098104949).
2026-09-18 21:59:40,406 [INFO] Zapisano rekord 423/1294 (id=1098239821).
2026-09-18 21:59:48,028 [INFO] Zapisano rekord 420/1294 (id=1097147918).
2026-09-18 22:00:02,696 [INFO] Zapisano rekord 424/1294 (id=1098708032).
2026-09-18 22:00:13,102 [INFO] Zapisano rekord 421/1294 (id=1095373608).
2026-09-18 22:00:21,690 [INFO] Zapisano rekord 425/1294 (id=1056275890).
2026-09-18 22:00:36,721 [INFO] Zapisano rekord 422/1294 (id=1095575948).
2026-09-18 22:00:52,352 [INFO] Zapisano rekord 426/1294 (id=1093820117).
2026-09-18 22:01:05,890 [INFO] Zapisano rekord 423/1294 (id=1098239821).
2026-09-18 22:01:15,053 [INFO] Zapisano rekord 427/1294 (id=1098682529).
2026-09-18 22:01:29,724 [INFO] Zapisano rekord 424/1294 (id=1098708032).
2026-09-18 22:01:42,063 [INFO] Zapisano rekord 428/1294 (id=1088802277).
2026-09-18 22:01:50,695 [INFO] Zapisano rekord 425/1294 (id=1056275890).
2026-09-18 22:02:01,136 [INFO] Zapisano rekord 429/1294 (id=1096584407).
2026-09-18 22:02:16,745 [INFO] Zapisano rekord 426/1294 (id=1093820117).
2026-09-18 22:02:38,359 [INFO] Zapisano rekord 430/1294 (id=1096702428).
2026-09-18 22:02:47,573 [INFO] Zapisano rekord 427/1294 (id=1098682529).
2026-09-18 22:02:59,774 [INFO] Zapisano rekord 431/1294 (id=1097276725).
2026-09-18 22:03:12,098 [INFO] Zapisano rekord 428/1294 (id=1088802277).
2026-09-18 22:03:20,771 [INFO] Zapisano rekord 432/1294 (id=1098902895).
2026-09-18 22:03:31,289 [INFO] Zapisano rekord 429/1294 (id=1096584407).
2026-09-18 22:03:38,741 [INFO] Zapisano rekord 433/1294 (id=1091582780).
2026-09-18 22:04:00,209 [INFO] Zapisano rekord 430/1294 (id=1096702428).
2026-09-18 22:04:09,572 [INFO] Zapisano rekord 434/1294 (id=1098358696).
2026-09-18 22:04:21,729 [INFO] Zapisano rekord 431/1294 (id=1097276725).
2026-09-18 22:04:31,311 [INFO] Zapisano rekord 435/1294 (id=1098486510).
2026-09-18 22:04:39,919 [INFO] Zapisano rekord 432/1294 (id=1098902895).
2026-09-18 22:04:51,592 [INFO] Zapisano rekord 436/1294 (id=1073854154).
2026-09-18 22:04:58,982 [INFO] Zapisano rekord 433/1294 (id=1091582780).
2026-09-18 22:05:06,004 [INFO] Zapisano rekord 437/1294 (id=1095630801).
2026-09-18 22:05:15,301 [INFO] Zapisano rekord 434/1294 (id=1098358696).
2026-09-18 22:05:24,092 [INFO] Zapisano rekord 438/1294 (id=1059875280).
2026-09-18 22:05:33,732 [INFO] Zapisano rekord 435/1294 (id=1098486510).
2026-09-18 22:05:41,191 [INFO] Zapisano rekord 439/1294 (id=1097132431).
2026-09-18 22:05:52,826 [INFO] Zapisano rekord 436/1294 (id=1073854154).
2026-09-18 22:06:05,679 [INFO] Zapisano rekord 440/1294 (id=1097388004).
2026-09-18 22:06:12,636 [INFO] Zapisano rekord 437/1294 (id=1095630801).
2026-09-18 22:06:23,008 [INFO] Zapisano rekord 441/1294 (id=1086438775).
2026-09-18 22:06:31,746 [INFO] Zapisano rekord 438/1294 (id=1059875280).
2026-09-18 22:06:52,404 [INFO] Zapisano rekord 442/1294 (id=1093156390).
2026-09-18 22:06:59,861 [INFO] Zapisano rekord 439/1294 (id=1097132431).
2026-09-18 22:07:08,466 [INFO] Zapisano rekord 443/1294 (id=1098578000).
2026-09-18 22:07:21,317 [INFO] Zapisano rekord 440/1294 (id=1097388004).
2026-09-18 22:07:31,974 [INFO] Zapisano rekord 444/1294 (id=1098655765).
2026-09-18 22:07:42,409 [INFO] Zapisano rekord 441/1294 (id=1086438775).
2026-09-18 22:07:52,377 [INFO] Zapisano rekord 445/1294 (id=1098790895).
2026-09-18 22:08:13,096 [INFO] Zapisano rekord 442/1294 (id=1093156390).
2026-09-18 22:08:24,279 [INFO] Zapisano rekord 446/1294 (id=1093384925).
2026-09-18 22:08:32,875 [INFO] Zapisano rekord 443/1294 (id=1098578000).
2026-09-18 22:08:37,464 [INFO] Zapisano rekord 447/1294 (id=1098758377).
2026-09-18 22:08:48,162 [INFO] Zapisano rekord 444/1294 (id=1098655765).
2026-09-18 22:08:55,092 [INFO] Zapisano rekord 448/1294 (id=1099035275).
2026-09-18 22:09:04,988 [INFO] Zapisano rekord 445/1294 (id=1098790895).
2026-09-18 22:09:10,953 [INFO] Zapisano rekord 449/1294 (id=1098606445).
2026-09-18 22:09:22,134 [INFO] Zapisano rekord 446/1294 (id=1093384925).
2026-09-18 22:09:36,226 [INFO] Zapisano rekord 450/1294 (id=1093100172).
2026-09-18 22:09:40,850 [INFO] Zapisano rekord 447/1294 (id=1098758377).
2026-09-18 22:09:57,564 [INFO] Zapisano rekord 451/1294 (id=1098682227).
2026-09-18 22:10:04,462 [INFO] Zapisano rekord 448/1294 (id=1099035275).
2026-09-18 22:10:13,179 [INFO] Zapisano rekord 452/1294 (id=1098562385).
2026-09-18 22:10:19,082 [INFO] Zapisano rekord 449/1294 (id=1098606445).
2026-09-18 22:10:27,159 [INFO] Zapisano rekord 453/1294 (id=1093729304).
2026-09-18 22:10:41,303 [INFO] Zapisano rekord 450/1294 (id=1093100172).
2026-09-18 22:10:48,818 [INFO] Zapisano rekord 454/1294 (id=1097132431).
2026-09-18 22:11:05,678 [INFO] Zapisano rekord 451/1294 (id=1098682227).
2026-09-18 22:11:16,985 [INFO] Zapisano rekord 455/1294 (id=1094554923).
2026-09-18 22:11:25,745 [INFO] Zapisano rekord 452/1294 (id=1098562385).
2026-09-18 22:11:36,590 [INFO] Zapisano rekord 456/1294 (id=1096931558).
2026-09-18 22:11:44,655 [INFO] Zapisano rekord 453/1294 (id=1093729304).
2026-09-18 22:11:58,512 [INFO] Zapisano rekord 457/1294 (id=1093675635).
2026-09-18 22:12:05,985 [INFO] Zapisano rekord 454/1294 (id=1097132431).
2026-09-18 22:12:14,738 [INFO] Zapisano rekord 458/1294 (id=1097786988).
2026-09-18 22:12:26,111 [INFO] Zapisano rekord 455/1294 (id=1094554923).
2026-09-18 22:12:33,845 [INFO] Zapisano rekord 459/1294 (id=1093722361).
2026-09-18 22:12:44,781 [INFO] Zapisano rekord 456/1294 (id=1096931558).
2026-09-18 22:12:55,831 [INFO] Zapisano rekord 460/1294 (id=1098608503).
2026-09-18 22:13:09,692 [INFO] Zapisano rekord 457/1294 (id=1093675635).
2026-09-18 22:13:23,131 [INFO] Zapisano rekord 461/1294 (id=1095873674).
2026-09-18 22:13:31,822 [INFO] Zapisano rekord 458/1294 (id=1097786988).
2026-09-18 22:13:40,860 [INFO] Zapisano rekord 462/1294 (id=1095922475).
2026-09-18 22:13:48,600 [INFO] Zapisano rekord 459/1294 (id=1093722361).
2026-09-18 22:14:00,139 [INFO] Zapisano rekord 463/1294 (id=1096698402).
2026-09-18 22:14:11,211 [INFO] Zapisano rekord 460/1294 (id=1098608503).
2026-09-18 22:14:24,035 [INFO] Zapisano rekord 464/1294 (id=1094721477).
2026-09-18 22:14:37,483 [INFO] Zapisano rekord 461/1294 (id=1095873674).
2026-09-18 22:14:49,678 [INFO] Zapisano rekord 465/1294 (id=1091010874).
2026-09-18 22:14:58,752 [INFO] Zapisano rekord 462/1294 (id=1095922475).
2026-09-18 22:15:10,034 [INFO] Zapisano rekord 466/1294 (id=1097550848).
2026-09-18 22:15:21,521 [INFO] Zapisano rekord 463/1294 (id=1096698402).
2026-09-18 22:15:30,331 [INFO] Zapisano rekord 467/1294 (id=1086806901).
2026-09-18 22:15:43,961 [INFO] Zapisano rekord 464/1294 (id=1094721477).
2026-09-18 22:15:52,638 [INFO] Zapisano rekord 468/1294 (id=680744694).
2026-09-18 22:16:05,036 [INFO] Zapisano rekord 465/1294 (id=1091010874).
2026-09-18 22:16:11,138 [INFO] Zapisano rekord 469/1294 (id=1098699931).
2026-09-18 22:16:23,409 [INFO] Zapisano rekord 466/1294 (id=1097550848).
2026-09-18 22:16:33,737 [INFO] Zapisano rekord 470/1294 (id=1097288673).
2026-09-18 22:16:43,050 [INFO] Zapisano rekord 467/1294 (id=1086806901).
2026-09-18 22:17:04,485 [INFO] Zapisano rekord 471/1294 (id=1095427354).
2026-09-18 22:17:13,249 [INFO] Zapisano rekord 468/1294 (id=680744694).
2026-09-18 22:17:26,340 [INFO] Zapisano rekord 472/1294 (id=1095373643).
2026-09-18 22:17:32,110 [INFO] Zapisano rekord 469/1294 (id=1098699931).
2026-09-18 22:17:44,821 [INFO] Zapisano rekord 473/1294 (id=1080440288).
2026-09-18 22:17:54,053 [INFO] Zapisano rekord 470/1294 (id=1097288673).
2026-09-18 22:18:03,262 [INFO] Zapisano rekord 474/1294 (id=1098981394).
2026-09-18 22:18:23,971 [INFO] Zapisano rekord 471/1294 (id=1095427354).
2026-09-18 22:18:36,029 [INFO] Zapisano rekord 475/1294 (id=1098253580).
2026-09-18 22:18:49,168 [INFO] Zapisano rekord 472/1294 (id=1095373643).
2026-09-18 22:18:59,717 [INFO] Zapisano rekord 476/1294 (id=1097563466).
2026-09-18 22:19:12,412 [INFO] Zapisano rekord 473/1294 (id=1080440288).
2026-09-18 22:19:23,121 [INFO] Zapisano rekord 477/1294 (id=1098426182).
2026-09-18 22:19:32,347 [INFO] Zapisano rekord 474/1294 (id=1098981394).
2026-09-18 22:19:39,214 [INFO] Zapisano rekord 478/1294 (id=894848454).
2026-09-18 22:19:51,320 [INFO] Zapisano rekord 475/1294 (id=1098253580).
2026-09-18 22:19:57,839 [INFO] Zapisano rekord 479/1294 (id=1096930200).
2026-09-18 22:20:08,320 [INFO] Zapisano rekord 476/1294 (id=1097563466).
2026-09-18 22:20:17,885 [INFO] Zapisano rekord 480/1294 (id=1085893428).
2026-09-18 22:20:28,717 [INFO] Zapisano rekord 477/1294 (id=1098426182).
2026-09-18 22:20:35,286 [INFO] Zapisano rekord 481/1294 (id=962242154).
2026-09-18 22:20:42,209 [INFO] Zapisano rekord 478/1294 (id=894848454).
2026-09-18 22:20:50,524 [INFO] Zapisano rekord 482/1294 (id=1096561404).
2026-09-18 22:20:56,942 [INFO] Zapisano rekord 479/1294 (id=1096930200).
2026-09-18 22:21:01,695 [INFO] Zapisano rekord 483/1294 (id=1097791461).
2026-09-18 22:21:11,262 [INFO] Zapisano rekord 480/1294 (id=1085893428).
2026-09-18 22:21:22,444 [INFO] Zapisano rekord 484/1294 (id=1098997357).
2026-09-18 22:21:29,079 [INFO] Zapisano rekord 481/1294 (id=962242154).
2026-09-18 22:21:44,961 [INFO] Zapisano rekord 485/1294 (id=1096529927).
2026-09-18 22:21:53,386 [INFO] Zapisano rekord 482/1294 (id=1096561404).
2026-09-18 22:22:10,710 [INFO] Zapisano rekord 486/1294 (id=1090227053).
2026-09-18 22:22:15,464 [INFO] Zapisano rekord 483/1294 (id=1097791461).
2026-09-18 22:22:23,476 [INFO] Zapisano rekord 487/1294 (id=1098835575).
2026-09-18 22:22:34,765 [INFO] Zapisano rekord 484/1294 (id=1098997357).
2026-09-18 22:22:42,719 [INFO] Zapisano rekord 488/1294 (id=1098434909).
2026-09-18 22:22:58,486 [INFO] Zapisano rekord 485/1294 (id=1096529927).
2026-09-18 22:23:06,934 [INFO] Zapisano rekord 489/1294 (id=1098953577).
2026-09-18 22:23:24,271 [INFO] Zapisano rekord 486/1294 (id=1090227053).
2026-09-18 22:23:34,628 [INFO] Zapisano rekord 490/1294 (id=1096124589).
2026-09-18 22:23:42,759 [INFO] Zapisano rekord 487/1294 (id=1098835575).
2026-09-18 22:23:50,632 [INFO] Zapisano rekord 491/1294 (id=1097739725).
2026-09-18 22:23:59,089 [INFO] Zapisano rekord 488/1294 (id=1098434909).
2026-09-18 22:24:10,645 [INFO] Zapisano rekord 492/1294 (id=831959668).
2026-09-18 22:24:19,154 [INFO] Zapisano rekord 489/1294 (id=1098953577).
2026-09-18 22:24:27,315 [INFO] Zapisano rekord 493/1294 (id=1085674032).
2026-09-18 22:24:37,665 [INFO] Zapisano rekord 490/1294 (id=1096124589).
2026-09-18 22:24:46,804 [INFO] Zapisano rekord 494/1294 (id=1086433403).
2026-09-18 22:24:54,676 [INFO] Zapisano rekord 491/1294 (id=1097739725).
2026-09-18 22:25:03,904 [INFO] Zapisano rekord 495/1294 (id=1097880452).
2026-09-18 22:25:15,313 [INFO] Zapisano rekord 492/1294 (id=831959668).
2026-09-18 22:25:24,816 [INFO] Zapisano rekord 496/1294 (id=1098983480).
2026-09-18 22:25:33,082 [INFO] Zapisano rekord 493/1294 (id=1085674032).
2026-09-18 22:25:42,395 [INFO] Zapisano rekord 497/1294 (id=1098852116).
2026-09-18 22:25:51,557 [INFO] Zapisano rekord 494/1294 (id=1086433403).
2026-09-18 22:25:59,603 [INFO] Zapisano rekord 498/1294 (id=1095956965).
2026-09-18 22:26:08,798 [INFO] Zapisano rekord 495/1294 (id=1097880452).
2026-09-18 22:26:18,812 [INFO] Zapisano rekord 499/1294 (id=1097731982).
2026-09-18 22:26:28,292 [INFO] Zapisano rekord 496/1294 (id=1098983480).
2026-09-18 22:26:41,625 [INFO] Zapisano rekord 500/1294 (id=1096579750).
2026-09-18 22:26:51,035 [INFO] Zapisano rekord 497/1294 (id=1098852116).
2026-09-18 22:27:03,416 [INFO] Zapisano rekord 501/1294 (id=1097496602).
2026-09-18 22:27:11,448 [INFO] Zapisano rekord 498/1294 (id=1095956965).
2026-09-18 22:27:18,197 [INFO] Zapisano rekord 502/1294 (id=1098271687).
2026-09-18 22:27:28,134 [INFO] Zapisano rekord 499/1294 (id=1097731982).
2026-09-18 22:27:38,416 [INFO] Zapisano rekord 503/1294 (id=1096548132).
2026-09-18 22:27:51,497 [INFO] Zapisano rekord 500/1294 (id=1096579750).
2026-09-18 22:27:56,327 [INFO] Zapisano rekord 504/1294 (id=1085088073).
2026-09-18 22:28:08,651 [INFO] Zapisano rekord 501/1294 (id=1097496602).
2026-09-18 22:28:20,433 [INFO] Zapisano rekord 505/1294 (id=1093105295).
2026-09-18 22:28:26,936 [INFO] Zapisano rekord 502/1294 (id=1098271687).
2026-09-18 22:28:40,506 [INFO] Zapisano rekord 506/1294 (id=1096727686).
2026-09-18 22:28:50,797 [INFO] Zapisano rekord 503/1294 (id=1096548132).
2026-09-18 22:28:57,723 [INFO] Zapisano rekord 507/1294 (id=1045354670).
2026-09-18 22:29:02,669 [INFO] Zapisano rekord 504/1294 (id=1085088073).
2026-09-18 22:29:08,606 [INFO] Zapisano rekord 508/1294 (id=1099042405).
2026-09-18 22:29:21,068 [INFO] Zapisano rekord 505/1294 (id=1093105295).
2026-09-18 22:29:29,289 [INFO] Zapisano rekord 509/1294 (id=1093718126).
2026-09-18 22:29:42,786 [INFO] Zapisano rekord 506/1294 (id=1096727686).
2026-09-18 22:29:54,264 [INFO] Zapisano rekord 510/1294 (id=1097493516).
2026-09-18 22:30:01,146 [INFO] Zapisano rekord 507/1294 (id=1045354670).
2026-09-18 22:30:07,958 [INFO] Zapisano rekord 511/1294 (id=1098736320).
2026-09-18 22:30:13,535 [INFO] Zapisano rekord 508/1294 (id=1099042405).
2026-09-18 22:30:22,399 [INFO] Zapisano rekord 512/1294 (id=1008551958).
2026-09-18 22:30:30,618 [INFO] Zapisano rekord 509/1294 (id=1093718126).
2026-09-18 22:30:45,911 [INFO] Zapisano rekord 513/1294 (id=1093124466).
2026-09-18 22:30:57,498 [INFO] Zapisano rekord 510/1294 (id=1097493516).
2026-09-18 22:31:07,338 [INFO] Zapisano rekord 514/1294 (id=1091282062).
2026-09-18 22:31:14,120 [INFO] Zapisano rekord 511/1294 (id=1098736320).
2026-09-18 22:31:26,707 [INFO] Zapisano rekord 515/1294 (id=1087901621).
2026-09-18 22:31:35,615 [INFO] Zapisano rekord 512/1294 (id=1008551958).
2026-09-18 22:31:47,371 [INFO] Zapisano rekord 516/1294 (id=1098934242).
2026-09-18 22:32:02,736 [INFO] Zapisano rekord 513/1294 (id=1093124466).
2026-09-18 22:32:12,160 [INFO] Zapisano rekord 517/1294 (id=1027565897).
2026-09-18 22:32:21,910 [INFO] Zapisano rekord 514/1294 (id=1091282062).
2026-09-18 22:32:38,463 [INFO] Zapisano rekord 518/1294 (id=1098233446).
2026-09-18 22:32:51,086 [INFO] Zapisano rekord 515/1294 (id=1087901621).
2026-09-18 22:33:02,391 [INFO] Zapisano rekord 519/1294 (id=1098137961).
2026-09-18 22:33:14,170 [INFO] Zapisano rekord 516/1294 (id=1098934242).
2026-09-18 22:33:22,493 [INFO] Zapisano rekord 520/1294 (id=1097325025).
2026-09-18 22:33:31,852 [INFO] Zapisano rekord 517/1294 (id=1027565897).
2026-09-18 22:33:44,434 [INFO] Zapisano rekord 521/1294 (id=1087901621).
2026-09-18 22:34:01,040 [INFO] Zapisano rekord 518/1294 (id=1098233446).
2026-09-18 22:34:12,841 [INFO] Zapisano rekord 522/1294 (id=1098934242).
2026-09-18 22:34:24,291 [INFO] Zapisano rekord 519/1294 (id=1098137961).
2026-09-18 22:34:33,621 [INFO] Zapisano rekord 523/1294 (id=1027565897).
2026-09-18 22:34:41,982 [INFO] Zapisano rekord 520/1294 (id=1097325025).
2026-09-18 22:34:56,371 [INFO] Zapisano rekord 524/1294 (id=1097695855).
2026-09-18 22:35:08,978 [INFO] Zapisano rekord 521/1294 (id=1087901621).
2026-09-18 22:35:24,401 [INFO] Zapisano rekord 525/1294 (id=1096439678).
2026-09-18 22:35:36,214 [INFO] Zapisano rekord 522/1294 (id=1098934242).
2026-09-18 22:35:45,582 [INFO] Zapisano rekord 526/1294 (id=1088101609).
2026-09-18 22:35:55,005 [INFO] Zapisano rekord 523/1294 (id=1027565897).
2026-09-18 22:36:02,602 [INFO] Zapisano rekord 527/1294 (id=1096960333).
2026-09-18 22:36:16,934 [INFO] Zapisano rekord 524/1294 (id=1097695855).
2026-09-18 22:36:32,457 [INFO] Zapisano rekord 528/1294 (id=1096974584).
2026-09-18 22:36:47,862 [INFO] Zapisano rekord 525/1294 (id=1096439678).
2026-09-18 22:37:26,926 [INFO] Zapisano rekord 529/1294 (id=1096186462).
2026-09-18 22:37:36,267 [INFO] Zapisano rekord 526/1294 (id=1088101609).
2026-09-18 22:37:47,971 [INFO] Zapisano rekord 530/1294 (id=1097400125).
2026-09-18 22:37:55,656 [INFO] Zapisano rekord 527/1294 (id=1096960333).
2026-09-18 22:38:03,774 [INFO] Zapisano rekord 531/1294 (id=1036933786).
2026-09-18 22:38:19,389 [INFO] Zapisano rekord 528/1294 (id=1096974584).
2026-09-18 22:38:28,035 [INFO] Zapisano rekord 532/1294 (id=1070435106).
2026-09-18 22:39:06,879 [INFO] Zapisano rekord 529/1294 (id=1096186462).
2026-09-18 22:39:13,596 [INFO] Zapisano rekord 533/1294 (id=1097861628).
2026-09-18 22:39:25,346 [INFO] Zapisano rekord 530/1294 (id=1097400125).
2026-09-18 22:39:34,220 [INFO] Zapisano rekord 534/1294 (id=1098138210).
2026-09-18 22:39:42,419 [INFO] Zapisano rekord 531/1294 (id=1036933786).
2026-09-18 22:40:00,263 [INFO] Zapisano rekord 535/1294 (id=1080493097).
2026-09-18 22:40:08,784 [INFO] Zapisano rekord 532/1294 (id=1070435106).
2026-09-18 22:40:17,702 [INFO] Zapisano rekord 536/1294 (id=1089734707).
2026-09-18 22:40:24,326 [INFO] Zapisano rekord 533/1294 (id=1097861628).
2026-09-18 22:40:41,555 [INFO] Zapisano rekord 537/1294 (id=1052364542).
2026-09-18 22:40:50,441 [INFO] Zapisano rekord 534/1294 (id=1098138210).
2026-09-18 22:40:57,146 [INFO] Zapisano rekord 538/1294 (id=1098985564).
2026-09-18 22:41:15,047 [INFO] Zapisano rekord 535/1294 (id=1080493097).
2026-09-18 22:41:25,592 [INFO] Zapisano rekord 539/1294 (id=1096367572).
2026-09-18 22:41:34,480 [INFO] Zapisano rekord 536/1294 (id=1089734707).
2026-09-18 22:41:42,808 [INFO] Zapisano rekord 540/1294 (id=894361896).
2026-09-18 22:42:00,002 [INFO] Zapisano rekord 537/1294 (id=1052364542).
2026-09-18 22:42:13,967 [INFO] Zapisano rekord 541/1294 (id=1096490694).
2026-09-18 22:42:20,694 [INFO] Zapisano rekord 538/1294 (id=1098985564).
2026-09-18 22:42:31,888 [INFO] Zapisano rekord 542/1294 (id=1098933488).
2026-09-18 22:42:42,438 [INFO] Zapisano rekord 539/1294 (id=1096367572).
2026-09-18 22:42:49,292 [INFO] Zapisano rekord 543/1294 (id=1097547738).
2026-09-18 22:42:57,721 [INFO] Zapisano rekord 540/1294 (id=894361896).
2026-09-18 22:43:02,469 [INFO] Zapisano rekord 544/1294 (id=1097791461).
2026-09-18 22:43:16,294 [INFO] Zapisano rekord 541/1294 (id=1096490694).
2026-09-18 22:43:34,065 [INFO] Zapisano rekord 545/1294 (id=1093123278).
2026-09-18 22:43:45,508 [INFO] Zapisano rekord 542/1294 (id=1098933488).
2026-09-18 22:43:58,545 [INFO] Zapisano rekord 546/1294 (id=1098682157).
2026-09-18 22:44:05,371 [INFO] Zapisano rekord 543/1294 (id=1097547738).
2026-09-18 22:44:18,401 [INFO] Zapisano rekord 547/1294 (id=1097714634).
2026-09-18 22:44:23,145 [INFO] Zapisano rekord 544/1294 (id=1097791461).
2026-09-18 22:44:31,099 [INFO] Zapisano rekord 548/1294 (id=1097581398).
2026-09-18 22:44:49,534 [INFO] Zapisano rekord 545/1294 (id=1093123278).
2026-09-18 22:44:56,207 [INFO] Zapisano rekord 549/1294 (id=1092851419).
2026-09-18 22:45:09,272 [INFO] Zapisano rekord 546/1294 (id=1098682157).
2026-09-18 22:45:18,976 [INFO] Zapisano rekord 550/1294 (id=1095858864).
2026-09-18 22:45:30,747 [INFO] Zapisano rekord 547/1294 (id=1097714634).
2026-09-18 22:45:39,193 [INFO] Zapisano rekord 551/1294 (id=1093713125).
2026-09-18 22:45:47,154 [INFO] Zapisano rekord 548/1294 (id=1097581398).
2026-09-18 22:45:57,441 [INFO] Zapisano rekord 552/1294 (id=1095099456).
2026-09-18 22:46:03,933 [INFO] Zapisano rekord 549/1294 (id=1092851419).
2026-09-18 22:46:14,920 [INFO] Zapisano rekord 553/1294 (id=1067217118).
2026-09-18 22:46:24,648 [INFO] Zapisano rekord 550/1294 (id=1095858864).
2026-09-18 22:46:33,850 [INFO] Zapisano rekord 554/1294 (id=1096793778).
2026-09-18 22:46:42,311 [INFO] Zapisano rekord 551/1294 (id=1093713125).
2026-09-18 22:46:49,638 [INFO] Zapisano rekord 555/1294 (id=1097410344).
2026-09-18 22:46:59,909 [INFO] Zapisano rekord 552/1294 (id=1095099456).
2026-09-18 22:47:15,005 [INFO] Zapisano rekord 556/1294 (id=1030154292).
2026-09-18 22:47:25,993 [INFO] Zapisano rekord 553/1294 (id=1067217118).
2026-09-18 22:47:37,089 [INFO] Zapisano rekord 557/1294 (id=1097593780).
2026-09-18 22:47:46,352 [INFO] Zapisano rekord 554/1294 (id=1096793778).
2026-09-18 22:47:54,948 [INFO] Zapisano rekord 558/1294 (id=1088506990).
2026-09-18 22:48:02,329 [INFO] Zapisano rekord 555/1294 (id=1097410344).
2026-09-18 22:48:08,608 [INFO] Zapisano rekord 559/1294 (id=1063402871).
2026-09-18 22:48:23,650 [INFO] Zapisano rekord 556/1294 (id=1030154292).
2026-09-18 22:48:38,495 [INFO] Zapisano rekord 560/1294 (id=1093105403).
2026-09-18 22:48:49,465 [INFO] Zapisano rekord 557/1294 (id=1097593780).
2026-09-18 22:48:58,049 [INFO] Zapisano rekord 561/1294 (id=1098272061).
2026-09-18 22:49:06,644 [INFO] Zapisano rekord 558/1294 (id=1088506990).
2026-09-18 22:49:14,403 [INFO] Zapisano rekord 562/1294 (id=1098026458).
2026-09-18 22:49:20,737 [INFO] Zapisano rekord 559/1294 (id=1063402871).
2026-09-18 22:49:36,387 [INFO] Zapisano rekord 563/1294 (id=1078925734).
2026-09-18 22:49:51,411 [INFO] Zapisano rekord 560/1294 (id=1093105403).
2026-09-18 22:50:03,500 [INFO] Zapisano rekord 564/1294 (id=1094721472).
2026-09-18 22:50:11,931 [INFO] Zapisano rekord 561/1294 (id=1098272061).
2026-09-18 22:50:26,714 [INFO] Zapisano rekord 565/1294 (id=705530082).
2026-09-18 22:50:34,454 [INFO] Zapisano rekord 562/1294 (id=1098026458).
2026-09-18 22:50:43,093 [INFO] Zapisano rekord 566/1294 (id=1093732779).
2026-09-18 22:50:58,641 [INFO] Zapisano rekord 563/1294 (id=1078925734).
2026-09-18 22:51:04,839 [INFO] Zapisano rekord 567/1294 (id=1096766049).
2026-09-18 22:51:16,024 [INFO] Zapisano rekord 564/1294 (id=1094721472).
2026-09-18 22:51:27,819 [INFO] Zapisano rekord 568/1294 (id=1079757348).
2026-09-18 22:51:42,637 [INFO] Zapisano rekord 565/1294 (id=705530082).
2026-09-18 22:51:47,935 [INFO] Zapisano rekord 569/1294 (id=1098191834).
2026-09-18 22:51:56,568 [INFO] Zapisano rekord 566/1294 (id=1093732779).
2026-09-18 22:52:06,775 [INFO] Zapisano rekord 570/1294 (id=1088981730).
2026-09-18 22:52:12,991 [INFO] Zapisano rekord 567/1294 (id=1096766049).
2026-09-18 22:52:17,786 [INFO] Zapisano rekord 571/1294 (id=1097791461).
2026-09-18 22:52:29,593 [INFO] Zapisano rekord 568/1294 (id=1079757348).
2026-09-18 22:52:39,539 [INFO] Zapisano rekord 572/1294 (id=1095922166).
2026-09-18 22:52:44,736 [INFO] Zapisano rekord 569/1294 (id=1098191834).
2026-09-18 22:52:51,498 [INFO] Zapisano rekord 573/1294 (id=1096134983).
2026-09-18 22:53:01,451 [INFO] Zapisano rekord 570/1294 (id=1088981730).
2026-09-18 22:53:11,991 [INFO] Zapisano rekord 574/1294 (id=1094837086).
2026-09-18 22:53:16,784 [INFO] Zapisano rekord 571/1294 (id=1097791461).
2026-09-18 22:53:25,060 [INFO] Zapisano rekord 575/1294 (id=1096732243).
2026-09-18 22:53:35,038 [INFO] Zapisano rekord 572/1294 (id=1095922166).
2026-09-18 22:53:43,155 [INFO] Zapisano rekord 576/1294 (id=1096409177).
2026-09-18 22:53:49,963 [INFO] Zapisano rekord 573/1294 (id=1096134983).
2026-09-18 22:54:28,903 [INFO] Zapisano rekord 577/1294 (id=1096185155).
2026-09-18 22:54:39,691 [INFO] Zapisano rekord 574/1294 (id=1094837086).
2026-09-18 22:54:47,925 [INFO] Zapisano rekord 578/1294 (id=1098056514).
2026-09-18 22:54:56,190 [INFO] Zapisano rekord 575/1294 (id=1096732243).
2026-09-18 22:55:07,079 [INFO] Zapisano rekord 579/1294 (id=1096123723).
2026-09-18 22:55:15,251 [INFO] Zapisano rekord 576/1294 (id=1096409177).
2026-09-18 22:55:32,170 [INFO] Zapisano rekord 580/1294 (id=1091564699).
2026-09-18 22:56:11,087 [INFO] Zapisano rekord 577/1294 (id=1096185155).
2026-09-18 22:56:21,003 [INFO] Zapisano rekord 581/1294 (id=1096332514).
2026-09-18 22:56:29,161 [INFO] Zapisano rekord 578/1294 (id=1098056514).
2026-09-18 22:56:52,814 [INFO] Zapisano rekord 582/1294 (id=1082218077).
2026-09-18 22:57:03,992 [INFO] Zapisano rekord 579/1294 (id=1096123723).
2026-09-18 22:57:13,867 [INFO] Zapisano rekord 583/1294 (id=1095303528).
2026-09-18 22:57:30,418 [INFO] Zapisano rekord 580/1294 (id=1091564699).
2026-09-18 22:57:49,136 [INFO] Zapisano rekord 584/1294 (id=1085735830).
2026-09-18 22:57:59,070 [INFO] Zapisano rekord 581/1294 (id=1096332514).
2026-09-18 22:58:09,457 [INFO] Zapisano rekord 585/1294 (id=1081978472).
2026-09-18 22:58:33,914 [INFO] Zapisano rekord 582/1294 (id=1082218077).
2026-09-18 22:58:47,977 [INFO] Zapisano rekord 586/1294 (id=1096484837).
2026-09-18 22:58:57,982 [INFO] Zapisano rekord 583/1294 (id=1095303528).
2026-09-18 22:59:03,677 [INFO] Zapisano rekord 587/1294 (id=1099032683).
2026-09-18 22:59:22,140 [INFO] Zapisano rekord 584/1294 (id=1085735830).
2026-09-18 22:59:35,033 [INFO] Zapisano rekord 588/1294 (id=1091532215).
2026-09-18 22:59:45,033 [INFO] Zapisano rekord 585/1294 (id=1081978472).
2026-09-18 22:59:51,340 [INFO] Zapisano rekord 589/1294 (id=1097807239).
2026-09-18 23:00:05,419 [INFO] Zapisano rekord 586/1294 (id=1096484837).
2026-09-18 23:00:17,725 [INFO] Zapisano rekord 590/1294 (id=1098710504).
2026-09-18 23:00:23,516 [INFO] Zapisano rekord 587/1294 (id=1099032683).
2026-09-18 23:00:33,345 [INFO] Zapisano rekord 591/1294 (id=1099004572).
2026-09-18 23:00:47,825 [INFO] Zapisano rekord 588/1294 (id=1091532215).
2026-09-18 23:01:07,491 [INFO] Zapisano rekord 592/1294 (id=1074390459).
2026-09-18 23:01:14,612 [INFO] Zapisano rekord 589/1294 (id=1097807239).
2026-09-18 23:01:24,694 [INFO] Zapisano rekord 593/1294 (id=1098682529).
2026-09-18 23:01:38,134 [INFO] Zapisano rekord 590/1294 (id=1098710504).
2026-09-18 23:01:50,380 [INFO] Zapisano rekord 594/1294 (id=1052153088).
2026-09-18 23:02:01,303 [INFO] Zapisano rekord 591/1294 (id=1099004572).
2026-09-18 23:02:11,364 [INFO] Zapisano rekord 595/1294 (id=1085876067).
2026-09-18 23:02:29,775 [INFO] Zapisano rekord 592/1294 (id=1074390459).
2026-09-18 23:02:38,554 [INFO] Zapisano rekord 596/1294 (id=1056242242).
2026-09-18 23:02:48,530 [INFO] Zapisano rekord 593/1294 (id=1098682529).
2026-09-18 23:03:00,829 [INFO] Zapisano rekord 597/1294 (id=1095995907).
2026-09-18 23:03:13,180 [INFO] Zapisano rekord 594/1294 (id=1052153088).
2026-09-18 23:03:21,614 [INFO] Zapisano rekord 598/1294 (id=1098216788).
2026-09-18 23:03:31,605 [INFO] Zapisano rekord 595/1294 (id=1085876067).
2026-09-18 23:03:42,079 [INFO] Zapisano rekord 599/1294 (id=1096841521).
2026-09-18 23:03:50,866 [INFO] Zapisano rekord 596/1294 (id=1056242242).
2026-09-18 23:04:00,279 [INFO] Zapisano rekord 600/1294 (id=1093717468).
2026-09-18 23:04:12,524 [INFO] Zapisano rekord 597/1294 (id=1095995907).
2026-09-18 23:04:21,511 [INFO] Zapisano rekord 601/1294 (id=1093729304).
2026-09-18 23:04:29,786 [INFO] Zapisano rekord 598/1294 (id=1098216788).
2026-09-18 23:04:38,812 [INFO] Zapisano rekord 602/1294 (id=1085674032).
2026-09-18 23:04:49,539 [INFO] Zapisano rekord 599/1294 (id=1096841521).
2026-09-18 23:04:59,605 [INFO] Zapisano rekord 603/1294 (id=1093734642).
2026-09-18 23:05:10,327 [INFO] Zapisano rekord 600/1294 (id=1093717468).
2026-09-18 23:05:25,132 [INFO] Zapisano rekord 604/1294 (id=1096490707).
2026-09-18 23:05:34,065 [INFO] Zapisano rekord 601/1294 (id=1093729304).
2026-09-18 23:05:41,699 [INFO] Zapisano rekord 605/1294 (id=1096509073).
2026-09-18 23:05:50,580 [INFO] Zapisano rekord 602/1294 (id=1085674032).
2026-09-18 23:06:04,965 [INFO] Zapisano rekord 606/1294 (id=1095099351).
2026-09-18 23:06:14,509 [INFO] Zapisano rekord 603/1294 (id=1093734642).
2026-09-18 23:06:27,117 [INFO] Zapisano rekord 607/1294 (id=1096592305).
2026-09-18 23:06:41,956 [INFO] Zapisano rekord 604/1294 (id=1096490707).
2026-09-18 23:06:50,579 [INFO] Zapisano rekord 608/1294 (id=1093535812).
2026-09-18 23:06:58,227 [INFO] Zapisano rekord 605/1294 (id=1096509073).
2026-09-18 23:07:14,737 [INFO] Zapisano rekord 609/1294 (id=1098004531).
2026-09-18 23:07:29,187 [INFO] Zapisano rekord 606/1294 (id=1095099351).
2026-09-18 23:07:41,405 [INFO] Zapisano rekord 610/1294 (id=1093134638).
2026-09-18 23:07:53,889 [INFO] Zapisano rekord 607/1294 (id=1096592305).
2026-09-18 23:08:04,928 [INFO] Zapisano rekord 611/1294 (id=1098081712).
2026-09-18 23:08:13,686 [INFO] Zapisano rekord 608/1294 (id=1093535812).
2026-09-18 23:08:21,602 [INFO] Zapisano rekord 612/1294 (id=1098169760).
2026-09-18 23:08:38,076 [INFO] Zapisano rekord 609/1294 (id=1098004531).
2026-09-18 23:08:47,476 [INFO] Zapisano rekord 613/1294 (id=1097783607).
2026-09-18 23:08:59,764 [INFO] Zapisano rekord 610/1294 (id=1093134638).
2026-09-18 23:09:06,240 [INFO] Zapisano rekord 614/1294 (id=1096842949).
2026-09-18 23:09:17,275 [INFO] Zapisano rekord 611/1294 (id=1098081712).
2026-09-18 23:09:24,916 [INFO] Zapisano rekord 615/1294 (id=1098360089).
2026-09-18 23:09:32,923 [INFO] Zapisano rekord 612/1294 (id=1098169760).
2026-09-18 23:09:40,207 [INFO] Zapisano rekord 616/1294 (id=1098980143).
2026-09-18 23:09:49,452 [INFO] Zapisano rekord 613/1294 (id=1097783607).
2026-09-18 23:09:58,529 [INFO] Zapisano rekord 617/1294 (id=1097216448).
2026-09-18 23:10:05,009 [INFO] Zapisano rekord 614/1294 (id=1096842949).
2026-09-18 23:10:13,005 [INFO] Zapisano rekord 618/1294 (id=1097995670).
2026-09-18 23:10:21,369 [INFO] Zapisano rekord 615/1294 (id=1098360089).
2026-09-18 23:10:40,330 [INFO] Zapisano rekord 619/1294 (id=1089931027).
2026-09-18 23:10:47,659 [INFO] Zapisano rekord 616/1294 (id=1098980143).
2026-09-18 23:11:04,166 [INFO] Zapisano rekord 620/1294 (id=1094543024).
2026-09-18 23:11:13,122 [INFO] Zapisano rekord 617/1294 (id=1097216448).
2026-09-18 23:11:24,111 [INFO] Zapisano rekord 621/1294 (id=1089273446).
2026-09-18 23:11:31,943 [INFO] Zapisano rekord 618/1294 (id=1097995670).
2026-09-18 23:11:41,310 [INFO] Zapisano rekord 622/1294 (id=1056275890).
2026-09-18 23:12:00,213 [INFO] Zapisano rekord 619/1294 (id=1089931027).
2026-09-18 23:12:12,980 [INFO] Zapisano rekord 623/1294 (id=1098391090).
2026-09-18 23:12:29,608 [INFO] Zapisano rekord 620/1294 (id=1094543024).
2026-09-18 23:12:37,423 [INFO] Zapisano rekord 624/1294 (id=1097995670).
2026-09-18 23:12:48,546 [INFO] Zapisano rekord 621/1294 (id=1089273446).
2026-09-18 23:13:07,475 [INFO] Zapisano rekord 625/1294 (id=1089931027).
2026-09-18 23:13:16,869 [INFO] Zapisano rekord 622/1294 (id=1056275890).
2026-09-18 23:13:33,616 [INFO] Zapisano rekord 626/1294 (id=1094543024).
2026-09-18 23:13:46,303 [INFO] Zapisano rekord 623/1294 (id=1098391090).
2026-09-18 23:14:01,296 [INFO] Zapisano rekord 627/1294 (id=1095930382).
2026-09-18 23:14:09,108 [INFO] Zapisano rekord 624/1294 (id=1097995670).
2026-09-18 23:14:18,609 [INFO] Zapisano rekord 628/1294 (id=1098678070).
2026-09-18 23:14:37,445 [INFO] Zapisano rekord 625/1294 (id=1089931027).
2026-09-18 23:14:47,489 [INFO] Zapisano rekord 629/1294 (id=1098764037).
2026-09-18 23:15:04,280 [INFO] Zapisano rekord 626/1294 (id=1094543024).
2026-09-18 23:15:20,556 [INFO] Zapisano rekord 630/1294 (id=1093357367).
2026-09-18 23:15:35,608 [INFO] Zapisano rekord 627/1294 (id=1095930382).
2026-09-18 23:15:45,749 [INFO] Zapisano rekord 631/1294 (id=1096948283).
2026-09-18 23:15:55,209 [INFO] Zapisano rekord 628/1294 (id=1098678070).
2026-09-18 23:16:02,050 [INFO] Zapisano rekord 632/1294 (id=1098930922).
2026-09-18 23:16:12,046 [INFO] Zapisano rekord 629/1294 (id=1098764037).
2026-09-18 23:16:19,131 [INFO] Zapisano rekord 633/1294 (id=1097993050).
2026-09-18 23:16:35,339 [INFO] Zapisano rekord 630/1294 (id=1093357367).
2026-09-18 23:16:43,617 [INFO] Zapisano rekord 634/1294 (id=1090920014).
2026-09-18 23:16:53,755 [INFO] Zapisano rekord 631/1294 (id=1096948283).
2026-09-18 23:17:05,266 [INFO] Zapisano rekord 635/1294 (id=916654044).
2026-09-18 23:17:12,076 [INFO] Zapisano rekord 632/1294 (id=1098930922).
2026-09-18 23:17:21,846 [INFO] Zapisano rekord 636/1294 (id=1085866336).
2026-09-18 23:17:28,896 [INFO] Zapisano rekord 633/1294 (id=1097993050).
2026-09-18 23:17:39,478 [INFO] Zapisano rekord 637/1294 (id=1097199399).
2026-09-18 23:17:47,854 [INFO] Zapisano rekord 634/1294 (id=1090920014).
2026-09-18 23:18:01,979 [INFO] Zapisano rekord 638/1294 (id=1090826709).
2026-09-18 23:18:13,391 [INFO] Zapisano rekord 635/1294 (id=916654044).
2026-09-18 23:18:22,281 [INFO] Zapisano rekord 639/1294 (id=1093728341).
2026-09-18 23:18:32,033 [INFO] Zapisano rekord 636/1294 (id=1085866336).
2026-09-18 23:18:39,779 [INFO] Zapisano rekord 640/1294 (id=1097756240).
2026-09-18 23:18:50,489 [INFO] Zapisano rekord 637/1294 (id=1097199399).
2026-09-18 23:19:01,832 [INFO] Zapisano rekord 641/1294 (id=1076131537).
2026-09-18 23:19:15,943 [INFO] Zapisano rekord 638/1294 (id=1090826709).
2026-09-18 23:19:24,880 [INFO] Zapisano rekord 642/1294 (id=1098626807).
2026-09-18 23:19:33,818 [INFO] Zapisano rekord 639/1294 (id=1093728341).
2026-09-18 23:19:46,206 [INFO] Zapisano rekord 643/1294 (id=1080637314).
2026-09-18 23:19:54,017 [INFO] Zapisano rekord 640/1294 (id=1097756240).
2026-09-18 23:20:04,087 [INFO] Zapisano rekord 644/1294 (id=1098351135).
2026-09-18 23:32:48,446 [INFO] Zapisano rekord 641/1294 (id=1076131537).
2026-09-18 23:33:00,194 [INFO] Zapisano rekord 645/1294 (id=1097690689).
2026-09-18 23:33:10,711 [INFO] Zapisano rekord 642/1294 (id=1098626807).
2026-09-18 23:33:23,747 [INFO] Zapisano rekord 646/1294 (id=1093764524).
2026-09-18 23:33:36,271 [INFO] Zapisano rekord 643/1294 (id=1080637314).
2026-09-18 23:33:42,991 [INFO] Zapisano rekord 647/1294 (id=1051939069).
2026-09-18 23:33:53,723 [INFO] Zapisano rekord 644/1294 (id=1098351135).
2026-09-18 23:34:05,840 [INFO] Zapisano rekord 648/1294 (id=1097424396).
2026-09-18 23:34:16,530 [INFO] Zapisano rekord 645/1294 (id=1097690689).
2026-09-18 23:34:26,996 [INFO] Zapisano rekord 649/1294 (id=1093725229).
2026-09-18 23:34:41,232 [INFO] Zapisano rekord 646/1294 (id=1093764524).
2026-09-18 23:34:56,252 [INFO] Zapisano rekord 650/1294 (id=1097402431).
2026-09-18 23:35:03,487 [INFO] Zapisano rekord 647/1294 (id=1051939069).
2026-09-18 23:35:19,258 [INFO] Zapisano rekord 651/1294 (id=1096920419).
2026-09-18 23:35:31,576 [INFO] Zapisano rekord 648/1294 (id=1097424396).
2026-09-18 23:35:44,066 [INFO] Zapisano rekord 652/1294 (id=1096927348).
2026-09-18 23:35:54,243 [INFO] Zapisano rekord 649/1294 (id=1093725229).
2026-09-18 23:36:12,437 [INFO] Zapisano rekord 653/1294 (id=1095929433).
2026-09-18 23:36:24,932 [INFO] Zapisano rekord 650/1294 (id=1097402431).
2026-09-18 23:36:34,699 [INFO] Zapisano rekord 654/1294 (id=1098690206).
2026-09-18 23:36:48,978 [INFO] Zapisano rekord 651/1294 (id=1096920419).
2026-09-18 23:36:57,850 [INFO] Zapisano rekord 655/1294 (id=1098814480).
2026-09-18 23:37:09,850 [INFO] Zapisano rekord 652/1294 (id=1096927348).
2026-09-18 23:37:26,732 [INFO] Zapisano rekord 656/1294 (id=1005495455).
2026-09-18 23:37:44,652 [INFO] Zapisano rekord 653/1294 (id=1095929433).
2026-09-18 23:37:57,646 [INFO] Zapisano rekord 657/1294 (id=1098932811).
2026-09-18 23:38:07,506 [INFO] Zapisano rekord 654/1294 (id=1098690206).
2026-09-18 23:38:23,778 [INFO] Zapisano rekord 658/1294 (id=1095099425).
2026-09-18 23:38:32,578 [INFO] Zapisano rekord 655/1294 (id=1098814480).
2026-09-18 23:38:43,100 [INFO] Zapisano rekord 659/1294 (id=1097309690).
2026-09-18 23:39:00,939 [INFO] Zapisano rekord 656/1294 (id=1005495455).
2026-09-18 23:39:08,153 [INFO] Zapisano rekord 660/1294 (id=999106301).
2026-09-18 23:39:21,057 [INFO] Zapisano rekord 657/1294 (id=1098932811).
2026-09-18 23:39:33,645 [INFO] Zapisano rekord 661/1294 (id=1092565939).
2026-09-18 23:39:49,967 [INFO] Zapisano rekord 658/1294 (id=1095099425).
2026-09-18 23:40:00,964 [INFO] Zapisano rekord 662/1294 (id=1093746782).
2026-09-18 23:40:11,207 [INFO] Zapisano rekord 659/1294 (id=1097309690).
2026-09-18 23:40:19,192 [INFO] Zapisano rekord 663/1294 (id=1045354670).
2026-09-18 23:40:26,169 [INFO] Zapisano rekord 660/1294 (id=999106301).
2026-09-18 23:40:36,020 [INFO] Zapisano rekord 664/1294 (id=1098221681).
2026-09-18 23:40:49,148 [INFO] Zapisano rekord 661/1294 (id=1092565939).
2026-09-18 23:40:59,136 [INFO] Zapisano rekord 665/1294 (id=1098979786).
2026-09-18 23:41:10,615 [INFO] Zapisano rekord 662/1294 (id=1093746782).
2026-09-18 23:41:28,364 [INFO] Zapisano rekord 666/1294 (id=1098946534).
2026-09-18 23:41:36,480 [INFO] Zapisano rekord 663/1294 (id=1045354670).
2026-09-18 23:41:46,965 [INFO] Zapisano rekord 667/1294 (id=1096291496).
2026-09-18 23:41:56,382 [INFO] Zapisano rekord 664/1294 (id=1098221681).
2026-09-18 23:42:40,531 [INFO] Zapisano rekord 668/1294 (id=1096340427).
2026-09-18 23:42:50,924 [INFO] Zapisano rekord 665/1294 (id=1098979786).
2026-09-18 23:43:12,084 [INFO] Zapisano rekord 669/1294 (id=1094530992).
2026-09-18 23:43:29,532 [INFO] Zapisano rekord 666/1294 (id=1098946534).
2026-09-18 23:43:42,998 [INFO] Zapisano rekord 670/1294 (id=1085149267).
2026-09-18 23:43:52,783 [INFO] Zapisano rekord 667/1294 (id=1096291496).
2026-09-18 23:44:00,184 [INFO] Zapisano rekord 671/1294 (id=1096934390).
2026-09-18 23:44:42,468 [INFO] Zapisano rekord 668/1294 (id=1096340427).
2026-09-18 23:45:04,170 [INFO] Zapisano rekord 672/1294 (id=1093156390).
2026-09-18 23:45:24,891 [INFO] Zapisano rekord 669/1294 (id=1094530992).
2026-09-18 23:45:34,897 [INFO] Zapisano rekord 673/1294 (id=1085866336).
2026-09-18 23:45:47,893 [INFO] Zapisano rekord 670/1294 (id=1085149267).
2026-09-18 23:45:54,482 [INFO] Zapisano rekord 674/1294 (id=1051939069).
2026-09-18 23:46:01,830 [INFO] Zapisano rekord 671/1294 (id=1096934390).
2026-09-18 23:46:13,287 [INFO] Zapisano rekord 675/1294 (id=1097424396).
2026-09-18 23:46:35,064 [INFO] Zapisano rekord 672/1294 (id=1093156390).
2026-09-18 23:46:40,953 [INFO] Zapisano rekord 676/1294 (id=1098951992).
2026-09-18 23:46:50,767 [INFO] Zapisano rekord 673/1294 (id=1085866336).
2026-09-18 23:47:04,103 [INFO] Zapisano rekord 677/1294 (id=1094038681).
2026-09-18 23:47:10,743 [INFO] Zapisano rekord 674/1294 (id=1051939069).
2026-09-18 23:47:20,225 [INFO] Zapisano rekord 678/1294 (id=1098333600).
2026-09-18 23:47:31,890 [INFO] Zapisano rekord 675/1294 (id=1097424396).
2026-09-18 23:47:41,872 [INFO] Zapisano rekord 679/1294 (id=1098551100).
2026-09-18 23:47:47,786 [INFO] Zapisano rekord 676/1294 (id=1098951992).
2026-09-18 23:47:58,442 [INFO] Zapisano rekord 680/1294 (id=1098990748).
2026-09-18 23:48:11,815 [INFO] Zapisano rekord 677/1294 (id=1094038681).
2026-09-18 23:48:23,635 [INFO] Zapisano rekord 681/1294 (id=1095420376).
2026-09-18 23:48:33,111 [INFO] Zapisano rekord 678/1294 (id=1098333600).
2026-09-18 23:48:46,137 [INFO] Zapisano rekord 682/1294 (id=1090259830).
2026-09-18 23:48:56,148 [INFO] Zapisano rekord 679/1294 (id=1098551100).
2026-09-18 23:49:35,220 [INFO] Zapisano rekord 683/1294 (id=1096212539).
2026-09-18 23:49:47,684 [INFO] Zapisano rekord 680/1294 (id=1098990748).
2026-09-18 23:49:57,647 [INFO] Zapisano rekord 684/1294 (id=1097741635).
2026-09-18 23:50:09,421 [INFO] Zapisano rekord 681/1294 (id=1095420376).
2026-09-18 23:50:18,680 [INFO] Zapisano rekord 685/1294 (id=1077574428).
2026-09-18 23:50:31,767 [INFO] Zapisano rekord 682/1294 (id=1090259830).
2026-09-18 23:50:41,524 [INFO] Zapisano rekord 686/1294 (id=1093725229).
2026-09-18 23:51:20,502 [INFO] Zapisano rekord 683/1294 (id=1096212539).
2026-09-18 23:51:27,012 [INFO] Zapisano rekord 687/1294 (id=999106301).
2026-09-18 23:51:37,044 [INFO] Zapisano rekord 684/1294 (id=1097741635).
2026-09-18 23:51:49,592 [INFO] Zapisano rekord 688/1294 (id=1092565939).
2026-09-18 23:51:58,734 [INFO] Zapisano rekord 685/1294 (id=1077574428).
2026-09-18 23:52:07,962 [INFO] Zapisano rekord 689/1294 (id=1098955003).
2026-09-18 23:52:17,808 [INFO] Zapisano rekord 686/1294 (id=1093725229).
2026-09-18 23:52:29,133 [INFO] Zapisano rekord 690/1294 (id=1078901340).
2026-09-18 23:52:35,758 [INFO] Zapisano rekord 687/1294 (id=999106301).
2026-09-18 23:52:44,264 [INFO] Zapisano rekord 691/1294 (id=1091884957).
2026-09-18 23:52:56,784 [INFO] Zapisano rekord 688/1294 (id=1092565939).
2026-09-18 23:53:07,492 [INFO] Zapisano rekord 692/1294 (id=1094047588).
2026-09-18 23:53:16,707 [INFO] Zapisano rekord 689/1294 (id=1098955003).
2026-09-18 23:53:25,047 [INFO] Zapisano rekord 693/1294 (id=1095637215).
2026-09-18 23:53:36,472 [INFO] Zapisano rekord 690/1294 (id=1078901340).
2026-09-18 23:53:45,458 [INFO] Zapisano rekord 694/1294 (id=1097140775).
2026-09-18 23:53:54,031 [INFO] Zapisano rekord 691/1294 (id=1091884957).
2026-09-18 23:54:12,653 [INFO] Zapisano rekord 695/1294 (id=1084720030).
2026-09-18 23:54:23,356 [INFO] Zapisano rekord 692/1294 (id=1094047588).
2026-09-18 23:54:42,435 [INFO] Zapisano rekord 696/1294 (id=1097491427).
2026-09-18 23:54:50,845 [INFO] Zapisano rekord 693/1294 (id=1095637215).
2026-09-18 23:55:02,517 [INFO] Zapisano rekord 697/1294 (id=1098897039).
2026-09-18 23:55:11,613 [INFO] Zapisano rekord 694/1294 (id=1097140775).
2026-09-18 23:55:24,231 [INFO] Zapisano rekord 698/1294 (id=1083949000).
2026-09-18 23:55:42,819 [INFO] Zapisano rekord 695/1294 (id=1084720030).
2026-09-18 23:55:53,927 [INFO] Zapisano rekord 699/1294 (id=1093746782).
2026-09-18 23:56:13,037 [INFO] Zapisano rekord 696/1294 (id=1097491427).
2026-09-18 23:56:22,734 [INFO] Zapisano rekord 700/1294 (id=1058273256).
2026-09-18 23:56:34,447 [INFO] Zapisano rekord 697/1294 (id=1098897039).
2026-09-18 23:56:44,654 [INFO] Zapisano rekord 701/1294 (id=1027565897).
2026-09-18 23:56:57,172 [INFO] Zapisano rekord 698/1294 (id=1083949000).
2026-09-18 23:57:13,179 [INFO] Zapisano rekord 702/1294 (id=1097388717).
2026-09-18 23:57:24,250 [INFO] Zapisano rekord 699/1294 (id=1093746782).
2026-09-18 23:57:32,106 [INFO] Zapisano rekord 703/1294 (id=1080284402).
2026-09-18 23:57:41,766 [INFO] Zapisano rekord 700/1294 (id=1058273256).
2026-09-18 23:57:50,063 [INFO] Zapisano rekord 704/1294 (id=1098597383).
2026-09-18 23:58:00,417 [INFO] Zapisano rekord 701/1294 (id=1027565897).
2026-09-18 23:58:18,981 [INFO] Zapisano rekord 705/1294 (id=1097492954).
2026-09-18 23:58:34,951 [INFO] Zapisano rekord 702/1294 (id=1097388717).
2026-09-18 23:58:46,822 [INFO] Zapisano rekord 706/1294 (id=1097769852).
2026-09-18 23:58:54,766 [INFO] Zapisano rekord 703/1294 (id=1080284402).
2026-09-18 23:59:01,218 [INFO] Zapisano rekord 707/1294 (id=1098992692).
2026-09-18 23:59:09,605 [INFO] Zapisano rekord 704/1294 (id=1098597383).
2026-09-18 23:59:28,199 [INFO] Zapisano rekord 708/1294 (id=1093105504).
2026-09-18 23:59:46,784 [INFO] Zapisano rekord 705/1294 (id=1097492954).
2026-09-19 00:00:03,572 [INFO] Zapisano rekord 709/1294 (id=1094535091).
2026-09-19 00:00:15,804 [INFO] Zapisano rekord 706/1294 (id=1097769852).
2026-09-19 00:00:22,998 [INFO] Zapisano rekord 710/1294 (id=1096840960).
2026-09-19 00:00:29,464 [INFO] Zapisano rekord 707/1294 (id=1098992692).
2026-09-19 00:01:07,968 [INFO] Zapisano rekord 711/1294 (id=1096199644).
2026-09-19 00:01:27,929 [INFO] Zapisano rekord 708/1294 (id=1093105504).
2026-09-19 00:01:36,775 [INFO] Zapisano rekord 712/1294 (id=1093728341).
2026-09-19 00:01:53,519 [INFO] Zapisano rekord 709/1294 (id=1094535091).
2026-09-19 00:02:04,660 [INFO] Zapisano rekord 713/1294 (id=1081004050).
2026-09-19 00:02:11,834 [INFO] Zapisano rekord 710/1294 (id=1096840960).
2026-09-19 00:02:17,502 [INFO] Zapisano rekord 714/1294 (id=882040834).
2026-09-19 00:02:55,977 [INFO] Zapisano rekord 711/1294 (id=1096199644).
2026-09-19 00:03:03,334 [INFO] Zapisano rekord 715/1294 (id=1094960262).
2026-09-19 00:03:12,291 [INFO] Zapisano rekord 712/1294 (id=1093728341).
2026-09-19 00:03:23,579 [INFO] Zapisano rekord 716/1294 (id=668009474).
2026-09-19 00:03:34,726 [INFO] Zapisano rekord 713/1294 (id=1081004050).
2026-09-19 00:03:41,914 [INFO] Zapisano rekord 717/1294 (id=1097201462).
2026-09-19 00:03:47,586 [INFO] Zapisano rekord 714/1294 (id=882040834).
2026-09-19 00:04:00,532 [INFO] Zapisano rekord 718/1294 (id=1096739023).
2026-09-19 00:04:07,894 [INFO] Zapisano rekord 715/1294 (id=1094960262).
2026-09-19 00:04:23,320 [INFO] Zapisano rekord 719/1294 (id=1098029299).
2026-09-19 00:04:34,474 [INFO] Zapisano rekord 716/1294 (id=668009474).
2026-09-19 00:04:46,852 [INFO] Zapisano rekord 720/1294 (id=1096295882).
2026-09-19 00:04:54,011 [INFO] Zapisano rekord 717/1294 (id=1097201462).
2026-09-19 00:05:06,303 [INFO] Zapisano rekord 721/1294 (id=1096069074).
2026-09-19 00:05:19,214 [INFO] Zapisano rekord 718/1294 (id=1096739023).
2026-09-19 00:05:31,054 [INFO] Zapisano rekord 722/1294 (id=1095418949).
2026-09-19 00:05:46,596 [INFO] Zapisano rekord 719/1294 (id=1098029299).
2026-09-19 00:06:01,786 [INFO] Zapisano rekord 723/1294 (id=1093132970).
2026-09-19 00:06:14,308 [INFO] Zapisano rekord 720/1294 (id=1096295882).
2026-09-19 00:06:27,015 [INFO] Zapisano rekord 724/1294 (id=1034376645).
2026-09-19 00:06:39,343 [INFO] Zapisano rekord 721/1294 (id=1096069074).
2026-09-19 00:06:51,241 [INFO] Zapisano rekord 725/1294 (id=1098196297).
2026-09-19 00:07:03,060 [INFO] Zapisano rekord 722/1294 (id=1095418949).
2026-09-19 00:07:12,623 [INFO] Zapisano rekord 726/1294 (id=1097573072).
2026-09-19 00:07:27,870 [INFO] Zapisano rekord 723/1294 (id=1093132970).
2026-09-19 00:08:11,667 [INFO] Zapisano rekord 727/1294 (id=727684078).
2026-09-19 00:08:24,743 [INFO] Zapisano rekord 724/1294 (id=1034376645).
2026-09-19 00:08:36,624 [INFO] Zapisano rekord 728/1294 (id=1095418949).
2026-09-19 00:08:48,673 [INFO] Zapisano rekord 725/1294 (id=1098196297).
2026-09-19 00:09:03,874 [INFO] Zapisano rekord 729/1294 (id=1093132970).
2026-09-19 00:09:13,452 [INFO] Zapisano rekord 726/1294 (id=1097573072).
2026-09-19 00:09:25,961 [INFO] Zapisano rekord 730/1294 (id=1034376645).
2026-09-19 00:10:09,654 [INFO] Zapisano rekord 727/1294 (id=727684078).
2026-09-19 00:10:20,593 [INFO] Zapisano rekord 731/1294 (id=1096166795).
2026-09-19 00:10:32,443 [INFO] Zapisano rekord 728/1294 (id=1095418949).
2026-09-19 00:11:15,732 [INFO] Zapisano rekord 732/1294 (id=1096337932).
2026-09-19 00:11:31,222 [INFO] Zapisano rekord 729/1294 (id=1093132970).
2026-09-19 00:11:43,050 [INFO] Zapisano rekord 733/1294 (id=1093099802).
2026-09-19 00:11:55,653 [INFO] Zapisano rekord 730/1294 (id=1034376645).
2026-09-19 00:12:06,385 [INFO] Zapisano rekord 734/1294 (id=1097231253).
2026-09-19 00:12:17,289 [INFO] Zapisano rekord 731/1294 (id=1096166795).
2026-09-19 00:12:34,345 [INFO] Zapisano rekord 735/1294 (id=1098239906).
2026-09-19 00:13:17,691 [INFO] Zapisano rekord 732/1294 (id=1096337932).
2026-09-19 00:13:25,902 [INFO] Zapisano rekord 736/1294 (id=1098748515).
2026-09-19 00:13:37,753 [INFO] Zapisano rekord 733/1294 (id=1093099802).
2026-09-19 00:13:48,730 [INFO] Zapisano rekord 737/1294 (id=1093772791).
2026-09-19 00:13:59,246 [INFO] Zapisano rekord 734/1294 (id=1097231253).
2026-09-19 00:14:05,798 [INFO] Zapisano rekord 738/1294 (id=1022332641).
2026-09-19 00:14:22,872 [INFO] Zapisano rekord 735/1294 (id=1098239906).
2026-09-19 00:14:32,350 [INFO] Zapisano rekord 739/1294 (id=1093717468).
2026-09-19 00:14:40,582 [INFO] Zapisano rekord 736/1294 (id=1098748515).
2026-09-19 00:14:53,819 [INFO] Zapisano rekord 740/1294 (id=1098611934).
2026-09-19 00:15:04,766 [INFO] Zapisano rekord 737/1294 (id=1093772791).
2026-09-19 00:15:15,220 [INFO] Zapisano rekord 741/1294 (id=1097367182).
2026-09-19 00:15:21,738 [INFO] Zapisano rekord 738/1294 (id=1022332641).
2026-09-19 00:15:34,317 [INFO] Zapisano rekord 742/1294 (id=1096767058).
2026-09-19 00:15:43,718 [INFO] Zapisano rekord 739/1294 (id=1093717468).
2026-09-19 00:15:50,455 [INFO] Zapisano rekord 743/1294 (id=1098563183).
2026-09-19 00:16:04,158 [INFO] Zapisano rekord 740/1294 (id=1098611934).
2026-09-19 00:16:22,930 [INFO] Zapisano rekord 744/1294 (id=1096348202).
2026-09-19 00:16:33,484 [INFO] Zapisano rekord 741/1294 (id=1097367182).
2026-09-19 00:16:47,058 [INFO] Zapisano rekord 745/1294 (id=1098937223).
2026-09-19 00:16:59,607 [INFO] Zapisano rekord 742/1294 (id=1096767058).
2026-09-19 00:17:09,577 [INFO] Zapisano rekord 746/1294 (id=1098379645).
2026-09-19 00:17:16,212 [INFO] Zapisano rekord 743/1294 (id=1098563183).
2026-09-19 00:17:27,238 [INFO] Zapisano rekord 747/1294 (id=1096384650).
2026-09-19 00:17:46,074 [INFO] Zapisano rekord 744/1294 (id=1096348202).
2026-09-19 00:17:54,513 [INFO] Zapisano rekord 748/1294 (id=1097947975).
2026-09-19 00:18:08,042 [INFO] Zapisano rekord 745/1294 (id=1098937223).
2026-09-19 00:18:20,990 [INFO] Zapisano rekord 749/1294 (id=1098935174).
2026-09-19 00:18:31,048 [INFO] Zapisano rekord 746/1294 (id=1098379645).
2026-09-19 00:18:40,556 [INFO] Zapisano rekord 750/1294 (id=1096533710).
2026-09-19 00:18:51,703 [INFO] Zapisano rekord 747/1294 (id=1096384650).
2026-09-19 00:19:00,797 [INFO] Zapisano rekord 751/1294 (id=1094893771).
2026-09-19 00:19:09,145 [INFO] Zapisano rekord 748/1294 (id=1097947975).
2026-09-19 00:19:18,210 [INFO] Zapisano rekord 752/1294 (id=1017259564).
2026-09-19 00:19:31,029 [INFO] Zapisano rekord 749/1294 (id=1098935174).
2026-09-19 00:19:43,282 [INFO] Zapisano rekord 753/1294 (id=1098287540).
2026-09-19 00:19:52,847 [INFO] Zapisano rekord 750/1294 (id=1096533710).
2026-09-19 00:20:07,804 [INFO] Zapisano rekord 754/1294 (id=1096066612).
2026-09-19 00:20:16,817 [INFO] Zapisano rekord 751/1294 (id=1094893771).
2026-09-19 00:20:24,532 [INFO] Zapisano rekord 755/1294 (id=1098856557).
2026-09-19 00:20:33,627 [INFO] Zapisano rekord 752/1294 (id=1017259564).
2026-09-19 00:20:46,136 [INFO] Zapisano rekord 756/1294 (id=1047996620).
2026-09-19 00:20:59,389 [INFO] Zapisano rekord 753/1294 (id=1098287540).
2026-09-19 00:21:09,573 [INFO] Zapisano rekord 757/1294 (id=1096951484).
2026-09-19 00:21:24,548 [INFO] Zapisano rekord 754/1294 (id=1096066612).
2026-09-19 00:21:37,434 [INFO] Zapisano rekord 758/1294 (id=1096519549).
2026-09-19 00:21:45,075 [INFO] Zapisano rekord 755/1294 (id=1098856557).
2026-09-19 00:21:52,370 [INFO] Zapisano rekord 759/1294 (id=1095945369).
2026-09-19 00:22:04,791 [INFO] Zapisano rekord 756/1294 (id=1047996620).
2026-09-19 00:22:16,377 [INFO] Zapisano rekord 760/1294 (id=1097916453).
2026-09-19 00:22:26,692 [INFO] Zapisano rekord 757/1294 (id=1096951484).
2026-09-19 00:22:36,688 [INFO] Zapisano rekord 761/1294 (id=1098907321).
2026-09-19 00:22:49,488 [INFO] Zapisano rekord 758/1294 (id=1096519549).
2026-09-19 00:22:57,684 [INFO] Zapisano rekord 762/1294 (id=1096491721).
2026-09-19 00:23:05,015 [INFO] Zapisano rekord 759/1294 (id=1095945369).
2026-09-19 00:23:16,782 [INFO] Zapisano rekord 763/1294 (id=1097708424).
2026-09-19 00:23:28,443 [INFO] Zapisano rekord 760/1294 (id=1097916453).
2026-09-19 00:23:37,279 [INFO] Zapisano rekord 764/1294 (id=1098873780).
2026-09-19 00:23:47,175 [INFO] Zapisano rekord 761/1294 (id=1098907321).
2026-09-19 00:23:59,679 [INFO] Zapisano rekord 765/1294 (id=1090606456).
2026-09-19 00:24:07,912 [INFO] Zapisano rekord 762/1294 (id=1096491721).
2026-09-19 00:24:22,817 [INFO] Zapisano rekord 766/1294 (id=1093507728).
2026-09-19 00:24:35,720 [INFO] Zapisano rekord 763/1294 (id=1097708424).
2026-09-19 00:24:49,136 [INFO] Zapisano rekord 767/1294 (id=1081327010).
2026-09-19 00:24:57,875 [INFO] Zapisano rekord 764/1294 (id=1098873780).
2026-09-19 00:25:38,102 [INFO] Zapisano rekord 768/1294 (id=1096183654).
2026-09-19 00:25:50,949 [INFO] Zapisano rekord 765/1294 (id=1090606456).
2026-09-19 00:26:05,851 [INFO] Zapisano rekord 769/1294 (id=1095099113).
2026-09-19 00:26:20,370 [INFO] Zapisano rekord 766/1294 (id=1093507728).
2026-09-19 00:26:26,421 [INFO] Zapisano rekord 770/1294 (id=1098411824).
2026-09-19 00:26:39,859 [INFO] Zapisano rekord 767/1294 (id=1081327010).
2026-09-19 00:26:49,512 [INFO] Zapisano rekord 771/1294 (id=1096528768).
2026-09-19 00:27:29,840 [INFO] Zapisano rekord 768/1294 (id=1096183654).
2026-09-19 00:27:37,453 [INFO] Zapisano rekord 772/1294 (id=1091998957).
2026-09-19 00:27:52,331 [INFO] Zapisano rekord 769/1294 (id=1095099113).
2026-09-19 00:28:35,305 [INFO] Zapisano rekord 773/1294 (id=1097406442).
2026-09-19 00:28:41,696 [INFO] Zapisano rekord 770/1294 (id=1098411824).
2026-09-19 00:28:58,071 [INFO] Zapisano rekord 774/1294 (id=828043664).
2026-09-19 00:29:06,726 [INFO] Zapisano rekord 771/1294 (id=1096528768).
2026-09-19 00:29:18,213 [INFO] Zapisano rekord 775/1294 (id=1090645731).
2026-09-19 00:29:25,755 [INFO] Zapisano rekord 772/1294 (id=1091998957).
2026-09-19 00:29:38,217 [INFO] Zapisano rekord 776/1294 (id=1093111033).
2026-09-19 00:30:21,295 [INFO] Zapisano rekord 773/1294 (id=1097406442).
2026-09-19 00:30:30,875 [INFO] Zapisano rekord 777/1294 (id=1059875280).
2026-09-19 00:30:47,517 [INFO] Zapisano rekord 774/1294 (id=828043664).
2026-09-19 00:30:57,998 [INFO] Zapisano rekord 778/1294 (id=1095314445).
2026-09-19 00:31:09,654 [INFO] Zapisano rekord 775/1294 (id=1090645731).
2026-09-19 00:31:18,048 [INFO] Zapisano rekord 779/1294 (id=1041618165).
2026-09-19 00:31:30,496 [INFO] Zapisano rekord 776/1294 (id=1093111033).
2026-09-19 00:31:39,465 [INFO] Zapisano rekord 780/1294 (id=1096830966).
2026-09-19 00:31:48,919 [INFO] Zapisano rekord 777/1294 (id=1059875280).
2026-09-19 00:31:56,418 [INFO] Zapisano rekord 781/1294 (id=1084351477).
2026-09-19 00:32:06,860 [INFO] Zapisano rekord 778/1294 (id=1095314445).
2026-09-19 00:32:18,723 [INFO] Zapisano rekord 782/1294 (id=1089523158).
2026-09-19 00:32:27,255 [INFO] Zapisano rekord 779/1294 (id=1041618165).
2026-09-19 00:32:41,538 [INFO] Zapisano rekord 783/1294 (id=1094722533).
2026-09-19 00:32:50,384 [INFO] Zapisano rekord 780/1294 (id=1096830966).
2026-09-19 00:33:01,800 [INFO] Zapisano rekord 784/1294 (id=916654044).
2026-09-19 00:33:09,309 [INFO] Zapisano rekord 781/1294 (id=1084351477).
2026-09-19 00:33:23,171 [INFO] Zapisano rekord 785/1294 (id=1092334004).
2026-09-19 00:33:35,041 [INFO] Zapisano rekord 782/1294 (id=1089523158).
2026-09-19 00:33:47,885 [INFO] Zapisano rekord 786/1294 (id=1093555505).
2026-09-19 00:34:02,167 [INFO] Zapisano rekord 783/1294 (id=1094722533).
2026-09-19 00:34:13,846 [INFO] Zapisano rekord 787/1294 (id=1098431173).
2026-09-19 00:34:25,242 [INFO] Zapisano rekord 784/1294 (id=916654044).
2026-09-19 00:34:41,466 [INFO] Zapisano rekord 788/1294 (id=1096975360).
2026-09-19 00:34:55,314 [INFO] Zapisano rekord 785/1294 (id=1092334004).
2026-09-19 00:35:07,048 [INFO] Zapisano rekord 789/1294 (id=1098897039).
2026-09-19 00:35:19,866 [INFO] Zapisano rekord 786/1294 (id=1093555505).
2026-09-19 00:35:29,498 [INFO] Zapisano rekord 790/1294 (id=1066267890).
2026-09-19 00:35:41,040 [INFO] Zapisano rekord 787/1294 (id=1098431173).
2026-09-19 00:35:50,449 [INFO] Zapisano rekord 791/1294 (id=1092927987).
2026-09-19 00:36:06,537 [INFO] Zapisano rekord 788/1294 (id=1096975360).
2026-09-19 00:36:14,840 [INFO] Zapisano rekord 792/1294 (id=1015611013).
2026-09-19 00:36:26,415 [INFO] Zapisano rekord 789/1294 (id=1098897039).
2026-09-19 00:36:38,659 [INFO] Zapisano rekord 793/1294 (id=1097424037).
2026-09-19 00:36:48,300 [INFO] Zapisano rekord 790/1294 (id=1066267890).
2026-09-19 00:37:08,184 [INFO] Zapisano rekord 794/1294 (id=1096784400).
2026-09-19 00:37:17,594 [INFO] Zapisano rekord 791/1294 (id=1092927987).
2026-09-19 00:37:24,984 [INFO] Zapisano rekord 795/1294 (id=1097774169).
2026-09-19 00:37:33,255 [INFO] Zapisano rekord 792/1294 (id=1015611013).
2026-09-19 00:37:46,695 [INFO] Zapisano rekord 796/1294 (id=1062971670).
2026-09-19 00:37:58,918 [INFO] Zapisano rekord 793/1294 (id=1097424037).
2026-09-19 00:38:08,599 [INFO] Zapisano rekord 797/1294 (id=1098976384).
2026-09-19 00:38:28,845 [INFO] Zapisano rekord 794/1294 (id=1096784400).
2026-09-19 00:38:37,603 [INFO] Zapisano rekord 798/1294 (id=1092364448).
2026-09-19 00:38:44,204 [INFO] Zapisano rekord 795/1294 (id=1097774169).
2026-09-19 00:38:51,763 [INFO] Zapisano rekord 799/1294 (id=1099011288).
2026-09-19 00:39:04,236 [INFO] Zapisano rekord 796/1294 (id=1062971670).
2026-09-19 00:39:15,402 [INFO] Zapisano rekord 800/1294 (id=914666708).
2026-09-19 00:39:24,027 [INFO] Zapisano rekord 797/1294 (id=1098976384).
2026-09-19 00:39:31,508 [INFO] Zapisano rekord 801/1294 (id=1096416070).
2026-09-19 00:39:40,288 [INFO] Zapisano rekord 798/1294 (id=1092364448).
2026-09-19 00:39:55,687 [INFO] Zapisano rekord 802/1294 (id=1091567967).
2026-09-19 00:40:03,276 [INFO] Zapisano rekord 799/1294 (id=1099011288).
2026-09-19 00:40:10,748 [INFO] Zapisano rekord 803/1294 (id=1097562602).
2026-09-19 00:40:21,736 [INFO] Zapisano rekord 800/1294 (id=914666708).
2026-09-19 00:40:39,010 [INFO] Zapisano rekord 804/1294 (id=1091534899).
2026-09-19 00:40:46,531 [INFO] Zapisano rekord 801/1294 (id=1096416070).
2026-09-19 00:41:00,951 [INFO] Zapisano rekord 805/1294 (id=1083956229).
2026-09-19 00:41:16,684 [INFO] Zapisano rekord 802/1294 (id=1091567967).
2026-09-19 00:41:24,829 [INFO] Zapisano rekord 806/1294 (id=1090329685).
2026-09-19 00:41:32,324 [INFO] Zapisano rekord 803/1294 (id=1097562602).
2026-09-19 00:41:38,068 [INFO] Zapisano rekord 807/1294 (id=1088190047).
2026-09-19 00:41:55,379 [INFO] Zapisano rekord 804/1294 (id=1091534899).
2026-09-19 00:42:01,017 [INFO] Zapisano rekord 808/1294 (id=1062913388).
2026-09-19 00:42:15,150 [INFO] Zapisano rekord 805/1294 (id=1083956229).
2026-09-19 00:42:26,502 [INFO] Zapisano rekord 809/1294 (id=1082214970).
2026-09-19 00:42:34,653 [INFO] Zapisano rekord 806/1294 (id=1090329685).
2026-09-19 00:43:07,442 [INFO] Zapisano rekord 810/1294 (id=1096333929).
2026-09-19 00:43:13,501 [INFO] Zapisano rekord 807/1294 (id=1088190047).
2026-09-19 00:43:21,595 [INFO] Zapisano rekord 811/1294 (id=1098187228).
2026-09-19 00:43:27,283 [INFO] Zapisano rekord 808/1294 (id=1062913388).
2026-09-19 00:43:34,923 [INFO] Zapisano rekord 812/1294 (id=1086724858).
2026-09-19 00:43:46,228 [INFO] Zapisano rekord 809/1294 (id=1082214970).
2026-09-19 00:43:54,425 [INFO] Zapisano rekord 813/1294 (id=1098964067).
2026-09-19 00:44:26,794 [INFO] Zapisano rekord 810/1294 (id=1096333929).
2026-09-19 00:44:34,787 [INFO] Zapisano rekord 814/1294 (id=1097347028).
2026-09-19 00:44:42,884 [INFO] Zapisano rekord 811/1294 (id=1098187228).
2026-09-19 00:45:25,763 [INFO] Zapisano rekord 815/1294 (id=1020686859).
2026-09-19 00:45:33,909 [INFO] Zapisano rekord 812/1294 (id=1086724858).
2026-09-19 00:45:45,352 [INFO] Zapisano rekord 816/1294 (id=1097054109).
2026-09-19 00:45:53,532 [INFO] Zapisano rekord 813/1294 (id=1098964067).
2026-09-19 00:46:00,935 [INFO] Zapisano rekord 817/1294 (id=1052123546).
2026-09-19 00:46:08,867 [INFO] Zapisano rekord 814/1294 (id=1097347028).
2026-09-19 00:46:14,789 [INFO] Zapisano rekord 818/1294 (id=1076852959).
2026-09-19 00:46:57,592 [INFO] Zapisano rekord 815/1294 (id=1020686859).
2026-09-19 00:47:07,255 [INFO] Zapisano rekord 819/1294 (id=1098837099).
2026-09-19 00:47:18,699 [INFO] Zapisano rekord 816/1294 (id=1097054109).
2026-09-19 00:47:36,199 [INFO] Zapisano rekord 820/1294 (id=1097408013).
2026-09-19 00:47:43,645 [INFO] Zapisano rekord 817/1294 (id=1052123546).
2026-09-19 00:47:50,158 [INFO] Zapisano rekord 821/1294 (id=1094672327).
2026-09-19 00:47:56,028 [INFO] Zapisano rekord 818/1294 (id=1076852959).
2026-09-19 00:48:03,092 [INFO] Zapisano rekord 822/1294 (id=1098955264).
2026-09-19 00:48:12,726 [INFO] Zapisano rekord 819/1294 (id=1098837099).
2026-09-19 00:48:25,628 [INFO] Zapisano rekord 823/1294 (id=1090183795).
2026-09-19 00:48:43,138 [INFO] Zapisano rekord 820/1294 (id=1097408013).
2026-09-19 00:48:59,577 [INFO] Zapisano rekord 824/1294 (id=1095927685).
2026-09-19 00:49:06,061 [INFO] Zapisano rekord 821/1294 (id=1094672327).
2026-09-19 00:49:11,364 [INFO] Zapisano rekord 825/1294 (id=1096187881).
2026-09-19 00:49:18,389 [INFO] Zapisano rekord 822/1294 (id=1098955264).
2026-09-19 00:49:34,625 [INFO] Zapisano rekord 826/1294 (id=1093442000).
2026-09-19 00:49:47,547 [INFO] Zapisano rekord 823/1294 (id=1090183795).
2026-09-19 00:49:58,703 [INFO] Zapisano rekord 827/1294 (id=1097768374).
2026-09-19 00:50:09,367 [WARNING] Przerwano przez użytkownika (Ctrl+C). Postęp został zapisany, można wznowić uruchamiając skrypt ponownie.
2026-09-19 00:50:11,616 [INFO] Start analizy: room_offers2.csv -> room_offers2_analyzed.csv (model: llama3.2:3b)
2026-09-19 00:50:11,840 [INFO] Wznawianie od rekordu 828/1294 (znaleziono wcześniejszy postęp).
2026-09-19 00:50:15,686 [INFO] Zapisano rekord 824/1294 (id=1095927685).
2026-09-19 00:50:20,631 [INFO] Zapisano rekord 828/1294 (id=1095171215).
2026-09-19 00:50:23,896 [WARNING] Przerwano przez użytkownika (Ctrl+C). Postęp został zapisany, można wznowić uruchamiając skrypt ponownie.
2026-09-19 00:50:26,103 [INFO] Zapisano rekord 825/1294 (id=1096187881).
2026-09-19 10:14:52,337 [INFO] Start analizy: room_offers2.csv -> room_offers2_analyzed.csv (model: llama3.2:3b)
2026-09-19 10:14:52,419 [INFO] Wznawianie od rekordu 826/1294 (znaleziono wcześniejszy postęp).
2026-09-19 10:14:59,691 [INFO] Zapisano rekord 826/1294 (id=1093442000).
2026-09-19 10:15:05,450 [INFO] Zapisano rekord 826/1294 (id=1093442000).
2026-09-19 10:15:18,844 [INFO] Zapisano rekord 827/1294 (id=1097768374).
2026-09-19 10:15:24,529 [INFO] Zapisano rekord 827/1294 (id=1097768374).
2026-09-19 10:15:29,581 [INFO] Zapisano rekord 828/1294 (id=1095171215).
2026-09-19 10:15:33,866 [INFO] Zapisano rekord 828/1294 (id=1095171215).
2026-09-19 10:15:45,121 [INFO] Zapisano rekord 829/1294 (id=1097769852).
2026-09-19 10:15:50,084 [INFO] Zapisano rekord 829/1294 (id=1097769852).
2026-09-19 10:16:03,547 [INFO] Zapisano rekord 830/1294 (id=1096742363).
2026-09-19 10:16:08,262 [INFO] Zapisano rekord 830/1294 (id=1096742363).
2026-09-19 10:16:19,555 [INFO] Zapisano rekord 831/1294 (id=1097768374).
2026-09-19 10:16:24,953 [INFO] Zapisano rekord 831/1294 (id=1097768374).
2026-09-19 10:16:32,561 [INFO] Zapisano rekord 832/1294 (id=1098159286).
2026-09-19 10:16:37,172 [INFO] Zapisano rekord 832/1294 (id=1098159286).
2026-09-19 10:16:52,559 [INFO] Zapisano rekord 833/1294 (id=1095928857).
2026-09-19 10:16:58,106 [INFO] Zapisano rekord 833/1294 (id=1095928857).
2026-09-19 10:17:13,787 [INFO] Zapisano rekord 834/1294 (id=1098762167).
2026-09-19 10:17:18,468 [INFO] Zapisano rekord 834/1294 (id=1098762167).
2026-09-19 10:17:35,066 [INFO] Zapisano rekord 835/1294 (id=1090751426).
2026-09-19 10:17:39,882 [INFO] Zapisano rekord 835/1294 (id=1090751426).
2026-09-19 10:17:51,798 [INFO] Zapisano rekord 836/1294 (id=951386543).
2026-09-19 10:17:56,531 [INFO] Zapisano rekord 836/1294 (id=951386543).
2026-09-19 10:18:06,933 [INFO] Zapisano rekord 837/1294 (id=1085287356).
2026-09-19 10:18:11,813 [INFO] Zapisano rekord 837/1294 (id=1085287356).
2026-09-19 10:18:17,415 [INFO] Zapisano rekord 838/1294 (id=1096417021).
2026-09-19 10:18:21,875 [INFO] Zapisano rekord 838/1294 (id=1096417021).
2026-09-19 10:18:30,708 [INFO] Zapisano rekord 839/1294 (id=1093725229).
2026-09-19 10:18:36,123 [INFO] Zapisano rekord 839/1294 (id=1093725229).
2026-09-19 10:18:46,906 [INFO] Zapisano rekord 840/1294 (id=1090788906).
2026-09-19 10:18:52,420 [INFO] Zapisano rekord 840/1294 (id=1090788906).
2026-09-19 10:18:59,630 [INFO] Zapisano rekord 841/1294 (id=1098819055).
2026-09-19 10:19:04,242 [INFO] Zapisano rekord 841/1294 (id=1098819055).
2026-09-19 10:19:14,825 [INFO] Zapisano rekord 842/1294 (id=1096367572).
2026-09-19 10:19:20,553 [INFO] Zapisano rekord 842/1294 (id=1096367572).
2026-09-19 10:19:30,440 [INFO] Zapisano rekord 843/1294 (id=1086440661).
2026-09-19 10:19:35,514 [INFO] Zapisano rekord 843/1294 (id=1086440661).
2026-09-19 10:19:51,505 [INFO] Zapisano rekord 844/1294 (id=1089058896).
2026-09-19 10:19:56,701 [INFO] Zapisano rekord 844/1294 (id=1089058896).
2026-09-19 10:20:05,829 [INFO] Zapisano rekord 845/1294 (id=1095376814).
2026-09-19 10:20:10,548 [INFO] Zapisano rekord 845/1294 (id=1095376814).
2026-09-19 10:20:17,692 [INFO] Zapisano rekord 846/1294 (id=1090360662).
2026-09-19 10:20:22,265 [INFO] Zapisano rekord 846/1294 (id=1090360662).
2026-09-19 10:20:37,924 [INFO] Zapisano rekord 847/1294 (id=1097372460).
2026-09-19 10:20:44,825 [INFO] Zapisano rekord 847/1294 (id=1097372460).
2026-09-19 10:20:57,197 [INFO] Zapisano rekord 848/1294 (id=1096334137).
2026-09-19 10:21:01,746 [INFO] Zapisano rekord 848/1294 (id=1096334137).
2026-09-19 10:21:12,713 [INFO] Zapisano rekord 849/1294 (id=1094945168).
2026-09-19 10:21:19,169 [INFO] Zapisano rekord 849/1294 (id=1094945168).
2026-09-19 10:21:28,953 [INFO] Zapisano rekord 850/1294 (id=1098070153).
2026-09-19 10:21:34,150 [INFO] Zapisano rekord 850/1294 (id=1098070153).
2026-09-19 10:21:48,681 [INFO] Zapisano rekord 851/1294 (id=1088187638).
2026-09-19 10:21:53,712 [INFO] Zapisano rekord 851/1294 (id=1088187638).
2026-09-19 10:22:04,454 [INFO] Zapisano rekord 852/1294 (id=1096558360).
2026-09-19 10:22:10,304 [INFO] Zapisano rekord 852/1294 (id=1096558360).
2026-09-19 10:22:19,661 [INFO] Zapisano rekord 853/1294 (id=1098515423).
2026-09-19 10:22:24,493 [INFO] Zapisano rekord 853/1294 (id=1098515423).
2026-09-19 10:22:36,962 [INFO] Zapisano rekord 854/1294 (id=1097749036).
2026-09-19 10:22:41,809 [INFO] Zapisano rekord 854/1294 (id=1097749036).
2026-09-19 10:22:51,027 [INFO] Zapisano rekord 855/1294 (id=1098685614).
2026-09-19 10:22:56,052 [INFO] Zapisano rekord 855/1294 (id=1098685614).
2026-09-19 10:23:03,895 [INFO] Zapisano rekord 856/1294 (id=1076807733).
2026-09-19 10:23:09,232 [INFO] Zapisano rekord 856/1294 (id=1076807733).
2026-09-19 10:23:17,516 [INFO] Zapisano rekord 857/1294 (id=1098173059).
2026-09-19 10:23:22,033 [INFO] Zapisano rekord 857/1294 (id=1098173059).
2026-09-19 10:23:35,880 [INFO] Zapisano rekord 858/1294 (id=1097413045).
2026-09-19 10:23:41,158 [INFO] Zapisano rekord 858/1294 (id=1097413045).
2026-09-19 10:23:56,438 [INFO] Zapisano rekord 859/1294 (id=1097395629).
2026-09-19 10:24:03,274 [INFO] Zapisano rekord 859/1294 (id=1097395629).
2026-09-19 10:24:10,858 [INFO] Zapisano rekord 860/1294 (id=1099023356).
2026-09-19 10:24:15,173 [INFO] Zapisano rekord 860/1294 (id=1099023356).
2026-09-19 10:24:23,918 [INFO] Zapisano rekord 861/1294 (id=1092949506).
2026-09-19 10:24:29,092 [INFO] Zapisano rekord 861/1294 (id=1092949506).
2026-09-19 10:24:38,258 [INFO] Zapisano rekord 862/1294 (id=1091274374).
2026-09-19 10:24:42,718 [INFO] Zapisano rekord 862/1294 (id=1091274374).
2026-09-19 10:24:54,351 [INFO] Zapisano rekord 863/1294 (id=1095362498).
2026-09-19 10:24:59,159 [INFO] Zapisano rekord 863/1294 (id=1095362498).
2026-09-19 10:25:10,868 [INFO] Zapisano rekord 864/1294 (id=1082490871).
2026-09-19 10:25:15,579 [INFO] Zapisano rekord 864/1294 (id=1082490871).
2026-09-19 10:25:28,717 [INFO] Zapisano rekord 865/1294 (id=1095873703).
2026-09-19 10:25:33,687 [INFO] Zapisano rekord 865/1294 (id=1095873703).
2026-09-19 10:25:42,889 [INFO] Zapisano rekord 866/1294 (id=1096643804).
2026-09-19 10:25:47,324 [INFO] Zapisano rekord 866/1294 (id=1096643804).
2026-09-19 10:26:03,552 [INFO] Zapisano rekord 867/1294 (id=1026926923).
2026-09-19 10:26:08,335 [INFO] Zapisano rekord 867/1294 (id=1026926923).
2026-09-19 10:26:22,130 [INFO] Zapisano rekord 868/1294 (id=1091554317).
2026-09-19 10:26:26,814 [INFO] Zapisano rekord 868/1294 (id=1091554317).
2026-09-19 10:26:39,681 [INFO] Zapisano rekord 869/1294 (id=1092315697).
2026-09-19 10:26:43,979 [INFO] Zapisano rekord 869/1294 (id=1092315697).
2026-09-19 10:26:55,405 [INFO] Zapisano rekord 870/1294 (id=1095995907).
2026-09-19 10:26:59,739 [INFO] Zapisano rekord 870/1294 (id=1095995907).
2026-09-19 10:27:08,391 [INFO] Zapisano rekord 871/1294 (id=1099005503).
2026-09-19 10:27:12,910 [INFO] Zapisano rekord 871/1294 (id=1099005503).
2026-09-19 10:27:25,594 [INFO] Zapisano rekord 872/1294 (id=1098165358).
2026-09-19 10:27:30,457 [INFO] Zapisano rekord 872/1294 (id=1098165358).
2026-09-19 10:27:42,674 [INFO] Zapisano rekord 873/1294 (id=1090660370).
2026-09-19 10:27:47,587 [INFO] Zapisano rekord 873/1294 (id=1090660370).
2026-09-19 10:27:54,486 [INFO] Zapisano rekord 874/1294 (id=1096652293).
2026-09-19 10:27:59,522 [INFO] Zapisano rekord 874/1294 (id=1096652293).
2026-09-19 10:28:07,944 [INFO] Zapisano rekord 875/1294 (id=1092588119).
2026-09-19 10:28:13,120 [INFO] Zapisano rekord 875/1294 (id=1092588119).
2026-09-19 10:28:19,111 [INFO] Zapisano rekord 876/1294 (id=1096508999).
2026-09-19 10:28:23,477 [INFO] Zapisano rekord 876/1294 (id=1096508999).
2026-09-19 10:28:36,808 [INFO] Zapisano rekord 877/1294 (id=1096152624).
2026-09-19 10:28:41,410 [INFO] Zapisano rekord 877/1294 (id=1096152624).
2026-09-19 10:28:49,384 [INFO] Zapisano rekord 878/1294 (id=1097326684).
2026-09-19 10:28:54,295 [INFO] Zapisano rekord 878/1294 (id=1097326684).
2026-09-19 10:29:05,909 [INFO] Zapisano rekord 879/1294 (id=1095870406).
2026-09-19 10:29:10,629 [INFO] Zapisano rekord 879/1294 (id=1095870406).
2026-09-19 10:29:16,635 [INFO] Zapisano rekord 880/1294 (id=1059798891).
2026-09-19 10:29:20,494 [INFO] Zapisano rekord 880/1294 (id=1059798891).
2026-09-19 10:29:27,338 [INFO] Zapisano rekord 881/1294 (id=648638568).
2026-09-19 10:29:31,613 [INFO] Zapisano rekord 881/1294 (id=648638568).
2026-09-19 10:29:43,753 [INFO] Zapisano rekord 882/1294 (id=1096970628).
2026-09-19 10:29:48,486 [INFO] Zapisano rekord 882/1294 (id=1096970628).
2026-09-19 10:29:59,977 [INFO] Zapisano rekord 883/1294 (id=1096340293).
2026-09-19 10:30:04,925 [INFO] Zapisano rekord 883/1294 (id=1096340293).
2026-09-19 10:30:14,757 [INFO] Zapisano rekord 884/1294 (id=1098675611).
2026-09-19 10:30:19,317 [INFO] Zapisano rekord 884/1294 (id=1098675611).
2026-09-19 10:30:30,523 [INFO] Zapisano rekord 885/1294 (id=1096254723).
2026-09-19 10:30:35,210 [INFO] Zapisano rekord 885/1294 (id=1096254723).
2026-09-19 10:30:43,210 [INFO] Zapisano rekord 886/1294 (id=1098978328).
2026-09-19 10:30:47,855 [INFO] Zapisano rekord 886/1294 (id=1098978328).
2026-09-19 10:30:54,905 [INFO] Zapisano rekord 887/1294 (id=1082353588).
2026-09-19 10:30:59,231 [INFO] Zapisano rekord 887/1294 (id=1082353588).
2026-09-19 10:31:05,838 [INFO] Zapisano rekord 888/1294 (id=1055324775).
2026-09-19 10:31:10,022 [INFO] Zapisano rekord 888/1294 (id=1055324775).
2026-09-19 10:31:20,332 [INFO] Zapisano rekord 889/1294 (id=1096621122).
2026-09-19 10:31:24,823 [INFO] Zapisano rekord 889/1294 (id=1096621122).
2026-09-19 10:31:33,587 [INFO] Zapisano rekord 890/1294 (id=984361413).
2026-09-19 10:31:38,420 [INFO] Zapisano rekord 890/1294 (id=984361413).
2026-09-19 10:31:54,396 [INFO] Zapisano rekord 891/1294 (id=1088688026).
2026-09-19 10:31:59,255 [INFO] Zapisano rekord 891/1294 (id=1088688026).
2026-09-19 10:32:14,357 [INFO] Zapisano rekord 892/1294 (id=1093085987).
2026-09-19 10:32:20,046 [INFO] Zapisano rekord 892/1294 (id=1093085987).
2026-09-19 10:32:30,263 [INFO] Zapisano rekord 893/1294 (id=668009474).
2026-09-19 10:32:35,016 [INFO] Zapisano rekord 893/1294 (id=668009474).
2026-09-19 10:32:47,208 [INFO] Zapisano rekord 894/1294 (id=1097770970).
2026-09-19 10:32:52,110 [INFO] Zapisano rekord 894/1294 (id=1097770970).
2026-09-19 10:32:58,386 [INFO] Zapisano rekord 895/1294 (id=1095945369).
2026-09-19 10:33:02,831 [INFO] Zapisano rekord 895/1294 (id=1095945369).
2026-09-19 10:33:20,255 [INFO] Zapisano rekord 896/1294 (id=1096384232).
2026-09-19 10:33:25,373 [INFO] Zapisano rekord 896/1294 (id=1096384232).
2026-09-19 10:33:32,673 [INFO] Zapisano rekord 897/1294 (id=1089709858).
2026-09-19 10:33:37,583 [INFO] Zapisano rekord 897/1294 (id=1089709858).
2026-09-19 10:33:49,209 [INFO] Zapisano rekord 898/1294 (id=1095756669).
2026-09-19 10:33:53,859 [INFO] Zapisano rekord 898/1294 (id=1095756669).
2026-09-19 10:34:03,235 [INFO] Zapisano rekord 899/1294 (id=1085893428).
2026-09-19 10:34:07,770 [INFO] Zapisano rekord 899/1294 (id=1085893428).
2026-09-19 10:34:20,864 [INFO] Zapisano rekord 900/1294 (id=1091579833).
2026-09-19 10:34:25,969 [INFO] Zapisano rekord 900/1294 (id=1091579833).
2026-09-19 10:34:37,110 [INFO] Zapisano rekord 901/1294 (id=1083951564).
2026-09-19 10:34:41,840 [INFO] Zapisano rekord 901/1294 (id=1083951564).
2026-09-19 10:34:49,044 [INFO] Zapisano rekord 902/1294 (id=1098200925).
2026-09-19 10:34:54,644 [INFO] Zapisano rekord 902/1294 (id=1098200925).
2026-09-19 10:35:04,915 [INFO] Zapisano rekord 903/1294 (id=1090064499).
2026-09-19 10:35:09,608 [INFO] Zapisano rekord 903/1294 (id=1090064499).
2026-09-19 10:35:15,936 [INFO] Zapisano rekord 904/1294 (id=1081794091).
2026-09-19 10:35:20,448 [INFO] Zapisano rekord 904/1294 (id=1081794091).
2026-09-19 10:35:28,075 [INFO] Zapisano rekord 905/1294 (id=1098915664).
2026-09-19 10:35:33,217 [INFO] Zapisano rekord 905/1294 (id=1098915664).
2026-09-19 10:35:40,454 [INFO] Zapisano rekord 906/1294 (id=1098676774).
2026-09-19 10:35:44,939 [INFO] Zapisano rekord 906/1294 (id=1098676774).
2026-09-19 10:35:53,803 [INFO] Zapisano rekord 907/1294 (id=1097640518).
2026-09-19 10:35:58,361 [INFO] Zapisano rekord 907/1294 (id=1097640518).
2026-09-19 10:36:05,213 [INFO] Zapisano rekord 908/1294 (id=1097557373).
2026-09-19 10:36:09,701 [INFO] Zapisano rekord 908/1294 (id=1097557373).
2026-09-19 10:36:23,221 [INFO] Zapisano rekord 909/1294 (id=1095145466).
2026-09-19 10:36:28,680 [INFO] Zapisano rekord 909/1294 (id=1095145466).
2026-09-19 10:36:40,570 [INFO] Zapisano rekord 910/1294 (id=1088293006).
2026-09-19 10:36:45,193 [INFO] Zapisano rekord 910/1294 (id=1088293006).
2026-09-19 10:37:23,400 [INFO] Zapisano rekord 911/1294 (id=1096357068).
2026-09-19 10:37:29,902 [INFO] Zapisano rekord 911/1294 (id=1096357068).
2026-09-19 10:37:46,655 [INFO] Zapisano rekord 912/1294 (id=1098878804).
2026-09-19 10:37:51,541 [INFO] Zapisano rekord 912/1294 (id=1098878804).
2026-09-19 10:37:59,047 [INFO] Zapisano rekord 913/1294 (id=1098366442).
2026-09-19 10:38:03,277 [INFO] Zapisano rekord 913/1294 (id=1098366442).
2026-09-19 10:38:16,692 [INFO] Zapisano rekord 914/1294 (id=1081328276).
2026-09-19 10:38:21,557 [INFO] Zapisano rekord 914/1294 (id=1081328276).
2026-09-19 10:38:34,112 [INFO] Zapisano rekord 915/1294 (id=1090077199).
2026-09-19 10:38:39,080 [INFO] Zapisano rekord 915/1294 (id=1090077199).
2026-09-19 10:38:50,139 [INFO] Zapisano rekord 916/1294 (id=1089963142).
2026-09-19 10:38:55,050 [INFO] Zapisano rekord 916/1294 (id=1089963142).
2026-09-19 10:39:05,102 [INFO] Zapisano rekord 917/1294 (id=1097288936).
2026-09-19 10:39:09,733 [INFO] Zapisano rekord 917/1294 (id=1097288936).
2026-09-19 10:39:13,722 [INFO] Zapisano rekord 918/1294 (id=1097178618).
2026-09-19 10:39:18,017 [INFO] Zapisano rekord 918/1294 (id=1097178618).
2026-09-19 10:39:27,938 [INFO] Zapisano rekord 919/1294 (id=1098678482).
2026-09-19 10:39:32,335 [INFO] Zapisano rekord 919/1294 (id=1098678482).
2026-09-19 10:39:48,617 [INFO] Zapisano rekord 920/1294 (id=1088688026).
2026-09-19 10:39:53,584 [INFO] Zapisano rekord 920/1294 (id=1088688026).
2026-09-19 10:40:08,242 [INFO] Zapisano rekord 921/1294 (id=1088187638).
2026-09-19 10:40:13,230 [INFO] Zapisano rekord 921/1294 (id=1088187638).
2026-09-19 10:40:23,040 [INFO] Zapisano rekord 922/1294 (id=1098077414).
2026-09-19 10:40:28,339 [INFO] Zapisano rekord 922/1294 (id=1098077414).
2026-09-19 10:40:38,886 [INFO] Zapisano rekord 923/1294 (id=1094837121).
2026-09-19 10:40:43,744 [INFO] Zapisano rekord 923/1294 (id=1094837121).
2026-09-19 10:41:24,820 [INFO] Zapisano rekord 924/1294 (id=1096188565).
2026-09-19 10:41:30,612 [INFO] Zapisano rekord 924/1294 (id=1096188565).
2026-09-19 10:41:48,623 [INFO] Zapisano rekord 925/1294 (id=1097495274).
2026-09-19 10:41:53,964 [INFO] Zapisano rekord 925/1294 (id=1097495274).
2026-09-19 10:42:01,806 [INFO] Zapisano rekord 926/1294 (id=1093932789).
2026-09-19 10:42:06,348 [INFO] Zapisano rekord 926/1294 (id=1093932789).
2026-09-19 10:42:17,191 [INFO] Zapisano rekord 927/1294 (id=1094768513).
2026-09-19 10:42:21,727 [INFO] Zapisano rekord 927/1294 (id=1094768513).
2026-09-19 10:42:27,758 [INFO] Zapisano rekord 928/1294 (id=1098720052).
2026-09-19 10:42:32,397 [INFO] Zapisano rekord 928/1294 (id=1098720052).
2026-09-19 10:42:44,109 [INFO] Zapisano rekord 929/1294 (id=1096809395).
2026-09-19 10:42:48,542 [INFO] Zapisano rekord 929/1294 (id=1096809395).
2026-09-19 10:42:57,659 [INFO] Zapisano rekord 930/1294 (id=1093093243).
2026-09-19 10:43:02,659 [INFO] Zapisano rekord 930/1294 (id=1093093243).
2026-09-19 10:43:11,963 [INFO] Zapisano rekord 931/1294 (id=1064335326).
2026-09-19 10:43:16,508 [INFO] Zapisano rekord 931/1294 (id=1064335326).
2026-09-19 10:43:27,944 [INFO] Zapisano rekord 932/1294 (id=1097397891).
2026-09-19 10:43:32,632 [INFO] Zapisano rekord 932/1294 (id=1097397891).
2026-09-19 10:43:38,970 [INFO] Zapisano rekord 933/1294 (id=1094178291).
2026-09-19 10:43:43,512 [INFO] Zapisano rekord 933/1294 (id=1094178291).
2026-09-19 10:43:52,722 [INFO] Zapisano rekord 934/1294 (id=1098854577).
2026-09-19 10:43:57,440 [INFO] Zapisano rekord 934/1294 (id=1098854577).
2026-09-19 10:44:09,428 [INFO] Zapisano rekord 935/1294 (id=1095667258).
2026-09-19 10:44:14,351 [INFO] Zapisano rekord 935/1294 (id=1095667258).
2026-09-19 10:44:21,204 [INFO] Zapisano rekord 936/1294 (id=1097941332).
2026-09-19 10:44:25,903 [INFO] Zapisano rekord 936/1294 (id=1097941332).
2026-09-19 10:44:32,607 [INFO] Zapisano rekord 937/1294 (id=1087328243).
2026-09-19 10:44:36,885 [INFO] Zapisano rekord 937/1294 (id=1087328243).
2026-09-19 10:44:47,211 [INFO] Zapisano rekord 938/1294 (id=996405053).
2026-09-19 10:44:51,522 [INFO] Zapisano rekord 938/1294 (id=996405053).
2026-09-19 10:45:00,681 [INFO] Zapisano rekord 939/1294 (id=1098584946).
2026-09-19 10:45:05,226 [INFO] Zapisano rekord 939/1294 (id=1098584946).
2026-09-19 10:45:11,225 [INFO] Zapisano rekord 940/1294 (id=1097217414).
2026-09-19 10:45:15,961 [INFO] Zapisano rekord 940/1294 (id=1097217414).
2026-09-19 10:45:35,633 [INFO] Zapisano rekord 941/1294 (id=1077842429).
2026-09-19 10:45:40,599 [INFO] Zapisano rekord 941/1294 (id=1077842429).
2026-09-19 10:46:12,595 [INFO] Zapisano rekord 942/1294 (id=1093663761).
2026-09-19 10:46:17,994 [INFO] Zapisano rekord 942/1294 (id=1093663761).
2026-09-19 10:46:27,729 [INFO] Zapisano rekord 943/1294 (id=1095005487).
2026-09-19 10:46:32,193 [INFO] Zapisano rekord 943/1294 (id=1095005487).
2026-09-19 10:46:44,567 [INFO] Zapisano rekord 944/1294 (id=1090839143).
2026-09-19 10:46:49,973 [INFO] Zapisano rekord 944/1294 (id=1090839143).
2026-09-19 10:47:01,637 [INFO] Zapisano rekord 945/1294 (id=1017933200).
2026-09-19 10:47:06,350 [INFO] Zapisano rekord 945/1294 (id=1017933200).
2026-09-19 10:47:18,864 [INFO] Zapisano rekord 946/1294 (id=1094208389).
2026-09-19 10:47:23,392 [INFO] Zapisano rekord 946/1294 (id=1094208389).
2026-09-19 10:47:30,408 [INFO] Zapisano rekord 947/1294 (id=1083654761).
2026-09-19 10:47:34,646 [INFO] Zapisano rekord 947/1294 (id=1083654761).
2026-09-19 10:47:42,174 [INFO] Zapisano rekord 948/1294 (id=1098737329).
2026-09-19 10:47:46,772 [INFO] Zapisano rekord 948/1294 (id=1098737329).
2026-09-19 10:47:55,817 [INFO] Zapisano rekord 949/1294 (id=1078907476).
2026-09-19 10:48:00,551 [INFO] Zapisano rekord 949/1294 (id=1078907476).
2026-09-19 10:48:40,760 [INFO] Zapisano rekord 950/1294 (id=1096395867).
2026-09-19 10:48:46,515 [INFO] Zapisano rekord 950/1294 (id=1096395867).
2026-09-19 10:48:54,094 [INFO] Zapisano rekord 951/1294 (id=1043002947).
2026-09-19 10:48:59,048 [INFO] Zapisano rekord 951/1294 (id=1043002947).
2026-09-19 10:49:07,519 [INFO] Zapisano rekord 952/1294 (id=1086746120).
2026-09-19 10:49:12,317 [INFO] Zapisano rekord 952/1294 (id=1086746120).
2026-09-19 10:49:32,340 [INFO] Zapisano rekord 953/1294 (id=1069793282).
2026-09-19 10:49:37,135 [INFO] Zapisano rekord 953/1294 (id=1069793282).
2026-09-19 10:49:52,781 [INFO] Zapisano rekord 954/1294 (id=1098357816).
2026-09-19 10:49:57,230 [INFO] Zapisano rekord 954/1294 (id=1098357816).
2026-09-19 10:50:07,506 [INFO] Zapisano rekord 955/1294 (id=1097413066).
2026-09-19 10:50:12,099 [INFO] Zapisano rekord 955/1294 (id=1097413066).
2026-09-19 10:50:21,645 [INFO] Zapisano rekord 956/1294 (id=1098544698).
2026-09-19 10:50:26,354 [INFO] Zapisano rekord 956/1294 (id=1098544698).
2026-09-19 10:50:37,351 [INFO] Zapisano rekord 957/1294 (id=1098640532).
2026-09-19 10:50:41,650 [INFO] Zapisano rekord 957/1294 (id=1098640532).
2026-09-19 10:50:48,169 [INFO] Zapisano rekord 958/1294 (id=1049014339).
2026-09-19 10:50:52,628 [INFO] Zapisano rekord 958/1294 (id=1049014339).
2026-09-19 10:51:04,139 [INFO] Zapisano rekord 959/1294 (id=1082231342).
2026-09-19 10:51:08,751 [INFO] Zapisano rekord 959/1294 (id=1082231342).
2026-09-19 10:51:20,960 [INFO] Zapisano rekord 960/1294 (id=1097545226).
2026-09-19 10:51:25,764 [INFO] Zapisano rekord 960/1294 (id=1097545226).
2026-09-19 10:51:36,275 [INFO] Zapisano rekord 961/1294 (id=1024294284).
2026-09-19 10:51:41,219 [INFO] Zapisano rekord 961/1294 (id=1024294284).
2026-09-19 10:51:52,316 [INFO] Zapisano rekord 962/1294 (id=1014271611).
2026-09-19 10:51:58,820 [INFO] Zapisano rekord 962/1294 (id=1014271611).
2026-09-19 10:52:14,479 [INFO] Zapisano rekord 963/1294 (id=1095099380).
2026-09-19 10:52:20,034 [INFO] Zapisano rekord 963/1294 (id=1095099380).
2026-09-19 10:52:25,947 [INFO] Zapisano rekord 964/1294 (id=1096258473).
2026-09-19 10:52:30,781 [INFO] Zapisano rekord 964/1294 (id=1096258473).
2026-09-19 10:52:41,687 [INFO] Zapisano rekord 965/1294 (id=1097518108).
2026-09-19 10:52:45,978 [INFO] Zapisano rekord 965/1294 (id=1097518108).
2026-09-19 10:52:55,947 [INFO] Zapisano rekord 966/1294 (id=1087045977).
2026-09-19 10:53:00,467 [INFO] Zapisano rekord 966/1294 (id=1087045977).
2026-09-19 10:53:07,990 [INFO] Zapisano rekord 967/1294 (id=1098773801).
2026-09-19 10:53:12,464 [INFO] Zapisano rekord 967/1294 (id=1098773801).
2026-09-19 10:53:24,196 [INFO] Zapisano rekord 968/1294 (id=1022714618).
2026-09-19 10:53:29,720 [INFO] Zapisano rekord 968/1294 (id=1022714618).
2026-09-19 10:53:37,009 [INFO] Zapisano rekord 969/1294 (id=1089523150).
2026-09-19 10:53:41,413 [INFO] Zapisano rekord 969/1294 (id=1089523150).
2026-09-19 10:53:56,464 [INFO] Zapisano rekord 970/1294 (id=1093114822).
2026-09-19 10:54:02,076 [INFO] Zapisano rekord 970/1294 (id=1093114822).
2026-09-19 10:54:09,098 [INFO] Zapisano rekord 971/1294 (id=1098481512).
2026-09-19 10:54:14,300 [INFO] Zapisano rekord 971/1294 (id=1098481512).
2026-09-19 10:54:23,910 [INFO] Zapisano rekord 972/1294 (id=1089878686).
2026-09-19 10:54:28,629 [INFO] Zapisano rekord 972/1294 (id=1089878686).
2026-09-19 10:54:36,552 [INFO] Zapisano rekord 973/1294 (id=1095473782).
2026-09-19 10:54:41,019 [INFO] Zapisano rekord 973/1294 (id=1095473782).
2026-09-19 10:54:54,046 [INFO] Zapisano rekord 974/1294 (id=1093102565).
2026-09-19 10:54:58,698 [INFO] Zapisano rekord 974/1294 (id=1093102565).
2026-09-19 10:55:16,746 [INFO] Zapisano rekord 975/1294 (id=1090931385).
2026-09-19 10:55:22,940 [INFO] Zapisano rekord 975/1294 (id=1090931385).
2026-09-19 10:55:30,865 [INFO] Zapisano rekord 976/1294 (id=1098873780).
2026-09-19 10:55:35,483 [INFO] Zapisano rekord 976/1294 (id=1098873780).
2026-09-19 10:55:44,594 [INFO] Zapisano rekord 977/1294 (id=1096759128).
2026-09-19 10:55:49,212 [INFO] Zapisano rekord 977/1294 (id=1096759128).
2026-09-19 10:55:54,915 [INFO] Zapisano rekord 978/1294 (id=1019874936).
2026-09-19 10:55:59,432 [INFO] Zapisano rekord 978/1294 (id=1019874936).
2026-09-19 10:56:15,566 [INFO] Zapisano rekord 979/1294 (id=1096339986).
2026-09-19 10:56:20,727 [INFO] Zapisano rekord 979/1294 (id=1096339986).
2026-09-19 10:56:27,412 [INFO] Zapisano rekord 980/1294 (id=1096895310).
2026-09-19 10:56:32,913 [INFO] Zapisano rekord 980/1294 (id=1096895310).
2026-09-19 10:56:45,149 [INFO] Zapisano rekord 981/1294 (id=1090264080).
2026-09-19 10:56:50,104 [INFO] Zapisano rekord 981/1294 (id=1090264080).
2026-09-19 10:56:59,313 [INFO] Zapisano rekord 982/1294 (id=1087911497).
2026-09-19 10:57:03,958 [INFO] Zapisano rekord 982/1294 (id=1087911497).
2026-09-19 10:57:11,895 [INFO] Zapisano rekord 983/1294 (id=1095473782).
2026-09-19 10:57:16,363 [INFO] Zapisano rekord 983/1294 (id=1095473782).
2026-09-19 10:57:27,908 [INFO] Zapisano rekord 984/1294 (id=654150324).
2026-09-19 10:57:32,145 [INFO] Zapisano rekord 984/1294 (id=654150324).
2026-09-19 10:57:44,195 [INFO] Zapisano rekord 985/1294 (id=1079677099).
2026-09-19 10:57:49,021 [INFO] Zapisano rekord 985/1294 (id=1079677099).
2026-09-19 10:57:55,713 [INFO] Zapisano rekord 986/1294 (id=1096768188).
2026-09-19 10:58:00,164 [INFO] Zapisano rekord 986/1294 (id=1096768188).
2026-09-19 10:58:16,556 [INFO] Zapisano rekord 987/1294 (id=1096296742).
2026-09-19 10:58:21,171 [INFO] Zapisano rekord 987/1294 (id=1096296742).
2026-09-19 10:58:29,001 [INFO] Zapisano rekord 988/1294 (id=1095468436).
2026-09-19 10:58:33,523 [INFO] Zapisano rekord 988/1294 (id=1095468436).
2026-09-19 10:58:42,317 [INFO] Zapisano rekord 989/1294 (id=1093826061).
2026-09-19 10:58:47,018 [INFO] Zapisano rekord 989/1294 (id=1093826061).
2026-09-19 10:58:56,293 [INFO] Zapisano rekord 990/1294 (id=1096576012).
2026-09-19 10:59:01,163 [INFO] Zapisano rekord 990/1294 (id=1096576012).
2026-09-19 10:59:07,075 [INFO] Zapisano rekord 991/1294 (id=1098943726).
2026-09-19 10:59:11,521 [INFO] Zapisano rekord 991/1294 (id=1098943726).
2026-09-19 10:59:19,534 [INFO] Zapisano rekord 992/1294 (id=1095179494).
2026-09-19 10:59:24,868 [INFO] Zapisano rekord 992/1294 (id=1095179494).
2026-09-19 10:59:33,663 [INFO] Zapisano rekord 993/1294 (id=1097115098).
2026-09-19 10:59:38,597 [INFO] Zapisano rekord 993/1294 (id=1097115098).
2026-09-19 10:59:54,135 [INFO] Zapisano rekord 994/1294 (id=1095099118).
2026-09-19 10:59:58,558 [INFO] Zapisano rekord 994/1294 (id=1095099118).
2026-09-19 11:00:10,423 [INFO] Zapisano rekord 995/1294 (id=1089866948).
2026-09-19 11:00:15,238 [INFO] Zapisano rekord 995/1294 (id=1089866948).
2026-09-19 11:00:22,789 [INFO] Zapisano rekord 996/1294 (id=1098159286).
2026-09-19 11:00:27,395 [INFO] Zapisano rekord 996/1294 (id=1098159286).
2026-09-19 11:00:38,408 [INFO] Zapisano rekord 997/1294 (id=1095434419).
2026-09-19 11:00:43,252 [INFO] Zapisano rekord 997/1294 (id=1095434419).
2026-09-19 11:00:55,750 [INFO] Zapisano rekord 998/1294 (id=1097755347).
2026-09-19 11:01:00,326 [INFO] Zapisano rekord 998/1294 (id=1097755347).
2026-09-19 11:01:40,855 [INFO] Zapisano rekord 999/1294 (id=1096395652).
2026-09-19 11:01:46,703 [INFO] Zapisano rekord 999/1294 (id=1096395652).
2026-09-19 11:01:56,168 [INFO] Zapisano rekord 1000/1294 (id=1095195620).
2026-09-19 11:02:01,674 [INFO] Zapisano rekord 1000/1294 (id=1095195620).
2026-09-19 11:02:10,682 [INFO] Zapisano rekord 1001/1294 (id=987211053).
2026-09-19 11:02:15,862 [INFO] Zapisano rekord 1001/1294 (id=987211053).
2026-09-19 11:02:23,771 [INFO] Zapisano rekord 1002/1294 (id=1093517042).
2026-09-19 11:02:27,914 [INFO] Zapisano rekord 1002/1294 (id=1093517042).
2026-09-19 11:02:38,835 [INFO] Zapisano rekord 1003/1294 (id=1087440802).
2026-09-19 11:02:43,842 [INFO] Zapisano rekord 1003/1294 (id=1087440802).
2026-09-19 11:02:52,004 [INFO] Zapisano rekord 1004/1294 (id=1098962264).
2026-09-19 11:02:56,623 [INFO] Zapisano rekord 1004/1294 (id=1098962264).
2026-09-19 11:03:05,560 [INFO] Zapisano rekord 1005/1294 (id=1097542951).
2026-09-19 11:03:10,551 [INFO] Zapisano rekord 1005/1294 (id=1097542951).
2026-09-19 11:03:18,447 [INFO] Zapisano rekord 1006/1294 (id=1097949551).
2026-09-19 11:03:23,241 [INFO] Zapisano rekord 1006/1294 (id=1097949551).
2026-09-19 11:03:29,022 [INFO] Zapisano rekord 1007/1294 (id=1097547848).
2026-09-19 11:03:33,429 [INFO] Zapisano rekord 1007/1294 (id=1097547848).
2026-09-19 11:03:45,457 [INFO] Zapisano rekord 1008/1294 (id=1079677099).
2026-09-19 11:03:50,316 [INFO] Zapisano rekord 1008/1294 (id=1079677099).
2026-09-19 11:04:00,865 [INFO] Zapisano rekord 1009/1294 (id=1092640097).
2026-09-19 11:04:05,683 [INFO] Zapisano rekord 1009/1294 (id=1092640097).
2026-09-19 11:04:14,325 [INFO] Zapisano rekord 1010/1294 (id=1098134024).
2026-09-19 11:04:19,040 [INFO] Zapisano rekord 1010/1294 (id=1098134024).
2026-09-19 11:04:28,500 [INFO] Zapisano rekord 1011/1294 (id=1095919385).
2026-09-19 11:04:33,045 [INFO] Zapisano rekord 1011/1294 (id=1095919385).
2026-09-19 11:04:43,345 [INFO] Zapisano rekord 1012/1294 (id=1081004050).
2026-09-19 11:04:48,023 [INFO] Zapisano rekord 1012/1294 (id=1081004050).
2026-09-19 11:04:53,131 [INFO] Zapisano rekord 1013/1294 (id=1064412614).
2026-09-19 11:04:57,365 [INFO] Zapisano rekord 1013/1294 (id=1064412614).
2026-09-19 11:05:08,107 [INFO] Zapisano rekord 1014/1294 (id=990458697).
2026-09-19 11:05:12,615 [INFO] Zapisano rekord 1014/1294 (id=990458697).
2026-09-19 11:05:19,666 [INFO] Zapisano rekord 1015/1294 (id=1043610165).
2026-09-19 11:05:24,412 [INFO] Zapisano rekord 1015/1294 (id=1043610165).
2026-09-19 11:05:34,223 [INFO] Zapisano rekord 1016/1294 (id=1095696906).
2026-09-19 11:05:39,449 [INFO] Zapisano rekord 1016/1294 (id=1095696906).
2026-09-19 11:05:44,583 [INFO] Zapisano rekord 1017/1294 (id=1098217214).
2026-09-19 11:05:48,828 [INFO] Zapisano rekord 1017/1294 (id=1098217214).
2026-09-19 11:05:59,101 [INFO] Zapisano rekord 1018/1294 (id=1097560601).
2026-09-19 11:06:04,235 [INFO] Zapisano rekord 1018/1294 (id=1097560601).
2026-09-19 11:06:11,030 [INFO] Zapisano rekord 1019/1294 (id=1096063977).
2026-09-19 11:06:14,824 [INFO] Zapisano rekord 1019/1294 (id=1096063977).
2026-09-19 11:06:26,906 [INFO] Zapisano rekord 1020/1294 (id=1083363967).
2026-09-19 11:06:31,480 [INFO] Zapisano rekord 1020/1294 (id=1083363967).
2026-09-19 11:06:38,795 [INFO] Zapisano rekord 1021/1294 (id=1090843000).
2026-09-19 11:06:43,208 [INFO] Zapisano rekord 1021/1294 (id=1090843000).
2026-09-19 11:06:57,900 [INFO] Zapisano rekord 1022/1294 (id=1091574415).
2026-09-19 11:07:02,678 [INFO] Zapisano rekord 1022/1294 (id=1091574415).
2026-09-19 11:07:08,361 [INFO] Zapisano rekord 1023/1294 (id=1097937296).
2026-09-19 11:07:12,832 [INFO] Zapisano rekord 1023/1294 (id=1097937296).
2026-09-19 11:07:24,663 [INFO] Zapisano rekord 1024/1294 (id=1026224251).
2026-09-19 11:07:29,415 [INFO] Zapisano rekord 1024/1294 (id=1026224251).
2026-09-19 11:07:38,009 [INFO] Zapisano rekord 1025/1294 (id=558160727).
2026-09-19 11:07:42,444 [INFO] Zapisano rekord 1025/1294 (id=558160727).
2026-09-19 11:07:54,625 [INFO] Zapisano rekord 1026/1294 (id=1090935195).
2026-09-19 11:08:00,173 [INFO] Zapisano rekord 1026/1294 (id=1090935195).
2026-09-19 11:08:07,562 [INFO] Zapisano rekord 1027/1294 (id=1098163117).
2026-09-19 11:08:11,891 [INFO] Zapisano rekord 1027/1294 (id=1098163117).
2026-09-19 11:08:18,519 [INFO] Zapisano rekord 1028/1294 (id=1095533696).
2026-09-19 11:08:22,990 [INFO] Zapisano rekord 1028/1294 (id=1095533696).
2026-09-19 11:08:33,082 [INFO] Zapisano rekord 1029/1294 (id=1090789269).
2026-09-19 11:08:38,230 [INFO] Zapisano rekord 1029/1294 (id=1090789269).
2026-09-19 11:08:45,859 [INFO] Zapisano rekord 1030/1294 (id=1093721159).
2026-09-19 11:08:50,380 [INFO] Zapisano rekord 1030/1294 (id=1093721159).
2026-09-19 11:08:59,650 [INFO] Zapisano rekord 1031/1294 (id=1055381299).
2026-09-19 11:09:04,232 [INFO] Zapisano rekord 1031/1294 (id=1055381299).
2026-09-19 11:09:16,747 [INFO] Zapisano rekord 1032/1294 (id=1097755347).
2026-09-19 11:09:21,298 [INFO] Zapisano rekord 1032/1294 (id=1097755347).
2026-09-19 11:09:29,718 [INFO] Zapisano rekord 1033/1294 (id=1096472219).
2026-09-19 11:09:33,918 [INFO] Zapisano rekord 1033/1294 (id=1096472219).
2026-09-19 11:09:45,914 [INFO] Zapisano rekord 1034/1294 (id=1091547934).
2026-09-19 11:09:50,775 [INFO] Zapisano rekord 1034/1294 (id=1091547934).
2026-09-19 11:09:56,280 [INFO] Zapisano rekord 1035/1294 (id=1063134608).
2026-09-19 11:10:00,826 [INFO] Zapisano rekord 1035/1294 (id=1063134608).
2026-09-19 11:10:16,468 [INFO] Zapisano rekord 1036/1294 (id=1093820117).
2026-09-19 11:10:21,525 [INFO] Zapisano rekord 1036/1294 (id=1093820117).
2026-09-19 11:10:42,332 [INFO] Zapisano rekord 1037/1294 (id=1095427354).
2026-09-19 11:10:47,560 [INFO] Zapisano rekord 1037/1294 (id=1095427354).
2026-09-19 11:10:57,009 [INFO] Zapisano rekord 1038/1294 (id=1095878284).
2026-09-19 11:11:01,564 [INFO] Zapisano rekord 1038/1294 (id=1095878284).
2026-09-19 11:11:12,588 [INFO] Zapisano rekord 1039/1294 (id=1050269005).
2026-09-19 11:11:16,700 [INFO] Zapisano rekord 1039/1294 (id=1050269005).
2026-09-19 11:11:26,728 [INFO] Zapisano rekord 1040/1294 (id=1092772180).
2026-09-19 11:11:32,270 [INFO] Zapisano rekord 1040/1294 (id=1092772180).
2026-09-19 11:12:14,721 [INFO] Zapisano rekord 1041/1294 (id=1097410781).
2026-09-19 11:12:21,265 [INFO] Zapisano rekord 1041/1294 (id=1097410781).
2026-09-19 11:12:29,298 [INFO] Zapisano rekord 1042/1294 (id=1096959691).
2026-09-19 11:12:34,241 [INFO] Zapisano rekord 1042/1294 (id=1096959691).
2026-09-19 11:13:16,715 [INFO] Zapisano rekord 1043/1294 (id=1096396260).
2026-09-19 11:13:23,233 [INFO] Zapisano rekord 1043/1294 (id=1096396260).
2026-09-19 11:13:33,864 [INFO] Zapisano rekord 1044/1294 (id=1097482205).
2026-09-19 11:13:38,515 [INFO] Zapisano rekord 1044/1294 (id=1097482205).
2026-09-19 11:13:46,605 [INFO] Zapisano rekord 1045/1294 (id=1083809761).
2026-09-19 11:13:51,759 [INFO] Zapisano rekord 1045/1294 (id=1083809761).
2026-09-19 11:14:06,221 [INFO] Zapisano rekord 1046/1294 (id=1098613385).
2026-09-19 11:14:12,794 [INFO] Zapisano rekord 1046/1294 (id=1098613385).
2026-09-19 11:14:27,549 [INFO] Zapisano rekord 1047/1294 (id=1091013052).
2026-09-19 11:14:34,525 [INFO] Zapisano rekord 1047/1294 (id=1091013052).
2026-09-19 11:14:49,662 [INFO] Zapisano rekord 1048/1294 (id=1080440288).
2026-09-19 11:14:55,457 [INFO] Zapisano rekord 1048/1294 (id=1080440288).
2026-09-19 11:15:05,492 [INFO] Zapisano rekord 1049/1294 (id=1098190954).
2026-09-19 11:15:13,138 [INFO] Zapisano rekord 1049/1294 (id=1098190954).
2026-09-19 11:15:30,886 [INFO] Zapisano rekord 1050/1294 (id=1094385889).
2026-09-19 11:15:36,735 [INFO] Zapisano rekord 1050/1294 (id=1094385889).
2026-09-19 11:15:46,614 [INFO] Zapisano rekord 1051/1294 (id=1094937591).
2026-09-19 11:15:52,932 [INFO] Zapisano rekord 1051/1294 (id=1094937591).
2026-09-19 11:16:02,879 [INFO] Zapisano rekord 1052/1294 (id=1066267890).
2026-09-19 11:16:09,345 [INFO] Zapisano rekord 1052/1294 (id=1066267890).
2026-09-19 11:16:19,590 [INFO] Zapisano rekord 1053/1294 (id=1097506263).
2026-09-19 11:16:26,244 [INFO] Zapisano rekord 1053/1294 (id=1097506263).
2026-09-19 11:16:34,972 [INFO] Zapisano rekord 1054/1294 (id=1093933222).
2026-09-19 11:16:41,134 [INFO] Zapisano rekord 1054/1294 (id=1093933222).
2026-09-19 11:16:51,693 [INFO] Zapisano rekord 1055/1294 (id=1069421472).
2026-09-19 11:16:56,925 [INFO] Zapisano rekord 1055/1294 (id=1069421472).
2026-09-19 11:17:09,343 [INFO] Zapisano rekord 1056/1294 (id=1096974496).
2026-09-19 11:17:14,320 [INFO] Zapisano rekord 1056/1294 (id=1096974496).
2026-09-19 11:17:27,483 [INFO] Zapisano rekord 1057/1294 (id=1098383477).
2026-09-19 11:17:32,573 [INFO] Zapisano rekord 1057/1294 (id=1098383477).
2026-09-19 11:17:42,854 [INFO] Zapisano rekord 1058/1294 (id=1087224679).
2026-09-19 11:17:48,030 [INFO] Zapisano rekord 1058/1294 (id=1087224679).
2026-09-19 11:17:55,001 [INFO] Zapisano rekord 1059/1294 (id=1095425460).
2026-09-19 11:17:59,654 [INFO] Zapisano rekord 1059/1294 (id=1095425460).
2026-09-19 11:18:06,986 [INFO] Zapisano rekord 1060/1294 (id=1028559215).
2026-09-19 11:18:11,498 [INFO] Zapisano rekord 1060/1294 (id=1028559215).
2026-09-19 11:18:27,550 [INFO] Zapisano rekord 1061/1294 (id=950077837).
2026-09-19 11:18:32,589 [INFO] Zapisano rekord 1061/1294 (id=950077837).
2026-09-19 11:18:42,632 [INFO] Zapisano rekord 1062/1294 (id=1092931811).
2026-09-19 11:18:47,409 [INFO] Zapisano rekord 1062/1294 (id=1092931811).
2026-09-19 11:18:59,546 [INFO] Zapisano rekord 1063/1294 (id=1083953221).
2026-09-19 11:19:04,505 [INFO] Zapisano rekord 1063/1294 (id=1083953221).
2026-09-19 11:19:11,959 [INFO] Zapisano rekord 1064/1294 (id=1097682341).
2026-09-19 11:19:16,261 [INFO] Zapisano rekord 1064/1294 (id=1097682341).
2026-09-19 11:19:59,495 [INFO] Zapisano rekord 1065/1294 (id=1096338603).
2026-09-19 11:20:06,385 [INFO] Zapisano rekord 1065/1294 (id=1096338603).
2026-09-19 11:20:15,687 [INFO] Zapisano rekord 1066/1294 (id=1086408631).
2026-09-19 11:20:20,393 [INFO] Zapisano rekord 1066/1294 (id=1086408631).
2026-09-19 11:20:26,898 [INFO] Zapisano rekord 1067/1294 (id=1096930200).
2026-09-19 11:20:31,254 [INFO] Zapisano rekord 1067/1294 (id=1096930200).
2026-09-19 11:20:39,267 [INFO] Zapisano rekord 1068/1294 (id=1097316387).
2026-09-19 11:20:43,819 [INFO] Zapisano rekord 1068/1294 (id=1097316387).
2026-09-19 11:20:50,036 [INFO] Zapisano rekord 1069/1294 (id=1097408030).
2026-09-19 11:20:54,273 [INFO] Zapisano rekord 1069/1294 (id=1097408030).
2026-09-19 11:21:11,372 [INFO] Zapisano rekord 1070/1294 (id=1077857085).
2026-09-19 11:21:16,540 [INFO] Zapisano rekord 1070/1294 (id=1077857085).
2026-09-19 11:21:27,395 [INFO] Zapisano rekord 1071/1294 (id=1088744761).
2026-09-19 11:21:32,283 [INFO] Zapisano rekord 1071/1294 (id=1088744761).
2026-09-19 11:21:37,932 [INFO] Zapisano rekord 1072/1294 (id=1096468255).
2026-09-19 11:21:42,149 [INFO] Zapisano rekord 1072/1294 (id=1096468255).
2026-09-19 11:21:53,906 [INFO] Zapisano rekord 1073/1294 (id=1095358197).
2026-09-19 11:21:59,481 [INFO] Zapisano rekord 1073/1294 (id=1095358197).
2026-09-19 11:22:08,935 [INFO] Zapisano rekord 1074/1294 (id=1055381299).
2026-09-19 11:22:13,454 [INFO] Zapisano rekord 1074/1294 (id=1055381299).
2026-09-19 11:22:20,887 [INFO] Zapisano rekord 1075/1294 (id=1093182368).
2026-09-19 11:22:25,786 [INFO] Zapisano rekord 1075/1294 (id=1093182368).
2026-09-19 11:22:34,233 [INFO] Zapisano rekord 1076/1294 (id=1098655114).
2026-09-19 11:22:38,624 [INFO] Zapisano rekord 1076/1294 (id=1098655114).
2026-09-19 11:22:50,967 [INFO] Zapisano rekord 1077/1294 (id=1088689338).
2026-09-19 11:22:55,503 [INFO] Zapisano rekord 1077/1294 (id=1088689338).
2026-09-19 11:23:03,948 [INFO] Zapisano rekord 1078/1294 (id=1089753648).
2026-09-19 11:23:08,530 [INFO] Zapisano rekord 1078/1294 (id=1089753648).
2026-09-19 11:23:15,643 [INFO] Zapisano rekord 1079/1294 (id=1093266638).
2026-09-19 11:23:20,297 [INFO] Zapisano rekord 1079/1294 (id=1093266638).
2026-09-19 11:23:25,498 [INFO] Zapisano rekord 1080/1294 (id=1098191834).
2026-09-19 11:23:30,000 [INFO] Zapisano rekord 1080/1294 (id=1098191834).
2026-09-19 11:23:46,127 [INFO] Zapisano rekord 1081/1294 (id=1095925738).
2026-09-19 11:23:50,937 [INFO] Zapisano rekord 1081/1294 (id=1095925738).
2026-09-19 11:24:03,111 [INFO] Zapisano rekord 1082/1294 (id=1088774647).
2026-09-19 11:24:07,625 [INFO] Zapisano rekord 1082/1294 (id=1088774647).
2026-09-19 11:24:20,557 [INFO] Zapisano rekord 1083/1294 (id=1098904903).
2026-09-19 11:24:25,409 [INFO] Zapisano rekord 1083/1294 (id=1098904903).
2026-09-19 11:24:32,278 [INFO] Zapisano rekord 1084/1294 (id=1097741439).
2026-09-19 11:24:36,709 [INFO] Zapisano rekord 1084/1294 (id=1097741439).
2026-09-19 11:24:53,218 [INFO] Zapisano rekord 1085/1294 (id=1077425187).
2026-09-19 11:24:57,827 [INFO] Zapisano rekord 1085/1294 (id=1077425187).
2026-09-19 11:25:08,008 [INFO] Zapisano rekord 1086/1294 (id=1098832371).
2026-09-19 11:25:13,370 [INFO] Zapisano rekord 1086/1294 (id=1098832371).
2026-09-19 11:25:25,688 [INFO] Zapisano rekord 1087/1294 (id=1095354307).
2026-09-19 11:25:31,144 [INFO] Zapisano rekord 1087/1294 (id=1095354307).
2026-09-19 11:25:42,385 [INFO] Zapisano rekord 1088/1294 (id=1014271611).
2026-09-19 11:25:48,728 [INFO] Zapisano rekord 1088/1294 (id=1014271611).
2026-09-19 11:25:59,606 [INFO] Zapisano rekord 1089/1294 (id=1097916453).
2026-09-19 11:26:04,170 [INFO] Zapisano rekord 1089/1294 (id=1097916453).
2026-09-19 11:26:18,841 [INFO] Zapisano rekord 1090/1294 (id=1093685084).
2026-09-19 11:26:23,827 [INFO] Zapisano rekord 1090/1294 (id=1093685084).
2026-09-19 11:26:31,407 [INFO] Zapisano rekord 1091/1294 (id=1093709177).
2026-09-19 11:26:36,219 [INFO] Zapisano rekord 1091/1294 (id=1093709177).
2026-09-19 11:27:16,339 [INFO] Zapisano rekord 1092/1294 (id=1081755169).
2026-09-19 11:27:22,049 [INFO] Zapisano rekord 1092/1294 (id=1081755169).
2026-09-19 11:27:31,627 [INFO] Zapisano rekord 1093/1294 (id=1090634058).
2026-09-19 11:27:36,303 [INFO] Zapisano rekord 1093/1294 (id=1090634058).
2026-09-19 11:27:47,113 [INFO] Zapisano rekord 1094/1294 (id=1097830169).
2026-09-19 11:27:51,498 [INFO] Zapisano rekord 1094/1294 (id=1097830169).
2026-09-19 11:28:04,463 [INFO] Zapisano rekord 1095/1294 (id=1098348950).
2026-09-19 11:28:09,849 [INFO] Zapisano rekord 1095/1294 (id=1098348950).
2026-09-19 11:28:19,929 [INFO] Zapisano rekord 1096/1294 (id=1098678482).
2026-09-19 11:28:24,264 [INFO] Zapisano rekord 1096/1294 (id=1098678482).
2026-09-19 11:28:34,021 [INFO] Zapisano rekord 1097/1294 (id=1096494571).
2026-09-19 11:28:39,217 [INFO] Zapisano rekord 1097/1294 (id=1096494571).
2026-09-19 11:28:45,711 [INFO] Zapisano rekord 1098/1294 (id=1097828913).
2026-09-19 11:28:50,610 [INFO] Zapisano rekord 1098/1294 (id=1097828913).
2026-09-19 11:28:57,211 [INFO] Zapisano rekord 1099/1294 (id=1098342719).
2026-09-19 11:29:01,665 [INFO] Zapisano rekord 1099/1294 (id=1098342719).
2026-09-19 11:29:10,971 [INFO] Zapisano rekord 1100/1294 (id=930067698).
2026-09-19 11:29:15,373 [INFO] Zapisano rekord 1100/1294 (id=930067698).
2026-09-19 11:29:23,831 [INFO] Zapisano rekord 1101/1294 (id=1095147560).
2026-09-19 11:29:28,373 [INFO] Zapisano rekord 1101/1294 (id=1095147560).
2026-09-19 11:29:35,240 [INFO] Zapisano rekord 1102/1294 (id=1065212936).
2026-09-19 11:29:41,085 [INFO] Zapisano rekord 1102/1294 (id=1065212936).
2026-09-19 11:29:59,507 [INFO] Zapisano rekord 1103/1294 (id=1090655515).
2026-09-19 11:30:05,315 [INFO] Zapisano rekord 1103/1294 (id=1090655515).
2026-09-19 11:30:16,429 [INFO] Zapisano rekord 1104/1294 (id=1076781224).
2026-09-19 11:30:21,272 [INFO] Zapisano rekord 1104/1294 (id=1076781224).
2026-09-19 11:30:26,380 [INFO] Zapisano rekord 1105/1294 (id=1097465499).
2026-09-19 11:30:30,773 [INFO] Zapisano rekord 1105/1294 (id=1097465499).
2026-09-19 11:30:44,105 [INFO] Zapisano rekord 1106/1294 (id=1098410962).
2026-09-19 11:30:49,060 [INFO] Zapisano rekord 1106/1294 (id=1098410962).
2026-09-19 11:30:56,520 [INFO] Zapisano rekord 1107/1294 (id=1082150998).
2026-09-19 11:31:01,526 [INFO] Zapisano rekord 1107/1294 (id=1082150998).
2026-09-19 11:31:15,396 [INFO] Zapisano rekord 1108/1294 (id=1082210675).
2026-09-19 11:31:20,034 [INFO] Zapisano rekord 1108/1294 (id=1082210675).
2026-09-19 11:31:28,927 [INFO] Zapisano rekord 1109/1294 (id=1096825124).
2026-09-19 11:31:33,427 [INFO] Zapisano rekord 1109/1294 (id=1096825124).
2026-09-19 11:32:09,483 [INFO] Zapisano rekord 1110/1294 (id=704519625).
2026-09-19 11:32:15,461 [INFO] Zapisano rekord 1110/1294 (id=704519625).
2026-09-19 11:32:26,630 [INFO] Zapisano rekord 1111/1294 (id=1090244504).
2026-09-19 11:32:31,493 [INFO] Zapisano rekord 1111/1294 (id=1090244504).
2026-09-19 11:32:46,755 [INFO] Zapisano rekord 1112/1294 (id=1093105798).
2026-09-19 11:32:52,339 [INFO] Zapisano rekord 1112/1294 (id=1093105798).
2026-09-19 11:33:02,083 [INFO] Zapisano rekord 1113/1294 (id=1087224679).
2026-09-19 11:33:07,056 [INFO] Zapisano rekord 1113/1294 (id=1087224679).
2026-09-19 11:33:19,037 [INFO] Zapisano rekord 1114/1294 (id=1098617379).
2026-09-19 11:33:23,728 [INFO] Zapisano rekord 1114/1294 (id=1098617379).
2026-09-19 11:33:35,632 [INFO] Zapisano rekord 1115/1294 (id=1097432612).
2026-09-19 11:33:41,091 [INFO] Zapisano rekord 1115/1294 (id=1097432612).
2026-09-19 11:33:48,178 [INFO] Zapisano rekord 1116/1294 (id=910935352).
2026-09-19 11:33:53,337 [INFO] Zapisano rekord 1116/1294 (id=910935352).
2026-09-19 11:34:00,889 [INFO] Zapisano rekord 1117/1294 (id=1093060903).
2026-09-19 11:34:05,541 [INFO] Zapisano rekord 1117/1294 (id=1093060903).
2026-09-19 11:34:33,582 [INFO] Zapisano rekord 1118/1294 (id=1083207325).
2026-09-19 11:34:39,311 [INFO] Zapisano rekord 1118/1294 (id=1083207325).
2026-09-19 11:34:45,892 [INFO] Zapisano rekord 1119/1294 (id=1097984197).
2026-09-19 11:34:50,312 [INFO] Zapisano rekord 1119/1294 (id=1097984197).
2026-09-19 11:34:59,467 [INFO] Zapisano rekord 1120/1294 (id=1097422326).
2026-09-19 11:35:03,937 [INFO] Zapisano rekord 1120/1294 (id=1097422326).
2026-09-19 11:35:10,073 [INFO] Zapisano rekord 1121/1294 (id=1090458036).
2026-09-19 11:35:14,355 [INFO] Zapisano rekord 1121/1294 (id=1090458036).
2026-09-19 11:35:27,567 [INFO] Zapisano rekord 1122/1294 (id=1081326190).
2026-09-19 11:35:32,043 [INFO] Zapisano rekord 1122/1294 (id=1081326190).
2026-09-19 11:35:45,141 [INFO] Zapisano rekord 1123/1294 (id=1092334009).
2026-09-19 11:35:49,842 [INFO] Zapisano rekord 1123/1294 (id=1092334009).
2026-09-19 11:36:00,445 [INFO] Zapisano rekord 1124/1294 (id=1096584407).
2026-09-19 11:36:05,130 [INFO] Zapisano rekord 1124/1294 (id=1096584407).
2026-09-19 11:36:13,302 [INFO] Zapisano rekord 1125/1294 (id=1071732297).
2026-09-19 11:36:18,060 [INFO] Zapisano rekord 1125/1294 (id=1071732297).
2026-09-19 11:36:28,616 [INFO] Zapisano rekord 1126/1294 (id=1076057593).
2026-09-19 11:36:33,152 [INFO] Zapisano rekord 1126/1294 (id=1076057593).
2026-09-19 11:36:43,441 [INFO] Zapisano rekord 1127/1294 (id=1059765757).
2026-09-19 11:36:48,447 [INFO] Zapisano rekord 1127/1294 (id=1059765757).
2026-09-19 11:36:57,444 [INFO] Zapisano rekord 1128/1294 (id=1086405931).
2026-09-19 11:37:01,925 [INFO] Zapisano rekord 1128/1294 (id=1086405931).
2026-09-19 11:37:09,484 [INFO] Zapisano rekord 1129/1294 (id=1063233635).
2026-09-19 11:37:13,975 [INFO] Zapisano rekord 1129/1294 (id=1063233635).
2026-09-19 11:37:25,701 [INFO] Zapisano rekord 1130/1294 (id=1096335534).
2026-09-19 11:37:30,217 [INFO] Zapisano rekord 1130/1294 (id=1096335534).
2026-09-19 11:37:37,109 [INFO] Zapisano rekord 1131/1294 (id=1098892331).
2026-09-19 11:37:41,445 [INFO] Zapisano rekord 1131/1294 (id=1098892331).
2026-09-19 11:37:46,672 [INFO] Zapisano rekord 1132/1294 (id=1096974261).
2026-09-19 11:37:50,614 [INFO] Zapisano rekord 1132/1294 (id=1096974261).
2026-09-19 11:38:05,035 [INFO] Zapisano rekord 1133/1294 (id=1085740030).
2026-09-19 11:38:10,214 [INFO] Zapisano rekord 1133/1294 (id=1085740030).
2026-09-19 11:38:18,803 [INFO] Zapisano rekord 1134/1294 (id=1078434521).
2026-09-19 11:38:23,337 [INFO] Zapisano rekord 1134/1294 (id=1078434521).
2026-09-19 11:38:29,216 [INFO] Zapisano rekord 1135/1294 (id=1091518639).
2026-09-19 11:38:33,611 [INFO] Zapisano rekord 1135/1294 (id=1091518639).
2026-09-19 11:38:41,539 [INFO] Zapisano rekord 1136/1294 (id=1095415765).
2026-09-19 11:38:45,994 [INFO] Zapisano rekord 1136/1294 (id=1095415765).
2026-09-19 11:38:56,157 [INFO] Zapisano rekord 1137/1294 (id=1085895602).
2026-09-19 11:39:01,446 [INFO] Zapisano rekord 1137/1294 (id=1085895602).
2026-09-19 11:39:05,672 [INFO] Zapisano rekord 1138/1294 (id=1096489265).
2026-09-19 11:39:09,062 [INFO] Zapisano rekord 1138/1294 (id=1096489265).
2026-09-19 11:39:20,922 [INFO] Zapisano rekord 1139/1294 (id=1080437192).
2026-09-19 11:39:26,093 [INFO] Zapisano rekord 1139/1294 (id=1080437192).
2026-09-19 11:39:43,695 [INFO] Zapisano rekord 1140/1294 (id=1085947712).
2026-09-19 11:39:48,720 [INFO] Zapisano rekord 1140/1294 (id=1085947712).
2026-09-19 11:40:04,397 [INFO] Zapisano rekord 1141/1294 (id=1091568234).
2026-09-19 11:40:09,515 [INFO] Zapisano rekord 1141/1294 (id=1091568234).
2026-09-19 11:40:28,697 [INFO] Zapisano rekord 1142/1294 (id=1095930188).
2026-09-19 11:40:33,561 [INFO] Zapisano rekord 1142/1294 (id=1095930188).
2026-09-19 11:40:43,413 [INFO] Zapisano rekord 1143/1294 (id=1098860094).
2026-09-19 11:40:48,168 [INFO] Zapisano rekord 1143/1294 (id=1098860094).
2026-09-19 11:40:58,448 [INFO] Zapisano rekord 1144/1294 (id=1098548320).
2026-09-19 11:41:03,248 [INFO] Zapisano rekord 1144/1294 (id=1098548320).
2026-09-19 11:41:12,478 [INFO] Zapisano rekord 1145/1294 (id=1090729488).
2026-09-19 11:41:16,896 [INFO] Zapisano rekord 1145/1294 (id=1090729488).
2026-09-19 11:41:29,589 [INFO] Zapisano rekord 1146/1294 (id=1096841926).
2026-09-19 11:41:34,068 [INFO] Zapisano rekord 1146/1294 (id=1096841926).
2026-09-19 11:41:45,754 [INFO] Zapisano rekord 1147/1294 (id=1090902388).
2026-09-19 11:41:50,529 [INFO] Zapisano rekord 1147/1294 (id=1090902388).
2026-09-19 11:41:55,393 [INFO] Zapisano rekord 1148/1294 (id=1098959567).
2026-09-19 11:41:59,187 [INFO] Zapisano rekord 1148/1294 (id=1098959567).
2026-09-19 11:42:09,246 [INFO] Zapisano rekord 1149/1294 (id=1097325424).
2026-09-19 11:42:14,079 [INFO] Zapisano rekord 1149/1294 (id=1097325424).
2026-09-19 11:42:23,532 [INFO] Zapisano rekord 1150/1294 (id=1098047680).
2026-09-19 11:42:28,028 [INFO] Zapisano rekord 1150/1294 (id=1098047680).
2026-09-19 11:42:32,810 [INFO] Zapisano rekord 1151/1294 (id=1098220682).
2026-09-19 11:42:36,905 [INFO] Zapisano rekord 1151/1294 (id=1098220682).
2026-09-19 11:42:52,355 [INFO] Zapisano rekord 1152/1294 (id=1097364883).
2026-09-19 11:42:57,323 [INFO] Zapisano rekord 1152/1294 (id=1097364883).
2026-09-19 11:43:10,628 [INFO] Zapisano rekord 1153/1294 (id=1085738310).
2026-09-19 11:43:15,371 [INFO] Zapisano rekord 1153/1294 (id=1085738310).
2026-09-19 11:43:56,212 [INFO] Zapisano rekord 1154/1294 (id=1020683860).
2026-09-19 11:44:01,994 [INFO] Zapisano rekord 1154/1294 (id=1020683860).
2026-09-19 11:44:10,537 [INFO] Zapisano rekord 1155/1294 (id=1094887903).
2026-09-19 11:44:15,336 [INFO] Zapisano rekord 1155/1294 (id=1094887903).
2026-09-19 11:44:21,520 [INFO] Zapisano rekord 1156/1294 (id=1097741474).
2026-09-19 11:44:26,246 [INFO] Zapisano rekord 1156/1294 (id=1097741474).
2026-09-19 11:44:33,789 [INFO] Zapisano rekord 1157/1294 (id=1098846980).
2026-09-19 11:44:38,170 [INFO] Zapisano rekord 1157/1294 (id=1098846980).
2026-09-19 11:44:49,602 [INFO] Zapisano rekord 1158/1294 (id=1081341693).
2026-09-19 11:44:54,289 [INFO] Zapisano rekord 1158/1294 (id=1081341693).
2026-09-19 11:45:08,985 [INFO] Zapisano rekord 1159/1294 (id=1084353698).
2026-09-19 11:45:13,548 [INFO] Zapisano rekord 1159/1294 (id=1084353698).
2026-09-19 11:45:22,657 [INFO] Zapisano rekord 1160/1294 (id=1094038661).
2026-09-19 11:45:26,777 [INFO] Zapisano rekord 1160/1294 (id=1094038661).
2026-09-19 11:45:34,684 [INFO] Zapisano rekord 1161/1294 (id=1093719475).
2026-09-19 11:45:39,647 [INFO] Zapisano rekord 1161/1294 (id=1093719475).
2026-09-19 11:45:56,708 [INFO] Zapisano rekord 1162/1294 (id=1084730656).
2026-09-19 11:46:01,417 [INFO] Zapisano rekord 1162/1294 (id=1084730656).
2026-09-19 11:46:08,301 [INFO] Zapisano rekord 1163/1294 (id=1078572767).
2026-09-19 11:46:12,565 [INFO] Zapisano rekord 1163/1294 (id=1078572767).
2026-09-19 11:46:20,979 [INFO] Zapisano rekord 1164/1294 (id=610371519).
2026-09-19 11:46:25,474 [INFO] Zapisano rekord 1164/1294 (id=610371519).
2026-09-19 11:46:32,503 [INFO] Zapisano rekord 1165/1294 (id=1095630801).
2026-09-19 11:46:37,415 [INFO] Zapisano rekord 1165/1294 (id=1095630801).
2026-09-19 11:46:49,160 [INFO] Zapisano rekord 1166/1294 (id=1091535411).
2026-09-19 11:46:53,810 [INFO] Zapisano rekord 1166/1294 (id=1091535411).
2026-09-19 11:47:02,674 [INFO] Zapisano rekord 1167/1294 (id=1081143380).
2026-09-19 11:47:07,270 [INFO] Zapisano rekord 1167/1294 (id=1081143380).
2026-09-19 11:47:26,380 [INFO] Zapisano rekord 1168/1294 (id=1093155393).
2026-09-19 11:47:31,222 [INFO] Zapisano rekord 1168/1294 (id=1093155393).
2026-09-19 11:47:39,966 [INFO] Zapisano rekord 1169/1294 (id=1097799384).
2026-09-19 11:47:44,377 [INFO] Zapisano rekord 1169/1294 (id=1097799384).
2026-09-19 11:47:51,033 [INFO] Zapisano rekord 1170/1294 (id=1089289837).
2026-09-19 11:47:55,539 [INFO] Zapisano rekord 1170/1294 (id=1089289837).
2026-09-19 11:48:12,365 [INFO] Zapisano rekord 1171/1294 (id=1097745182).
2026-09-19 11:48:17,792 [INFO] Zapisano rekord 1171/1294 (id=1097745182).
2026-09-19 11:48:29,897 [INFO] Zapisano rekord 1172/1294 (id=1077847178).
2026-09-19 11:48:34,542 [INFO] Zapisano rekord 1172/1294 (id=1077847178).
2026-09-19 11:48:47,431 [INFO] Zapisano rekord 1173/1294 (id=1097388004).
2026-09-19 11:48:52,222 [INFO] Zapisano rekord 1173/1294 (id=1097388004).
2026-09-19 11:49:10,057 [INFO] Zapisano rekord 1174/1294 (id=1093123278).
2026-09-19 11:49:14,833 [INFO] Zapisano rekord 1174/1294 (id=1093123278).
2026-09-19 11:49:26,625 [INFO] Zapisano rekord 1175/1294 (id=1097432612).
2026-09-19 11:49:32,058 [INFO] Zapisano rekord 1175/1294 (id=1097432612).
2026-09-19 11:49:44,776 [INFO] Zapisano rekord 1176/1294 (id=1098708095).
2026-09-19 11:49:48,919 [INFO] Zapisano rekord 1176/1294 (id=1098708095).
2026-09-19 11:49:58,784 [INFO] Zapisano rekord 1177/1294 (id=1098612788).
2026-09-19 11:50:03,322 [INFO] Zapisano rekord 1177/1294 (id=1098612788).
2026-09-19 11:50:11,180 [INFO] Zapisano rekord 1178/1294 (id=1092044885).
2026-09-19 11:50:15,830 [INFO] Zapisano rekord 1178/1294 (id=1092044885).
2026-09-19 11:50:25,853 [INFO] Zapisano rekord 1179/1294 (id=1095922166).
2026-09-19 11:50:31,768 [INFO] Zapisano rekord 1179/1294 (id=1095922166).
2026-09-19 11:50:44,915 [INFO] Zapisano rekord 1180/1294 (id=1095452466).
2026-09-19 11:50:49,676 [INFO] Zapisano rekord 1180/1294 (id=1095452466).
2026-09-19 11:50:57,376 [INFO] Zapisano rekord 1181/1294 (id=1097314990).
2026-09-19 11:51:01,823 [INFO] Zapisano rekord 1181/1294 (id=1097314990).
2026-09-19 11:51:15,392 [INFO] Zapisano rekord 1182/1294 (id=1090883070).
2026-09-19 11:51:20,144 [INFO] Zapisano rekord 1182/1294 (id=1090883070).
2026-09-19 11:51:38,392 [INFO] Zapisano rekord 1183/1294 (id=1098683052).
2026-09-19 11:51:42,980 [INFO] Zapisano rekord 1183/1294 (id=1098683052).
2026-09-19 11:51:54,296 [INFO] Zapisano rekord 1184/1294 (id=1098881253).
2026-09-19 11:51:58,925 [INFO] Zapisano rekord 1184/1294 (id=1098881253).
2026-09-19 11:52:10,464 [INFO] Zapisano rekord 1185/1294 (id=1092969243).
2026-09-19 11:52:14,643 [INFO] Zapisano rekord 1185/1294 (id=1092969243).
2026-09-19 11:52:24,498 [INFO] Zapisano rekord 1186/1294 (id=1086034287).
2026-09-19 11:52:29,137 [INFO] Zapisano rekord 1186/1294 (id=1086034287).
2026-09-19 11:52:40,855 [INFO] Zapisano rekord 1187/1294 (id=1096975483).
2026-09-19 11:52:45,718 [INFO] Zapisano rekord 1187/1294 (id=1096975483).
2026-09-19 11:53:26,569 [INFO] Zapisano rekord 1188/1294 (id=659573057).
2026-09-19 11:53:32,382 [INFO] Zapisano rekord 1188/1294 (id=659573057).
2026-09-19 11:53:49,252 [INFO] Zapisano rekord 1189/1294 (id=1090806857).
2026-09-19 11:53:54,068 [INFO] Zapisano rekord 1189/1294 (id=1090806857).
2026-09-19 11:54:09,464 [INFO] Zapisano rekord 1190/1294 (id=950077837).
2026-09-19 11:54:14,247 [INFO] Zapisano rekord 1190/1294 (id=950077837).
2026-09-19 11:54:20,161 [INFO] Zapisano rekord 1191/1294 (id=1094053527).
2026-09-19 11:54:24,638 [INFO] Zapisano rekord 1191/1294 (id=1094053527).
2026-09-19 11:54:33,726 [INFO] Zapisano rekord 1192/1294 (id=786032656).
2026-09-19 11:54:38,517 [INFO] Zapisano rekord 1192/1294 (id=786032656).
2026-09-19 11:54:48,979 [INFO] Zapisano rekord 1193/1294 (id=1096621122).
2026-09-19 11:54:53,451 [INFO] Zapisano rekord 1193/1294 (id=1096621122).
2026-09-19 11:55:11,136 [INFO] Zapisano rekord 1194/1294 (id=1090834909).
2026-09-19 11:55:15,998 [INFO] Zapisano rekord 1194/1294 (id=1090834909).
2026-09-19 11:55:23,676 [INFO] Zapisano rekord 1195/1294 (id=1099003093).
2026-09-19 11:55:28,323 [INFO] Zapisano rekord 1195/1294 (id=1099003093).
2026-09-19 11:55:38,381 [INFO] Zapisano rekord 1196/1294 (id=1097129002).
2026-09-19 11:55:42,572 [INFO] Zapisano rekord 1196/1294 (id=1097129002).
2026-09-19 11:55:52,553 [INFO] Zapisano rekord 1197/1294 (id=1096091096).
2026-09-19 11:55:57,458 [INFO] Zapisano rekord 1197/1294 (id=1096091096).
2026-09-19 11:56:14,132 [INFO] Zapisano rekord 1198/1294 (id=996646487).
2026-09-19 11:56:19,051 [INFO] Zapisano rekord 1198/1294 (id=996646487).
2026-09-19 11:56:32,218 [INFO] Zapisano rekord 1199/1294 (id=1095452466).
2026-09-19 11:56:36,977 [INFO] Zapisano rekord 1199/1294 (id=1095452466).
2026-09-19 11:56:43,755 [INFO] Zapisano rekord 1200/1294 (id=1095426343).
2026-09-19 11:56:48,077 [INFO] Zapisano rekord 1200/1294 (id=1095426343).
2026-09-19 11:56:54,480 [INFO] Zapisano rekord 1201/1294 (id=1096880233).
2026-09-19 11:56:58,820 [INFO] Zapisano rekord 1201/1294 (id=1096880233).
2026-09-19 11:57:10,643 [INFO] Zapisano rekord 1202/1294 (id=1085972044).
2026-09-19 11:57:15,651 [INFO] Zapisano rekord 1202/1294 (id=1085972044).
2026-09-19 11:57:39,198 [INFO] Zapisano rekord 1203/1294 (id=1082218077).
2026-09-19 11:57:44,321 [INFO] Zapisano rekord 1203/1294 (id=1082218077).
2026-09-19 11:57:53,770 [INFO] Zapisano rekord 1204/1294 (id=1086408582).
2026-09-19 11:57:58,094 [INFO] Zapisano rekord 1204/1294 (id=1086408582).
2026-09-19 11:58:06,923 [INFO] Zapisano rekord 1205/1294 (id=1094017303).
2026-09-19 11:58:12,212 [INFO] Zapisano rekord 1205/1294 (id=1094017303).
2026-09-19 11:58:22,931 [INFO] Zapisano rekord 1206/1294 (id=1076131537).
2026-09-19 11:58:27,269 [INFO] Zapisano rekord 1206/1294 (id=1076131537).
2026-09-19 11:58:35,396 [INFO] Zapisano rekord 1207/1294 (id=1095777388).
2026-09-19 11:58:40,087 [INFO] Zapisano rekord 1207/1294 (id=1095777388).
2026-09-19 11:58:50,514 [INFO] Zapisano rekord 1208/1294 (id=972028080).
2026-09-19 11:58:54,985 [INFO] Zapisano rekord 1208/1294 (id=972028080).
2026-09-19 11:59:03,628 [INFO] Zapisano rekord 1209/1294 (id=654455620).
2026-09-19 11:59:08,050 [INFO] Zapisano rekord 1209/1294 (id=654455620).
2026-09-19 11:59:25,122 [INFO] Zapisano rekord 1210/1294 (id=1079838729).
2026-09-19 11:59:30,109 [INFO] Zapisano rekord 1210/1294 (id=1079838729).
2026-09-19 11:59:37,993 [INFO] Zapisano rekord 1211/1294 (id=1083305858).
2026-09-19 11:59:42,586 [INFO] Zapisano rekord 1211/1294 (id=1083305858).
2026-09-19 11:59:53,110 [INFO] Zapisano rekord 1212/1294 (id=1097411098).
2026-09-19 11:59:57,632 [INFO] Zapisano rekord 1212/1294 (id=1097411098).
2026-09-19 12:00:06,233 [INFO] Zapisano rekord 1213/1294 (id=1093049826).
2026-09-19 12:00:10,091 [INFO] Zapisano rekord 1213/1294 (id=1093049826).
2026-09-19 12:00:23,333 [INFO] Zapisano rekord 1214/1294 (id=1096335764).
2026-09-19 12:00:28,524 [INFO] Zapisano rekord 1214/1294 (id=1096335764).
2026-09-19 12:00:35,356 [INFO] Zapisano rekord 1215/1294 (id=1098504081).
2026-09-19 12:00:39,876 [INFO] Zapisano rekord 1215/1294 (id=1098504081).
2026-09-19 12:00:52,267 [INFO] Zapisano rekord 1216/1294 (id=1038090845).
2026-09-19 12:00:57,676 [INFO] Zapisano rekord 1216/1294 (id=1038090845).
2026-09-19 12:01:10,200 [INFO] Zapisano rekord 1217/1294 (id=1090933110).
2026-09-19 12:01:15,018 [INFO] Zapisano rekord 1217/1294 (id=1090933110).
2026-09-19 12:01:38,369 [INFO] Zapisano rekord 1218/1294 (id=1097833284).
2026-09-19 12:01:45,116 [INFO] Zapisano rekord 1218/1294 (id=1097833284).
2026-09-19 12:01:51,072 [INFO] Zapisano rekord 1219/1294 (id=1098943726).
2026-09-19 12:01:55,529 [INFO] Zapisano rekord 1219/1294 (id=1098943726).
2026-09-19 12:02:12,527 [INFO] Zapisano rekord 1220/1294 (id=1097501135).
2026-09-19 12:02:17,558 [INFO] Zapisano rekord 1220/1294 (id=1097501135).
2026-09-19 12:02:33,044 [INFO] Zapisano rekord 1221/1294 (id=963730734).
2026-09-19 12:02:37,563 [INFO] Zapisano rekord 1221/1294 (id=963730734).
2026-09-19 12:02:45,455 [INFO] Zapisano rekord 1222/1294 (id=1094742178).
2026-09-19 12:02:50,036 [INFO] Zapisano rekord 1222/1294 (id=1094742178).
2026-09-19 12:02:55,436 [INFO] Zapisano rekord 1223/1294 (id=1097570486).
2026-09-19 12:02:59,666 [INFO] Zapisano rekord 1223/1294 (id=1097570486).
2026-09-19 12:03:09,855 [INFO] Zapisano rekord 1224/1294 (id=589438979).
2026-09-19 12:03:15,285 [INFO] Zapisano rekord 1224/1294 (id=589438979).
2026-09-19 12:03:26,725 [INFO] Zapisano rekord 1225/1294 (id=1071514455).
2026-09-19 12:03:31,683 [INFO] Zapisano rekord 1225/1294 (id=1071514455).
2026-09-19 12:03:38,230 [INFO] Zapisano rekord 1226/1294 (id=1074844349).
2026-09-19 12:03:42,661 [INFO] Zapisano rekord 1226/1294 (id=1074844349).
2026-09-19 12:03:49,792 [INFO] Zapisano rekord 1227/1294 (id=1096085494).
2026-09-19 12:03:54,109 [INFO] Zapisano rekord 1227/1294 (id=1096085494).
2026-09-19 12:04:00,218 [INFO] Zapisano rekord 1228/1294 (id=1097654482).
2026-09-19 12:04:04,612 [INFO] Zapisano rekord 1228/1294 (id=1097654482).
2026-09-19 12:04:16,065 [INFO] Zapisano rekord 1229/1294 (id=1065448866).
2026-09-19 12:04:21,017 [INFO] Zapisano rekord 1229/1294 (id=1065448866).
2026-09-19 12:04:39,609 [INFO] Zapisano rekord 1230/1294 (id=1096784400).
2026-09-19 12:04:45,994 [INFO] Zapisano rekord 1230/1294 (id=1096784400).
2026-09-19 12:05:01,796 [INFO] Zapisano rekord 1231/1294 (id=1094543024).
2026-09-19 12:05:06,724 [INFO] Zapisano rekord 1231/1294 (id=1094543024).
2026-09-19 12:05:15,008 [INFO] Zapisano rekord 1232/1294 (id=1097140775).
2026-09-19 12:05:19,471 [INFO] Zapisano rekord 1232/1294 (id=1097140775).
2026-09-19 12:05:31,409 [INFO] Zapisano rekord 1233/1294 (id=1095428792).
2026-09-19 12:05:36,571 [INFO] Zapisano rekord 1233/1294 (id=1095428792).
2026-09-19 12:05:43,336 [INFO] Zapisano rekord 1234/1294 (id=1074895835).
2026-09-19 12:05:48,043 [INFO] Zapisano rekord 1234/1294 (id=1074895835).
2026-09-19 12:06:00,417 [INFO] Zapisano rekord 1235/1294 (id=1090903187).
2026-09-19 12:06:05,055 [INFO] Zapisano rekord 1235/1294 (id=1090903187).
2026-09-19 12:06:47,149 [INFO] Zapisano rekord 1236/1294 (id=1096345895).
2026-09-19 12:06:53,025 [INFO] Zapisano rekord 1236/1294 (id=1096345895).
2026-09-19 12:07:07,190 [INFO] Zapisano rekord 1237/1294 (id=1092758237).
2026-09-19 12:07:11,725 [INFO] Zapisano rekord 1237/1294 (id=1092758237).
2026-09-19 12:07:21,638 [INFO] Zapisano rekord 1238/1294 (id=1096118550).
2026-09-19 12:07:26,177 [INFO] Zapisano rekord 1238/1294 (id=1096118550).
2026-09-19 12:07:37,754 [INFO] Zapisano rekord 1239/1294 (id=1098559591).
2026-09-19 12:07:42,487 [INFO] Zapisano rekord 1239/1294 (id=1098559591).
2026-09-19 12:08:12,939 [INFO] Zapisano rekord 1240/1294 (id=680156929).
2026-09-19 12:08:18,091 [INFO] Zapisano rekord 1240/1294 (id=680156929).
2026-09-19 12:08:30,182 [INFO] Zapisano rekord 1241/1294 (id=1076030859).
2026-09-19 12:08:35,779 [INFO] Zapisano rekord 1241/1294 (id=1076030859).
2026-09-19 12:08:47,754 [INFO] Zapisano rekord 1242/1294 (id=1097862963).
2026-09-19 12:08:52,177 [INFO] Zapisano rekord 1242/1294 (id=1097862963).
2026-09-19 12:09:08,085 [INFO] Zapisano rekord 1243/1294 (id=1094543024).
2026-09-19 12:09:13,006 [INFO] Zapisano rekord 1243/1294 (id=1094543024).
2026-09-19 12:09:22,201 [INFO] Zapisano rekord 1244/1294 (id=786032656).
2026-09-19 12:09:26,870 [INFO] Zapisano rekord 1244/1294 (id=786032656).
2026-09-19 12:09:37,455 [INFO] Zapisano rekord 1245/1294 (id=1096621122).
2026-09-19 12:09:41,906 [INFO] Zapisano rekord 1245/1294 (id=1096621122).
2026-09-19 12:09:59,386 [INFO] Zapisano rekord 1246/1294 (id=1096343121).
2026-09-19 12:10:03,961 [INFO] Zapisano rekord 1246/1294 (id=1096343121).
2026-09-19 12:10:12,226 [INFO] Zapisano rekord 1247/1294 (id=1087947325).
2026-09-19 12:10:17,431 [INFO] Zapisano rekord 1247/1294 (id=1087947325).
2026-09-19 12:10:25,327 [INFO] Zapisano rekord 1248/1294 (id=1095022334).
2026-09-19 12:10:29,891 [INFO] Zapisano rekord 1248/1294 (id=1095022334).
2026-09-19 12:11:06,846 [INFO] Zapisano rekord 1249/1294 (id=1096201162).
2026-09-19 12:11:12,269 [INFO] Zapisano rekord 1249/1294 (id=1096201162).
2026-09-19 12:11:52,032 [INFO] Zapisano rekord 1250/1294 (id=1081756235).
2026-09-19 12:11:57,988 [INFO] Zapisano rekord 1250/1294 (id=1081756235).
2026-09-19 12:12:15,924 [INFO] Zapisano rekord 1251/1294 (id=1093089959).
2026-09-19 12:12:20,735 [INFO] Zapisano rekord 1251/1294 (id=1093089959).
2026-09-19 12:12:27,805 [INFO] Zapisano rekord 1252/1294 (id=1085024760).
2026-09-19 12:12:32,259 [INFO] Zapisano rekord 1252/1294 (id=1085024760).
2026-09-19 12:13:12,710 [INFO] Zapisano rekord 1253/1294 (id=1096190870).
2026-09-19 12:13:18,478 [INFO] Zapisano rekord 1253/1294 (id=1096190870).
2026-09-19 12:13:26,071 [INFO] Zapisano rekord 1254/1294 (id=1096800511).
2026-09-19 12:13:30,607 [INFO] Zapisano rekord 1254/1294 (id=1096800511).
2026-09-19 12:13:42,567 [INFO] Zapisano rekord 1255/1294 (id=1096334372).
2026-09-19 12:13:47,261 [INFO] Zapisano rekord 1255/1294 (id=1096334372).
2026-09-19 12:14:04,797 [INFO] Zapisano rekord 1256/1294 (id=1084566175).
2026-09-19 12:14:09,785 [INFO] Zapisano rekord 1256/1294 (id=1084566175).
2026-09-19 12:14:19,037 [INFO] Zapisano rekord 1257/1294 (id=1086408582).
2026-09-19 12:14:23,328 [INFO] Zapisano rekord 1257/1294 (id=1086408582).
2026-09-19 12:14:33,997 [INFO] Zapisano rekord 1258/1294 (id=1076131537).
2026-09-19 12:14:38,327 [INFO] Zapisano rekord 1258/1294 (id=1076131537).
2026-09-19 12:14:46,880 [INFO] Zapisano rekord 1259/1294 (id=1097526619).
2026-09-19 12:14:51,515 [INFO] Zapisano rekord 1259/1294 (id=1097526619).
2026-09-19 12:14:57,743 [INFO] Zapisano rekord 1260/1294 (id=1097772891).
2026-09-19 12:15:02,171 [INFO] Zapisano rekord 1260/1294 (id=1097772891).
2026-09-19 12:15:07,992 [INFO] Zapisano rekord 1261/1294 (id=1097144444).
2026-09-19 12:15:12,505 [INFO] Zapisano rekord 1261/1294 (id=1097144444).
2026-09-19 12:15:24,382 [INFO] Zapisano rekord 1262/1294 (id=1097084695).
2026-09-19 12:15:28,797 [INFO] Zapisano rekord 1262/1294 (id=1097084695).
2026-09-19 12:15:35,444 [INFO] Zapisano rekord 1263/1294 (id=1097861628).
2026-09-19 12:15:39,624 [INFO] Zapisano rekord 1263/1294 (id=1097861628).
2026-09-19 12:15:47,909 [INFO] Zapisano rekord 1264/1294 (id=1095800046).
2026-09-19 12:15:52,512 [INFO] Zapisano rekord 1264/1294 (id=1095800046).
2026-09-19 12:16:04,310 [INFO] Zapisano rekord 1265/1294 (id=1097186832).
2026-09-19 12:16:09,890 [INFO] Zapisano rekord 1265/1294 (id=1097186832).
2026-09-19 12:16:20,095 [INFO] Zapisano rekord 1266/1294 (id=1096981712).
2026-09-19 12:16:24,730 [INFO] Zapisano rekord 1266/1294 (id=1096981712).
2026-09-19 12:16:29,963 [INFO] Zapisano rekord 1267/1294 (id=1082162713).
2026-09-19 12:16:33,464 [INFO] Zapisano rekord 1267/1294 (id=1082162713).
2026-09-19 12:16:45,897 [INFO] Zapisano rekord 1268/1294 (id=1090825622).
2026-09-19 12:16:50,485 [INFO] Zapisano rekord 1268/1294 (id=1090825622).
2026-09-19 12:17:03,030 [INFO] Zapisano rekord 1269/1294 (id=1090933110).
2026-09-19 12:17:07,851 [INFO] Zapisano rekord 1269/1294 (id=1090933110).
2026-09-19 12:17:31,196 [INFO] Zapisano rekord 1270/1294 (id=1097833284).
2026-09-19 12:17:37,940 [INFO] Zapisano rekord 1270/1294 (id=1097833284).
2026-09-19 12:17:47,821 [INFO] Zapisano rekord 1271/1294 (id=1086034287).
2026-09-19 12:17:52,444 [INFO] Zapisano rekord 1271/1294 (id=1086034287).
2026-09-19 12:18:00,306 [INFO] Zapisano rekord 1272/1294 (id=1093712109).
2026-09-19 12:18:04,783 [INFO] Zapisano rekord 1272/1294 (id=1093712109).
2026-09-19 12:18:12,449 [INFO] Zapisano rekord 1273/1294 (id=1087813675).
2026-09-19 12:18:16,801 [INFO] Zapisano rekord 1273/1294 (id=1087813675).
2026-09-19 12:18:22,474 [INFO] Zapisano rekord 1274/1294 (id=1098948944).
2026-09-19 12:18:27,100 [INFO] Zapisano rekord 1274/1294 (id=1098948944).
2026-09-19 12:18:38,951 [INFO] Zapisano rekord 1275/1294 (id=1098135639).
2026-09-19 12:18:43,303 [INFO] Zapisano rekord 1275/1294 (id=1098135639).
2026-09-19 12:18:58,808 [INFO] Zapisano rekord 1276/1294 (id=1085416382).
2026-09-19 12:19:03,640 [INFO] Zapisano rekord 1276/1294 (id=1085416382).
2026-09-19 12:19:11,099 [INFO] Zapisano rekord 1277/1294 (id=1096949679).
2026-09-19 12:19:15,606 [INFO] Zapisano rekord 1277/1294 (id=1096949679).
2026-09-19 12:19:20,160 [INFO] Zapisano rekord 1278/1294 (id=1074051330).
2026-09-19 12:19:23,936 [INFO] Zapisano rekord 1278/1294 (id=1074051330).
2026-09-19 12:19:32,835 [INFO] Zapisano rekord 1279/1294 (id=1086402704).
2026-09-19 12:19:36,499 [INFO] Zapisano rekord 1279/1294 (id=1086402704).
2026-09-19 12:19:47,281 [INFO] Zapisano rekord 1280/1294 (id=1098818690).
2026-09-19 12:19:51,848 [INFO] Zapisano rekord 1280/1294 (id=1098818690).
2026-09-19 12:19:59,888 [INFO] Zapisano rekord 1281/1294 (id=1098105854).
2026-09-19 12:20:04,524 [INFO] Zapisano rekord 1281/1294 (id=1098105854).
2026-09-19 12:20:12,802 [INFO] Zapisano rekord 1282/1294 (id=1097140775).
2026-09-19 12:20:17,151 [INFO] Zapisano rekord 1282/1294 (id=1097140775).
2026-09-19 12:20:26,137 [INFO] Zapisano rekord 1283/1294 (id=1086402704).
2026-09-19 12:20:29,751 [INFO] Zapisano rekord 1283/1294 (id=1086402704).
2026-09-19 12:20:37,653 [INFO] Zapisano rekord 1284/1294 (id=1095022334).
2026-09-19 12:20:42,207 [INFO] Zapisano rekord 1284/1294 (id=1095022334).
2026-09-19 12:20:47,984 [INFO] Zapisano rekord 1285/1294 (id=1051939069).
2026-09-19 12:20:52,295 [INFO] Zapisano rekord 1285/1294 (id=1051939069).
2026-09-19 12:21:03,940 [INFO] Zapisano rekord 1286/1294 (id=1090260256).
2026-09-19 12:21:08,435 [INFO] Zapisano rekord 1286/1294 (id=1090260256).
2026-09-19 12:21:22,108 [INFO] Zapisano rekord 1287/1294 (id=1098225685).
2026-09-19 12:21:27,470 [INFO] Zapisano rekord 1287/1294 (id=1098225685).
2026-09-19 12:21:37,089 [INFO] Zapisano rekord 1288/1294 (id=1095314445).
2026-09-19 12:21:42,069 [INFO] Zapisano rekord 1288/1294 (id=1095314445).
2026-09-19 12:21:54,584 [INFO] Zapisano rekord 1289/1294 (id=1032003342).
2026-09-19 12:22:00,146 [INFO] Zapisano rekord 1289/1294 (id=1032003342).
2026-09-19 12:22:10,474 [INFO] Zapisano rekord 1290/1294 (id=1089893784).
2026-09-19 12:22:15,196 [INFO] Zapisano rekord 1290/1294 (id=1089893784).
2026-09-19 12:22:24,950 [INFO] Zapisano rekord 1291/1294 (id=1097497958).
2026-09-19 12:22:29,546 [INFO] Zapisano rekord 1291/1294 (id=1097497958).
2026-09-19 12:22:35,317 [INFO] Zapisano rekord 1292/1294 (id=1097937296).
2026-09-19 12:22:39,745 [INFO] Zapisano rekord 1292/1294 (id=1097937296).
2026-09-19 12:22:50,778 [INFO] Zapisano rekord 1293/1294 (id=1080511922).
2026-09-19 12:22:55,210 [INFO] Zapisano rekord 1293/1294 (id=1080511922).
2026-09-19 12:23:10,580 [INFO] Zapisano rekord 1294/1294 (id=1090743558).
2026-09-19 12:23:10,582 [INFO] Zakończono przetwarzanie 1294/1294 rekordów. Wynik zapisano w room_offers2_analyzed.csv
2026-09-19 12:23:16,154 [INFO] Zapisano rekord 1294/1294 (id=1090743558).
2026-09-19 12:23:16,154 [INFO] Zakończono przetwarzanie 1294/1294 rekordów. Wynik zapisano w room_offers2_analyzed.csv
2026-09-20 13:32:11,214 [INFO] Start synchronizacji z OLX -> test_data.csv
2026-09-20 13:32:11,215 [INFO] Pobrano 3 ogłoszeń z 1 stron OLX.
2026-09-20 13:32:11,215 [INFO] Do usunięcia: 1 ogłoszeń, do dodania: 1 ogłoszeń.
2026-09-20 13:32:11,215 [INFO] Pobieranie nowego ogłoszenia 1/1 (id=4)
2026-09-20 13:32:11,216 [INFO] Zakończono synchronizację. Usunięto: 1, dodano: 1, łącznie w test_data.csv: 3.
2026-09-21 11:03:27,086 [INFO] Uruchomiono daily_sync w trybie ciągłym (godzina uruchamiania: 02:00).
2026-09-21 11:03:27,087 [INFO] Następna synchronizacja o 2026-09-22 02:00 (za 14.9 h).
2026-09-21 11:03:33,298 [WARNING] Przerwano przez użytkownika (Ctrl+C).
2026-09-21 11:03:38,329 [INFO] Start synchronizacji z OLX -> data.csv
2026-09-21 11:05:04,648 [INFO] Pobrano 1299 ogłoszeń z 25 stron OLX.
2026-09-21 11:05:04,681 [INFO] Do usunięcia: 299 ogłoszeń, do dodania: 309 ogłoszeń.
2026-09-21 11:05:04,681 [INFO] Pobieranie nowego ogłoszenia 1/309 (id=1009868891)
2026-09-21 11:05:32,789 [INFO] Pobieranie nowego ogłoszenia 2/309 (id=1009985549)
2026-09-21 11:05:46,404 [INFO] Pobieranie nowego ogłoszenia 3/309 (id=1018515554)
2026-09-21 11:06:02,591 [INFO] Pobieranie nowego ogłoszenia 4/309 (id=1019867982)
2026-09-21 11:06:24,894 [INFO] Pobieranie nowego ogłoszenia 5/309 (id=1019927937)
2026-09-21 11:06:44,137 [INFO] Pobieranie nowego ogłoszenia 6/309 (id=1020685219)
2026-09-21 11:07:27,278 [INFO] Pobieranie nowego ogłoszenia 7/309 (id=1021738016)
2026-09-21 11:07:48,401 [INFO] Pobieranie nowego ogłoszenia 8/309 (id=1027231048)
