id,title,district,price,negotiable,link
1097912470,"Pokój 1-osobowy 8m2, w mieszkaniu dwupokojowym, ul. Srebrna 10, zwierzęta ok, metro, centrum, Internet",Śródmieście,1800,false,https://www.olx.pl/d/oferta/pokoj-1-osobowy-8m2-w-mieszkaniu-dwupokojowym-ul-srebrna-10-zwierzeta-ok-metro-centrum-internet-CID3-ID1ciJbE.html?search_reason=search%7Cpromoted
1097861628,Ul. Sonaty 6: Pokoj 10 m2 w  mieszkaniu 3 pokojowym - Służew nad Dolinką,Mokotów,1200,false,https://www.olx.pl/d/oferta/ul-sonaty-6-pokoj-10-m2-w-mieszkaniu-3-pokojowym-sluzew-nad-dolinka-CID3-ID1ciwXC.html?search_reason=search%7Cpromoted
1097384011,Nowy pokój z balkonem ul BOKSERSKA/POSTĘPU blisko Galerii Mokotów,Mokotów,1490,false,https://www.olx.pl/d/oferta/nowy-pokoj-z-balkonem-ul-bokserska-postepu-blisko-galerii-mokotow-CID3-ID1cgwI7.html?search_reason=search%7Cpromoted
1097351977,"pokój dla 1 os.  1100 Ursynów, z balkonem, m-cem na auto i rower",Ursynów,1100,true,https://www.olx.pl/d/oferta/pokoj-dla-1-os-1100-ursynow-z-balkonem-m-cem-na-auto-i-rower-CID3-ID1cgnnr.html?search_reason=search%7Corganic
1097998030,pokój samo Centrum,Śródmieście,1800,true,https://www.olx.pl/d/oferta/pokoj-samo-centrum-CID3-ID1cj5rE.html?search_reason=search%7Corganic
1097325025,Wynajmę pokój - Warszawa Mokotów,Mokotów,1450,false,https://www.olx.pl/d/oferta/wynajme-pokoj-warszawa-mokotow-CID3-ID1cggmJ.html?search_reason=search%7Corganic
1097149821,Cichy pokój z widokiem na zieleń - Metro Rondo ONZ / Galeria Złote Tarasy - od 30 września,Śródmieście,1300,false,https://www.olx.pl/d/oferta/cichy-pokoj-z-widokiem-na-zielen-metro-rondo-onz-galeria-zlote-tarasy-od-30-wrzesnia-CID3-ID1cfvMR.html?search_reason=search%7Corganic
1097987381,"Obozowa 61 - pokój przy Lasku na Kole, blisko SKM Koło, 150 m do tramwaju.",Wola,1550,false,https://www.olx.pl/d/oferta/obozowa-61-pokoj-przy-lasku-na-kole-blisko-skm-kolo-150-m-do-tramwaju-CID3-ID1cj2FT.html?search_reason=search%7Corganic
1093761560,Pokój 1 os. wolny od zaraz - Metro - Bielany - ul. Reymonta.,Bielany,1199,false,https://www.olx.pl/d/oferta/pokoj-1-os-wolny-od-zaraz-metro-bielany-ul-reymonta-CID3-ID1c1jlu.html?search_reason=search%7Corganic
1096929617,Pokój dla dziewczyny w mieszkaniu 4 pokojowym - ul. Broniewskiego 26,Żoliborz,1300,false,https://www.olx.pl/d/oferta/pokoj-dla-dziewczyny-w-mieszkaniu-4-pokojowym-ul-broniewskiego-26-CID3-ID1ceBwb.html?search_reason=search%7Corganic
1096975377,250 zł za tydzień pobytu! Otwarcie! Akademik Warszawa Hostel. Хостел,Praga-Północ,750,false,https://www.olx.pl/d/oferta/250-zl-za-tydzien-pobytu-otwarcie-akademik-warszawa-hostel-CID3-ID1ceNpf.html?search_reason=search%7Corganic
1095099425,NEW Akademik Варшава Есть бассейн Хостел! VIP Hostel Tani pokój!,Wilanów,750,false,https://www.olx.pl/d/oferta/new-akademik-vip-hostel-tani-pokoj-CID3-ID1c6WnX.html?search_reason=search%7Corganic
1097594550,Pokoje do wynajęcia – Warszawa - Al. Wilanowska – Galeria Mokotów – WUM,Mokotów,1200,false,https://www.olx.pl/d/oferta/pokoje-do-wynajecia-warszawa-al-wilanowska-galeria-mokotow-wum-CID3-ID1chotU.html?search_reason=search%7Corganic
1095420973,"Pokój 1os. Dębicka, 8min piechotą do metra Bemowo, cisza, mieszkanie dla pań",Bemowo,1190,false,https://www.olx.pl/d/oferta/pokoj-1os-debicka-8min-piechota-do-metra-bemowo-cisza-mieszkanie-dla-pan-CID3-ID1c8h2d.html?search_reason=search%7Cpromoted
1096980687,Pokój do wynajęcia – METRO BEMOWO – Warszawa - WAT,Bemowo,1200,false,https://www.olx.pl/d/oferta/pokoj-do-wynajecia-metro-bemowo-warszawa-wat-CID3-ID1ceOMT.html?search_reason=search%7Cpromoted
1098131191,"Widny pokój jednoosobowy, dobry dojazd do centrum",Praga-Południe,1180,false,https://www.olx.pl/d/oferta/widny-pokoj-jednoosobowy-dobry-dojazd-do-centrum-CID3-ID1cjE5p.html?search_reason=search%7Cpromoted
1095756669,"Niezależny pokój studentka, kobieta pracująca Warszawa Wola",Wola,1800,false,https://www.olx.pl/d/oferta/niezalezny-pokoj-studentka-kobieta-pracujaca-warszawa-wola-CID3-ID1c9GmF.html?search_reason=search%7Corganic
1097325424,Duży pokój Bielany/Kochanowskiego - wszystko w cenie,Bielany,1750,false,https://www.olx.pl/d/oferta/duzy-pokoj-bielany-kochanowskiego-wszystko-w-cenie-CID3-ID1cggta.html?search_reason=search%7Corganic
1097562602,Wynajmę pokój w domu jednorodzinnym,Targówek,1700,true,https://www.olx.pl/d/oferta/wynajme-pokoj-w-domu-jednorodzinnym-CID3-ID1chgaC.html?search_reason=search%7Corganic
1095630801,"Wynajmę pokój - Polinezyjska 4, Ursynów | metro Imielin | 1599 zł total",Ursynów,1299,false,https://www.olx.pl/d/oferta/wynajme-pokoj-polinezyjska-4-ursynow-metro-imielin-1599-zl-total-CID3-ID1c99Cx.html?search_reason=search%7Corganic
1098004531,Bliska Wola Pokój przy Parku! Metro Płocka Warsaw Spire!,Wola,1350,false,https://www.olx.pl/d/oferta/bliska-wola-pokoj-przy-parku-metro-plocka-warsaw-spire-CID3-ID1cj78w.html?search_reason=search%7Corganic
1094194105,Pokoje (jeden z balkonem) do wynajęcia na Ursynowie metro Imielin wolny nawet od już.,Ursynów,1200,false,https://www.olx.pl/d/oferta/pokoje-jeden-z-balkonem-do-wynajecia-na-ursynowie-metro-imielin-wolny-nawet-od-juz-CID3-ID1c37S1.html?search_reason=search%7Corganic
1096368399,"Stylowy pokój 1-osobowy, Saska Kępa, ul. Brazylijska",Praga-Południe,1200,false,https://www.olx.pl/d/oferta/stylowy-pokoj-1-osobowy-saska-kepa-ul-brazylijska-CID3-ID1ccfwh.html?search_reason=search%7Corganic
1096742363,"URSYNÓW [ul Symfonii 1] do Metro Ursynów 5min, SGGW pieszo 15 min",Ursynów,1550,false,https://www.olx.pl/d/oferta/ursynow-ul-symfonii-1-do-metro-ursynow-5min-sggw-pieszo-15-min-CID3-ID1cdOMX.html?search_reason=search%7Corganic
1095577744,1-os. pokój | Wokalna | blisko Metro Ursynów | 0% prowizji,Ursynów,1400,false,https://www.olx.pl/d/oferta/1-os-pokoj-wokalna-blisko-metro-ursynow-0-prowizji-CID3-ID1c8WOM.html?search_reason=search%7Corganic
1096641430,Ładny pokój/ Хорошая комната для пары Ursynów-Natolin (8min SGGW i Vistula),Ursynów,1480,false,https://www.olx.pl/d/oferta/ladny-pokoj-ursynow-natolin-8min-sggw-i-vistula-CID3-ID1cdox0.html?search_reason=search%7Corganic
1097501817,"Pokój | Marymoncka 153 | metro Młociny 1,4km | od zaraz | 643",Bielany,1020,false,https://www.olx.pl/d/oferta/pokoj-marymoncka-153-metro-mlociny-1-4km-od-zaraz-643-CID3-ID1ch0md.html?search_reason=search%7Cpromoted
1015334695,Wysoki Standard – Metro Politechnika,Śródmieście,1650,true,https://www.olx.pl/d/oferta/wysoki-standard-metro-politechnika-CID3-ID16IeV3.html?search_reason=search%7Cpromoted
1093923164,"Pokój przy m. Ursynów! SGGW, VISTULI, WSTiR, WZ UW, Politechnika",Ursynów,1180,false,https://www.olx.pl/d/oferta/pokoj-przy-m-ursynow-sggw-vistuli-wstir-wz-uw-politechnika-CID3-ID1c1Zo0.html?search_reason=search%7Cpromoted
1095730135,Szukam współlokatorki do mieszkania 2-pokojowego,Mokotów,1750,false,https://www.olx.pl/d/oferta/szukam-wspollokatorki-do-mieszkania-2-pokojowego-CID3-ID1c9zsH.html?search_reason=search%7Corganic
1096049214,Wolny pokój przy metrze Księcia Janusza,Wola,1200,false,https://www.olx.pl/d/oferta/wolny-pokoj-przy-metrze-ksiecia-janusza-CID3-ID1caUt8.html?search_reason=search%7Corganic
1097395629,Duży pokój 10 m2 / METRO WILANOWSKA / Łazarski / SGH / Domaniewska / Puławska / Niepodległości SERWIS SPRZĄTAJĄCY,Mokotów,1550,false,https://www.olx.pl/d/oferta/duzy-pokoj-10-m2-metro-wilanowska-lazarski-sgh-domaniewska-pulawska-niepodleglosci-serwis-sprzatajacy-CID3-ID1cgyJw.html?search_reason=search%7Corganic
1095373608,790 злотых месяц проживания! Общежитие Варшава Хостел Hostel,Mokotów,750,false,https://www.olx.pl/d/oferta/790-hostel-CID3-ID1c84Ig.html?search_reason=search%7Corganic
1095919385,Pokój 1 os. Wolny od zaraz - 4 min. do Metra Bródno - ul. Suwalska.,Targówek,899,false,https://www.olx.pl/d/oferta/pokoj-1-os-wolny-od-zaraz-4-min-do-metra-brodno-ul-suwalska-CID3-ID1camH7.html?search_reason=search%7Corganic
1097352630,Duży pokój 17 m² | Metro Młynów | Wola | 1850 zł ze wszystkimi opłatami,Wola,1850,false,https://www.olx.pl/d/oferta/duzy-pokoj-17-m-metro-mlynow-wola-1850-zl-ze-wszystkimi-oplatami-CID3-ID1cgnxY.html?search_reason=search%7Corganic
1094937591,"Cichy pokój z dobrą komunikacją (PKP, ZTM) dla dziewczyny.",Ursus,1170,false,https://www.olx.pl/d/oferta/cichy-pokoj-z-dobra-komunikacja-pkp-ztm-dla-dziewczyny-CID3-ID1c6fhJ.html?search_reason=search%7Corganic
1093772791,Pokój 1 os. Wolny od zaraz - Ursynów - ul. Dunikowskiego - 8 min. do Metra Stokłosy :),Ursynów,999,false,https://www.olx.pl/d/oferta/pokoj-1-os-wolny-od-zaraz-ursynow-ul-dunikowskiego-8-min-do-metra-stoklosy-CID3-ID1c1mgD.html?search_reason=search%7Corganic
1095193183,"Pokój dla studenta/-tki / Mokotów Egejska / 20-30 minut UW, PW, SGH, SGGW, Łazarski, Vistula, Merito",Mokotów,1150,false,https://www.olx.pl/d/oferta/pokoj-dla-studenta-tki-mokotow-egejska-20-30-minut-uw-pw-sgh-sggw-lazarski-vistula-merito-CID3-ID1c7jMb.html?search_reason=search%7Corganic
1095147560,"Pokój 1 os. wolny od 30.09. - 6 min. do Metra Wilanowska - Mokotów, ul Sobieskiego, 20 min. do UW i PW.",Mokotów,999,false,https://www.olx.pl/d/oferta/pokoj-1-os-wolny-od-30-09-6-min-do-metra-wilanowska-mokotow-ul-sobieskiego-20-min-do-uw-i-pw-CID3-ID1c77Uk.html?search_reason=search%7Corganic
1014821935,Duży pokój 17 m² w domu z ogrodem Warszawa Wawer przy Płowieckiej,Rembertów,1400,false,https://www.olx.pl/d/oferta/duzy-pokoj-17-m-w-domu-z-ogrodem-warszawa-wawer-przy-plowieckiej-CID3-ID16G5xJ.html?search_reason=search%7Cpromoted
1097132431,wolny pokój dla osoby pracjącej lub studentki ul. budowlana  7 i wole miejsce w garażu,Targówek,1600,false,https://www.olx.pl/d/oferta/wolny-pokoj-dla-osoby-pracjacej-lub-studentki-ul-budowlana-7-i-wole-miejsce-w-garazu-CID3-ID1cfsgn.html?search_reason=search%7Cpromoted
1094543024,"Pokój 1osobowy Gocław - szybki dojazd Metro Politechnika, SWPS, SGGW, Centrum",Praga-Południe,980,false,https://www.olx.pl/d/oferta/pokoj-1osobowy-goclaw-szybki-dojazd-metro-politechnika-swps-sggw-centrum-CID3-ID1c4ADK.html?search_reason=search%7Cpromoted
1093746782,Pokój 1 os. wolny od Zaraz - Wola - ul. Okopowa - Dobra Komunikacja i Lokalizacja.,Śródmieście,1299,false,https://www.olx.pl/d/oferta/pokoj-1-os-wolny-od-zaraz-wola-ul-okopowa-dobra-komunikacja-i-lokalizacja-CID3-ID1c1fw8.html?search_reason=search%7Corganic
1097993267,Pokój 1 osobowy 30m2 z aneksem kuchennym i balkonem łózko 160cm wysoki standard,Bielany,2000,false,https://www.olx.pl/d/oferta/pokoj-1-osobowy-30m2-z-aneksem-kuchennym-i-balkonem-lozko-160cm-wysoki-standard-CID3-ID1cj4cP.html?search_reason=search%7Corganic
1095022334,Atrakcyjny poķóǰ | Metro Natolin | SGGW Vistula,Ursynów,1350,true,https://www.olx.pl/d/oferta/atrakcyjny-poo-metro-natolin-sggw-vistula-CID3-ID1c6Bky.html?search_reason=search%7Corganic
1093740042,Pokój 1 os. wolny od zaraz - Bemowo- - ul. Legendy - Dobra lokalizacja i komunikacja.,Bemowo,999,false,https://www.olx.pl/d/oferta/pokoj-1-os-wolny-od-zaraz-bemowo-ul-legendy-dobra-lokalizacja-i-komunikacja-CID3-ID1c1dKq.html?search_reason=search%7Corganic
1097400967,"Przy Agorze 5 | Bielany | Pojemna szafa i widok na zieleń | UKSW, AWF, WAT | wolne od zaraz",Bielany,1200,false,https://www.olx.pl/d/oferta/przy-agorze-5-bielany-pojemna-szafa-i-widok-na-zielen-uksw-awf-wat-wolne-od-zaraz-CID3-ID1cgA7B.html?search_reason=search%7Corganic
1094893771,Pokój 1 os. wolny od 11.09. - Metro Wilanowska - Mokotów - ul. Pohoskiego.,Mokotów,999,false,https://www.olx.pl/d/oferta/pokoj-1-os-wolny-od-11-09-metro-wilanowska-mokotow-ul-pohoskiego-CID3-ID1c63SX.html?search_reason=search%7Corganic
1095425460,"Mały cichy pokój 1os., świetna lokalizacja Nowowiejska/Niepodległości, mieszkanie dla pań",Ochota,840,false,https://www.olx.pl/d/oferta/maly-cichy-pokoj-1os-swietna-lokalizacja-nowowiejska-niepodleglosci-mieszkanie-dla-pan-CID3-ID1c8icA.html?search_reason=search%7Corganic
1093730823,Pokój 1 os. wolny od zaraz - Bemowo - ul. Kossutha - 5 min. do Metra Bemowo - 15 min. do WAT-u.,Bemowo,999,false,https://www.olx.pl/d/oferta/pokoj-1-os-wolny-od-zaraz-bemowo-ul-kossutha-5-min-do-metra-bemowo-15-min-do-wat-u-CID3-ID1c1blJ.html?search_reason=search%7Corganic
1094244033,"Pokój Warszawa Wola nowy z kuchnią i łazienką, niski czynsz! Klimatyzacja!",Wola,1400,false,https://www.olx.pl/d/oferta/pokoj-warszawa-wola-nowy-z-kuchnia-i-lazienka-niski-czynsz-klimatyzacja-CID3-ID1c3kRj.html?search_reason=search%7Corganic
1092938704,METRO / zadbany pokój /opłaty wliczone,Praga-Północ,1530,false,https://www.olx.pl/d/oferta/metro-zadbany-pokoj-oplaty-wliczone-CID3-ID1bXRhC.html?search_reason=search%7Corganic
941986713,Ładny pokój 1-os. z balkonem na Mokotowie – SGGW zaledwie 7 min!  Ul. Egejska 5,Mokotów,950,false,https://www.olx.pl/d/oferta/ladny-pokoj-1-os-z-balkonem-na-mokotowie-sggw-zaledwie-7-min-ul-egejska-5-CID3-ID11KtM5.html?search_reason=search%7Cpromoted
1093111033,"Pokój | Anielewicza 18A | metro Ratusz Arsenał 1,4km | od 30.09 | 1025",Wola,1290,false,https://www.olx.pl/d/oferta/pokoj-anielewicza-18a-metro-ratusz-arsenal-1-4km-od-30-09-1025-CID3-ID1bYA77.html?search_reason=search%7Cpromoted
1036933786,BEZPOŚREDNIO- Pokój na Mokotowie -1500 zł,Mokotów,1500,false,https://www.olx.pl/d/oferta/bezposrednio-pokoj-na-mokotowie-1500-zl-CID3-ID18aRQu.html?search_reason=search%7Cpromoted
1094035825,"Duży pokój jednoosobowy, 20m + balkon Bemowo",Bemowo,1550,false,https://www.olx.pl/d/oferta/duzy-pokoj-jednoosobowy-20m-balkon-bemowo-CID3-ID1c2sH7.html?search_reason=search%7Corganic
1093131190,7 min. do Metra Targówek M. - Pokój 1 os. Wolny od zaraz - ul. Orłowska.,Targówek,899,false,https://www.olx.pl/d/oferta/7-min-do-metra-targowek-m-pokoj-1-os-wolny-od-zaraz-ul-orlowska-CID3-ID1bYFme.html?search_reason=search%7Corganic
1093416214,Pokój dla 1os/metro Imielin/Ursynów,Ursynów,1100,false,https://www.olx.pl/d/oferta/pokoj-dla-1os-metro-imielin-ursynow-CID3-ID1bZRwo.html?search_reason=search%7Corganic
1096207529,pokój 10 m2 do wynajęcia Warszawa Fort Bema Bemowo,Bemowo,1300,true,https://www.olx.pl/d/oferta/pokoj-10-m2-do-wynajecia-warszawa-fort-bema-bemowo-CID3-ID1cbzEB.html?search_reason=search%7Corganic
1097252242,Pokój | Wita Stwosza 17a | metro Służew 750m | od zaraz | 780,Mokotów,1280,false,https://www.olx.pl/d/oferta/pokoj-wita-stwosza-17a-metro-sluzew-750m-od-zaraz-780-CID3-ID1cfXqO.html?search_reason=search%7Corganic
1096538573,"Pokój 1osobowy Gocław - szybki dojazd Metro Politechnika, SWPS, SGGW, Centrum",Praga-Południe,950,false,https://www.olx.pl/d/oferta/pokoj-1osobowy-goclaw-szybki-dojazd-metro-politechnika-swps-sggw-centrum-CID3-ID1ccXM1.html?search_reason=search%7Corganic
1097406442,"Suwalska 40 | Targówek | Jasny pokój z widokiem na drzewa, METRO | SWPS, KOŹMIŃSKI, WSB MERITO | wolne od zaraz",Targówek,1090,false,https://www.olx.pl/d/oferta/suwalska-40-targowek-jasny-pokoj-z-widokiem-na-drzewa-metro-swps-kozminski-wsb-merito-wolne-od-zaraz-CID3-ID1cgBxU.html?search_reason=search%7Corganic
1094530992,Новое общежитие  Хостел - аренда короткий/долгий срок. Hostel Warszawa,Praga-Południe,750,false,https://www.olx.pl/d/oferta/hostel-warszawa-CID3-ID1c4xwG.html?search_reason=search%7Corganic
1095171215,Wynajmę pokój w mieszkaniu 3 pokojowym stary Ursus. Wolny od zaraz,Ursus,1300,false,https://www.olx.pl/d/oferta/wynajme-pokoj-w-mieszkaniu-3-pokojowym-stary-ursus-wolny-od-zaraz-CID3-ID1c7e3R.html?search_reason=search%7Corganic
1095861619,Pokój 12 m² | Metro Natolin 5–7 min | spokojne mieszkanie | dłuższy najem,Ursynów,1200,false,https://www.olx.pl/d/oferta/pokoj-12-m-metro-natolin-57-min-spokojne-mieszkanie-dluzszy-najem-CID3-ID1ca7Fp.html?search_reason=search%7Corganic
1093116720,Pokój | Marca Polo 1 | metro Imielin 600m | BEZ PROWIZJI | od 19.09 | 1136,Ursynów,990,false,https://www.olx.pl/d/oferta/pokoj-marca-polo-1-metro-imielin-600m-bez-prowizji-od-19-09-1136-CID3-ID1bYBAQ.html?search_reason=search%7Cpromoted
1074395767,"Pokój | Zamiany 15, Ursynów | BEZ PROWIZJI | od zaraz | 1118",Ursynów,1190,false,https://www.olx.pl/d/oferta/pokoj-zamiany-15-ursynow-bez-prowizji-od-zaraz-1118-CID3-ID1aI3pZ.html?search_reason=search%7Cpromoted
1091568234,"Pokój | Wita Stwosza 44, Mokotów | balkon | BEZ PROWIZJI | od 30.09 | 1355",Mokotów,1190,false,https://www.olx.pl/d/oferta/pokoj-wita-stwosza-44-mokotow-balkon-bez-prowizji-od-30-09-1355-CID3-ID1bS6Lg.html?search_reason=search%7Cpromoted
1097537365,"Pokój przy metrze Bemowo tylko 1km, wolny od już-Olbrachta 112a",Bemowo,1300,false,https://www.olx.pl/d/oferta/pokoj-przy-metrze-bemowo-tylko-1km-wolny-od-juz-olbrachta-112a-CID3-ID1ch9Bz.html?search_reason=search%7Corganic
1098196297,Jasne pokoje 1-os. Mokotów | blisko WUM i SGH | zielone osiedle,Ochota,1090,false,https://www.olx.pl/d/oferta/jasne-pokoje-1-os-mokotow-blisko-wum-i-sgh-zielone-osiedle-CID3-ID1cjW1w.html?search_reason=search%7Corganic
1096533710,"Pokój do wynajęcia, ul. Jagiellońska | Niedaleko ALK i Ronda Starzyńskiego",Praga-Północ,1450,false,https://www.olx.pl/d/oferta/pokoj-do-wynajecia-ul-jagiellonska-niedaleko-alk-i-ronda-starzynskiego-CID3-ID1ccVwA.html?search_reason=search%7Corganic
1098358696,Komfortowy pokój jednoosobowy z balkonem - Warneńska 1,Mokotów,1250,false,https://www.olx.pl/d/oferta/komfortowy-pokoj-jednoosobowy-z-balkonem-warnenska-1-CID3-ID1ckBgQ.html?search_reason=search%7Corganic
1097373327,Pokój 1-os. Wola Ordona | 1300 zł | 5 osób + 2 łazienki i WC | 83 m²| balkon,Wola,1300,false,https://www.olx.pl/d/oferta/pokoj-1-os-wola-ordona-1300-zl-5-osob-2-lazienki-i-wc-83-m-balkon-CID3-ID1cgsWN.html?search_reason=search%7Corganic
1096331320,"Etiudy Rewolucyjnej 5/7 | Mokotów | Pokój z wyjściem na balkon | UW, SGH | wolne od zaraz",Ochota,1190,false,https://www.olx.pl/d/oferta/etiudy-rewolucyjnej-5-7-mokotow-pokoj-z-wyjsciem-na-balkon-uw-sgh-wolne-od-zaraz-CID3-ID1cc5Re.html?search_reason=search%7Corganic
1094441312,Nowy Pokój dla Chłopaka przy Metrze Księcia Janusza w 2 pokojowym mieszkaniu,Wola,1550,false,https://www.olx.pl/d/oferta/nowy-pokoj-dla-chlopaka-przy-metrze-ksiecia-janusza-w-2-pokojowym-mieszkaniu-CID3-ID1c4abe.html?search_reason=search%7Corganic
1094876493,pokój przy metrze Kabaty ( bez prowizji ),Ursynów,1100,false,https://www.olx.pl/d/oferta/pokoj-przy-metrze-kabaty-bez-prowizji-CID3-ID1c5Zoh.html?search_reason=search%7Corganic
1094053527,Bezpośrednio pokój na mordorze,Mokotów,1500,false,https://www.olx.pl/d/oferta/bezposrednio-pokoj-na-mordorze-CID3-ID1c2xiD.html?search_reason=search%7Corganic
1096337932,"Jagiellońska 55F | Praga Północ | Szafa z lustrem i wygodne biurko | ALK, AWF, SWPS, UW, PW, SGH, UKSW | wolne od 06.09",Praga-Północ,1290,false,https://www.olx.pl/d/oferta/jagiellonska-55f-praga-polnoc-szafa-z-lustrem-i-wygodne-biurko-alk-awf-swps-uw-pw-sgh-uksw-wolne-od-06-09-CID3-ID1cc7zS.html?search_reason=search%7Corganic
1096345895,"Jaracza 3 | Centrum POWIŚLE | Metro CNK 4 min, UW 15 min pieszo | UW, PW, SGH, SWPS | wolne od zaraz",Śródmieście,1350,false,https://www.olx.pl/d/oferta/jaracza-3-centrum-powisle-metro-cnk-4-min-uw-15-min-pieszo-uw-pw-sgh-swps-wolne-od-zaraz-CID3-ID1cc9Ej.html?search_reason=search%7Cpromoted
1093156390,Duży pokój 1 osobowy na Mokotowie | blisko SGGW i Mordoru | Dobra komunikacja | Sozopolska 1,Mokotów,1210,false,https://www.olx.pl/d/oferta/duzy-pokoj-1-osobowy-na-mokotowie-blisko-sggw-i-mordoru-dobra-komunikacja-sozopolska-1-CID3-ID1bYLUG.html?search_reason=search%7Cpromoted
1098682529,Pokój 1 os. wolny od 30.09. - ul. Zwierzyniecka - Mokotów.,Mokotów,1199,false,https://www.olx.pl/d/oferta/pokoj-1-os-wolny-od-30-09-ul-zwierzyniecka-mokotow-CID3-ID1clXwX.html?search_reason=search%7Cpromoted
1096150045,Pokój 1 os. wolny od 30.09. - Mokotów - ul. Bernardyńska - Dobra Komunikacja i Lokalizacja.,Mokotów,1199,false,https://www.olx.pl/d/oferta/pokoj-1-os-wolny-od-30-09-mokotow-ul-bernardynska-dobra-komunikacja-i-lokalizacja-CID3-ID1cbkHr.html?search_reason=search%7Corganic
1096212539,"Czerniakowska 22 | Mokotów | Pokój z balkonem | SGH, PW, VISTULA | wolne od 18.09",Mokotów,1550,false,https://www.olx.pl/d/oferta/czerniakowska-22-mokotow-pokoj-z-balkonem-sgh-pw-vistula-wolne-od-18-09-CID3-ID1cbAXp.html?search_reason=search%7Corganic
1094833153,"Słoneczny, nieprzechodni, w 3-pokojowym mieszkaniu, przy Metro Imielin! blisko Vistula i SGGW, szybki Internet 1 Gb/s, bezpośrednio od właściciela",Ursynów,1290,false,https://www.olx.pl/d/oferta/sloneczny-nieprzechodni-w-3-pokojowym-mieszkaniu-przy-metro-imielin-blisko-vistula-i-sggw-szybki-internet-1-gb-s-bezposrednio-od-wlasciciela-CID3-ID1c5O7f.html?search_reason=search%7Corganic
1097372460,Pokój / 5 min do METRO Wilanowska / 9 min do Łazarski / SGH / 12 min Westfield Mokotów / Domaniewska / Puławska / Niepodległości / SERWIS SPRZĄTAJĄCY,Mokotów,1350,false,https://www.olx.pl/d/oferta/pokoj-5-min-do-metro-wilanowska-9-min-do-lazarski-sgh-12-min-westfield-mokotow-domaniewska-pulawska-niepodleglosci-serwis-sprzatajacy-CID3-ID1cgsHO.html?search_reason=search%7Corganic
1092924846,"Duży, przestronny 1 osobowy pokój na Ursynowie | Metro Ursynów | Szybki dojazd do SGGW, UW i SGH | DOSTĘPNE OD ZARAZ | Puszczyka 5",Ursynów,1400,false,https://www.olx.pl/d/oferta/duzy-przestronny-1-osobowy-pokoj-na-ursynowie-metro-ursynow-szybki-dojazd-do-sggw-uw-i-sgh-dostepne-od-zaraz-puszczyka-5-CID3-ID1bXNG6.html?search_reason=search%7Corganic
1096727686,Wolny pokój od 1.10 METRO Wilanowska SGH ŁAZARSKI Lazarski mordor Westfield Mokotów,Mokotów,1400,false,https://www.olx.pl/d/oferta/wolny-pokoj-od-1-10-metro-wilanowska-sgh-lazarski-lazarski-mordor-westfield-mokotow-CID3-ID1cdKYe.html?search_reason=search%7Corganic
1096357068,"Krochmalna 3 | Centrum | Wyjście na balkon | UW, PW, WUM, SGH, SWPS | wolne od 10.09",Śródmieście,1490,false,https://www.olx.pl/d/oferta/krochmalna-3-centrum-wyjscie-na-balkon-uw-pw-wum-sgh-swps-wolne-od-10-09-CID3-ID1cccyv.html?search_reason=search%7Corganic
1097410781,"Wiślicka 3 | Ochota | Autobus 2 min, Park 2 min, kampus UW i WUM pieszo | UW, WUM | wolne od 15.09",Ochota,1250,false,https://www.olx.pl/d/oferta/wislicka-3-ochota-autobus-2-min-park-2-min-kampus-uw-i-wum-pieszo-uw-wum-wolne-od-15-09-CID3-ID1cgCFT.html?search_reason=search%7Corganic
1096199644,"Bukowskiego 2A | Praga Południe | Szafa przesuwna z lustrem | SWPS, Vistula | wolne od zaraz",Praga-Południe,1190,false,https://www.olx.pl/d/oferta/bukowskiego-2a-praga-poludnie-szafa-przesuwna-z-lustrem-swps-vistula-wolne-od-zaraz-CID3-ID1cbxBq.html?search_reason=search%7Corganic
1095814725,Pokój 20 m2 do wynajęcia W-wa Wawer - Radość blisko SKM/PKP,Wawer,1200,false,https://www.olx.pl/d/oferta/pokoj-20-m2-do-wynajecia-w-wa-wawer-radosc-blisko-skm-pkp-CID3-ID1c9Wt3.html?search_reason=search%7Corganic
992556344,Pokój Rondo wiatraczna dla pary,Praga-Południe,2200,false,https://www.olx.pl/d/oferta/pokoj-rondo-wiatraczna-dla-pary-CID3-ID15aFfi.html?search_reason=search%7Cpromoted
1091560827,Wynajem pokoj  dla  studentow,Praga-Południe,1400,false,https://www.olx.pl/d/oferta/wynajem-pokoj-dla-studentow-CID3-ID1bS4PN.html?search_reason=search%7Cpromoted
1092924846,"Duży, przestronny 1 osobowy pokój na Ursynowie | Metro Ursynów | Szybki dojazd do SGGW, UW i SGH | DOSTĘPNE OD ZARAZ | Puszczyka 5",Ursynów,1400,false,https://www.olx.pl/d/oferta/duzy-przestronny-1-osobowy-pokoj-na-ursynowie-metro-ursynow-szybki-dojazd-do-sggw-uw-i-sgh-dostepne-od-zaraz-puszczyka-5-CID3-ID1bXNG6.html?search_reason=search%7Cpromoted
1098194935,"Pokój Jednoosobowy / Single Room For Rent – BEMOWO, UL. WYKI 7 | METRO BEMOWO | WAT",Bemowo,1300,false,https://www.olx.pl/d/oferta/pokoj-jednoosobowy-single-room-for-rent-bemowo-ul-wyki-7-metro-bemowo-wat-CID3-ID1cjUFx.html?search_reason=search%7Corganic
1096338603,"Jagiellońska 55F | Praga Północ | Duży balkon z widokiem na zieleń | ALK, Vistula, AWF, SWPS, PW, SGH, UKSW | wolne od 07.09",Praga-Północ,1750,false,https://www.olx.pl/d/oferta/jagiellonska-55f-praga-polnoc-duzy-balkon-z-widokiem-na-zielen-alk-vistula-awf-swps-pw-sgh-uksw-wolne-od-07-09-CID3-ID1cc7KH.html?search_reason=search%7Corganic
1098360089,Przytulny pokój dla studenta,Mokotów,1100,false,https://www.olx.pl/d/oferta/przytulny-pokoj-dla-studenta-CID3-ID1ckBDj.html?search_reason=search%7Corganic
1089935372,Pokój 1 os. wolny od zaraz - 5 min. do Metra Służew - Mokotów - ul. Batuty.,Mokotów,1149,false,https://www.olx.pl/d/oferta/pokoj-1-os-wolny-od-zaraz-5-min-do-metra-sluzew-mokotow-ul-batuty-CID3-ID1bLfYM.html?search_reason=search%7Corganic
1094886146,Pokój z balkonem I Metro Centrum I Aleje Jerozolimskie- wolny od dziś,Śródmieście,1075,false,https://www.olx.pl/d/oferta/pokoj-z-balkonem-i-metro-centrum-i-aleje-jerozolimskie-wolny-od-dzis-CID3-ID1c61TY.html?search_reason=search%7Corganic
1098682157,Pokój 1-os. | Metro Ursynów - ul. Koński Jar 3 | od zaraz,Ursynów,1200,false,https://www.olx.pl/d/oferta/pokoj-1-os-metro-ursynow-ul-konski-jar-3-od-zaraz-CID3-ID1clXpX.html?search_reason=search%7Corganic
1095996652,"DUŻY Pokój 12m², Hoża, Śródmieście, Centrum, Metro, PW, SGH, UW",Śródmieście,1600,false,https://www.olx.pl/d/oferta/duzy-pokoj-12m-hoza-srodmiescie-centrum-metro-pw-sgh-uw-CID3-ID1caGNm.html?search_reason=search%7Corganic
1096395652,"Markowska 6 | Praga Północ | Tylko 2 pokoje I Panorama Warszawy | SWPS, UW, Koźmiński | wolne od zaraz",Praga-Północ,2090,false,https://www.olx.pl/d/oferta/markowska-6-praga-polnoc-tylko-2-pokoje-i-panorama-warszawy-swps-uw-kozminski-wolne-od-zaraz-CID3-ID1ccmAQ.html?search_reason=search%7Corganic
1093182368,"przytulny pokój do wynajęcia, blisko SGGW ul. Kopcińskiego 8, Ursynów",Ursynów,1250,false,https://www.olx.pl/d/oferta/przytulny-pokoj-do-wynajecia-blisko-sggw-ul-kopcinskiego-8-ursynow-CID3-ID1bYSFG.html?search_reason=search%7Corganic
1097397007,"SWPS 10 min rowerem, 5min metro Politechnika, cichy sloneczny pokoj Saska Kępa",Praga-Południe,1650,false,https://www.olx.pl/d/oferta/swps-10-min-rowerem-5min-metro-politechnika-cichy-sloneczny-pokoj-saska-kepa-CID3-ID1cgz5J.html?search_reason=search%7Corganic
1095880355,"Pokój 1 osobowy w kameralnym dwuosobowym mieszkaniu na Mokotowie | blisko SGGW, SGH i PW | Kaspijska 1",Mokotów,1450,false,https://www.olx.pl/d/oferta/pokoj-1-osobowy-w-kameralnym-dwuosobowym-mieszkaniu-na-mokotowie-blisko-sggw-sgh-i-pw-kaspijska-1-CID3-ID1cacxB.html?search_reason=search%7Cpromoted
1096110758,Pokój w pobliżu AWF,Bielany,1500,false,https://www.olx.pl/d/oferta/pokoj-w-poblizu-awf-CID3-ID1cbatM.html?search_reason=search%7Cpromoted
930067698,"Pokój 1-os. na Bielanach – Szubińska 6 przy Metrze Wawrzyszew, AWF 3 min.",Bielany,950,false,https://www.olx.pl/d/oferta/pokoj-1-os-na-bielanach-szubinska-6-przy-metrze-wawrzyszew-awf-3-min-CID3-ID10Vt5U.html?search_reason=search%7Cpromoted
1097551773,"Pokój 12,4 m² do wynajęcia – Warszawa, ul. Łukowska | 1700 zł ze wszystkimi opłatami",Praga-Południe,1700,false,https://www.olx.pl/d/oferta/pokoj-12-4-m-do-wynajecia-warszawa-ul-lukowska-1700-zl-ze-wszystkimi-oplatami-CID3-ID1chdlX.html?search_reason=search%7Corganic
1090360662,Pokój dwuosobowy w dwupokojowym mieszkaniu - świeżo po remoncie.,Białołęka,1650,false,https://www.olx.pl/d/oferta/pokoj-dwuosobowy-w-dwupokojowym-mieszkaniu-swiezo-po-remoncie-CID3-ID1bN2Ci.html?search_reason=search%7Corganic
1098348950,Wynajmę pokój na Mokotowie,Mokotów,1500,false,https://www.olx.pl/d/oferta/wynajme-pokoj-na-mokotowie-CID3-ID1ckyJE.html?search_reason=search%7Corganic
1089273446,7 min. do Metra Targówek M. - Pokój 1 os. wolny od zaraz - ul. Poleska.,Targówek,1049,false,https://www.olx.pl/d/oferta/7-min-do-metra-targowek-m-pokoj-1-os-wolny-od-zaraz-ul-poleska-CID3-ID1bItMy.html?search_reason=search%7Corganic
996405053,Big Single Room Duży Pokój 1-os. 14m2 Mokotów Metro Racławicka,Mokotów,1850,false,https://www.olx.pl/d/oferta/big-single-room-duzy-pokoj-1-os-14m2-mokotow-metro-raclawicka-CID3-ID15qOtf.html?search_reason=search%7Corganic
1088024369,"Pokój jednoosobowy na wynajem - Ursus, ul. Tomcia Palucha 2",Ursus,1250,false,https://www.olx.pl/d/oferta/pokoj-jednoosobowy-na-wynajem-ursus-ul-tomcia-palucha-2-CID3-ID1bDeQ9.html?search_reason=search%7Corganic
1098190477,Wolny pokoj z bardzo dobrym dojazdem do centrum,Mokotów,1400,false,https://www.olx.pl/d/oferta/wolny-pokoj-z-bardzo-dobrym-dojazdem-do-centrum-CID3-ID1cjTwD.html?search_reason=search%7Corganic
660309204,"Dworzec Wileński, Metro II, dla studentów Uczelnia Koźmińskiego",Praga-Północ,1150,false,https://www.olx.pl/d/oferta/dworzec-wilenski-metro-ii-dla-studentow-uczelnia-kozminskiego-CID3-IDIGAAs.html?search_reason=search%7Corganic
1096333929,"Grenadierów 67/69 | Praga Południe | Narożne okna i duża szafa przesuwna | SWPS, UW, Koźmiński | wolne od 17.09",Praga-Południe,1890,false,https://www.olx.pl/d/oferta/grenadierow-67-69-praga-poludnie-narozne-okna-i-duza-szafa-przesuwna-swps-uw-kozminski-wolne-od-17-09-CID3-ID1cc6xj.html?search_reason=search%7Corganic
1096485118,"9 min od SWPS Pokój Praga Południe, Stadion Narodowy, Park Skaryszewski Kinowa 25",Praga-Południe,1650,false,https://www.olx.pl/d/oferta/9-min-od-swps-pokoj-praga-poludnie-stadion-narodowy-park-skaryszewski-kinowa-25-CID3-ID1ccJRQ.html?search_reason=search%7Corganic
1098225685,"Komfortowy, ustawny, przytulny pokój z drzwiami akustycznymi (jak miniapartament) – ul. Cybernetyki 17, Mokotów",Mokotów,1000,false,https://www.olx.pl/d/oferta/komfortowy-ustawny-przytulny-pokoj-z-drzwiami-akustycznymi-jak-miniapartament-ul-cybernetyki-17-mokotow-CID3-ID1ck2Fw.html?search_reason=search%7Cpromoted
1096841521,Nowoczesny pokój 1-os. przy PKP Kasprzaka | Metro Rondo Daszyńskiego!,Wola,1200,false,https://www.olx.pl/d/oferta/nowoczesny-pokoj-1-os-przy-pkp-kasprzaka-metro-rondo-daszynskiego-CID3-ID1ceeAh.html?search_reason=search%7Cpromoted
1092094969,New Hostel pokoje 2–3-osobowe!  750 zl месяц проживания! Хостел Варшава,Ursynów,750,false,https://www.olx.pl/d/oferta/new-hostel-pokoje-23-osobowe-750-zl-CID3-ID1bUjMZ.html?search_reason=search%7Cpromoted
1097501817,"Pokój | Marymoncka 153 | metro Młociny 1,4km | od zaraz | 643",Bielany,1020,false,https://www.olx.pl/d/oferta/pokoj-marymoncka-153-metro-mlociny-1-4km-od-zaraz-643-CID3-ID1ch0md.html?search_reason=search%7Corganic
1097550848,"Bezpośrednio | Pokój 1-os w mieszkaniu 2-pok, piękny widok  | Metro Imielin (Ursynów)",Ursynów,1700,false,https://www.olx.pl/d/oferta/bezposrednio-pokoj-1-os-w-mieszkaniu-2-pok-piekny-widok-metro-imielin-ursynow-CID3-ID1chd72.html?search_reason=search%7Corganic
1092931811,Pokój 1 os. wolny od zaraz - Mokotów - ul. Piekałkiewicza.,Mokotów,899,false,https://www.olx.pl/d/oferta/pokoj-1-os-wolny-od-zaraz-mokotow-ul-piekalkiewicza-CID3-ID1bXPur.html?search_reason=search%7Corganic
1096185155,"Bogusławskiego 12 | Bielany | Balkon 8 m2 tylko dla Ciebie | AWF, WAT, UKSW | wolne od zaraz",Bielany,1150,false,https://www.olx.pl/d/oferta/boguslawskiego-12-bielany-balkon-8-m2-tylko-dla-ciebie-awf-wat-uksw-wolne-od-zaraz-CID3-ID1cbtPJ.html?search_reason=search%7Corganic
1094178291,"Duży pokój 16m2 ul. Cyprysowa, światłowód",Włochy,1450,false,https://www.olx.pl/d/oferta/duzy-pokoj-16m2-ul-cyprysowa-swiatlowod-CID3-ID1c33KX.html?search_reason=search%7Corganic
1000134329,"Pokój 1-os. na Bemowie – Widawska 21, blisko WAT (8 min)",Bemowo,1050,false,https://www.olx.pl/d/oferta/pokoj-1-os-na-bemowie-widawska-21-blisko-wat-8-min-CID3-ID15GsCR.html?search_reason=search%7Corganic
1098818155,"Bardzo duży, przestronny pokój u. Burgaska / Sobieskiego blisko Politechnika, SGGW",Mokotów,1380,false,https://www.olx.pl/d/oferta/bardzo-duzy-przestronny-pokoj-u-burgaska-sobieskiego-blisko-politechnika-sggw-CID3-ID1cmvNt.html?search_reason=search%7Corganic
1090059642,"Duży pokój (19m²) z własną łazienką i klimatyzacją — Ursynów, ok. ul. Tanecznej",Ursynów,1550,false,https://www.olx.pl/d/oferta/duzy-pokoj-19m-z-wlasna-lazienka-i-klimatyzacja-ursynow-ok-ul-tanecznej-CID3-ID1bLMj8.html?search_reason=search%7Corganic
1090687018,"Pokój przy m. Ursynów 11 m2! SGGW, VISTULI, WSTiR, WZ UW. Mieszkanie dla Pań tylko",Ursynów,1150,false,https://www.olx.pl/d/oferta/pokoj-przy-m-ursynow-11-m2-sggw-vistuli-wstir-wz-uw-mieszkanie-dla-pan-tylko-CID3-ID1bOpv6.html?search_reason=search%7Corganic
610371519,Pokój z BALKONEM w mieszkaniu 3-pokojowym w Centrum,Śródmieście,1700,true,https://www.olx.pl/d/oferta/pokoj-z-balkonem-w-mieszkaniu-3-pokojowym-w-centrum-CID3-IDFj3wW.html?search_reason=search%7Corganic
1098590975,"PRZYTULNY POKÓJ 1-OSOBOWY DO WYNAJĘCIA – ul. Gwiaździsta 29, Warszawa",Bielany,1000,false,https://www.olx.pl/d/oferta/przytulny-pokoj-1-osobowy-do-wynajecia-ul-gwiazdzista-29-warszawa-CID3-ID1clzHh.html?search_reason=search%7Cpromoted
1047996620,Pokój 1 os. 12 m2 Ursynów/Kabaty ul. Ekologiczna,Ursynów,1700,false,https://www.olx.pl/d/oferta/pokoj-1-os-12-m2-ursynow-kabaty-ul-ekologiczna-CID3-ID18WhNi.html?search_reason=search%7Cpromoted
1000134329,"Pokój 1-os. na Bemowie – Widawska 21, blisko WAT (8 min)",Bemowo,1050,false,https://www.olx.pl/d/oferta/pokoj-1-os-na-bemowie-widawska-21-blisko-wat-8-min-CID3-ID15GsCR.html?search_reason=search%7Cpromoted
1022714618,Pokój dla Polki. Dwie młode Panie w mieszkaniu. Cisza i Spokój!,Ursynów,1350,false,https://www.olx.pl/d/oferta/pokoj-dla-polki-dwie-mlode-panie-w-mieszkaniu-cisza-i-spokoj-CID3-ID17dcN4.html?search_reason=search%7Corganic
1057638486,Nowoczesny pokój do wynajęcia (M4) Ochota/Raków.,Ochota,1400,false,https://www.olx.pl/d/oferta/nowoczesny-pokoj-do-wynajecia-m4-ochota-rakow-CID3-ID19zK5g.html?search_reason=search%7Corganic
1086429866,"Duży pokój 1-os. przy Metro Bemowo – Kossutha 2, WAT 6 min!",Bemowo,1150,false,https://www.olx.pl/d/oferta/duzy-pokoj-1-os-przy-metro-bemowo-kossutha-2-wat-6-min-CID3-ID1bvy2m.html?search_reason=search%7Corganic
1096288754,Ładny pokój wolny od zaraz / PRAGA POŁUDNIE / Ostrobramska 82 / SERWIS SPRZĄTAJĄCY / Atrium Promenada / 2 ŁAZIENKI,Praga-Południe,1050,false,https://www.olx.pl/d/oferta/ladny-pokoj-wolny-od-zaraz-praga-poludnie-ostrobramska-82-serwis-sprzatajacy-atrium-promenada-2-lazienki-CID3-ID1cbUMG.html?search_reason=search%7Corganic
1096345895,"Jaracza 3 | Centrum POWIŚLE | Metro CNK 4 min, UW 15 min pieszo | UW, PW, SGH, SWPS | wolne od zaraz",Śródmieście,1350,false,https://www.olx.pl/d/oferta/jaracza-3-centrum-powisle-metro-cnk-4-min-uw-15-min-pieszo-uw-pw-sgh-swps-wolne-od-zaraz-CID3-ID1cc9Ej.html?search_reason=search%7Corganic
1091298855,"Wygodny Pokój przy Parku! Metro Płocka, Bliska Wola, Warsaw Spire!",Wola,1420,false,https://www.olx.pl/d/oferta/wygodny-pokoj-przy-parku-metro-plocka-bliska-wola-warsaw-spire-CID3-ID1bQYGr.html?search_reason=search%7Corganic
1096201162,"Cybernetyki 2F | Mokotów | Biurko przy oknie i półki nad łóżkiem | UW, Vistula, SGGW, SGH | wolne od 16.09",Mokotów,1490,false,https://www.olx.pl/d/oferta/cybernetyki-2f-mokotow-biurko-przy-oknie-i-polki-nad-lozkiem-uw-vistula-sggw-sgh-wolne-od-16-09-CID3-ID1cbxZU.html?search_reason=search%7Corganic
1097573072,Pokój 1-osobowy | 500 m do stacji Metro Bródno | ul. Łojewska 1,Targówek,1450,false,https://www.olx.pl/d/oferta/pokoj-1-osobowy-500-m-do-stacji-metro-brodno-ul-lojewska-1-CID3-ID1chiTu.html?search_reason=search%7Corganic
1090933110,Pokój do wynajęcia OD ZARAZ / Mokotów / Wilanów / Sobieskiego / Wiertnicza / Powsińska / Aleja Wilanowska / Rzeczypospolitej / SERWIS SPRZĄTAJĄCY,Mokotów,1150,false,https://www.olx.pl/d/oferta/pokoj-do-wynajecia-od-zaraz-mokotow-wilanow-sobieskiego-wiertnicza-powsinska-aleja-wilanowska-rzeczypospolitej-serwis-sprzatajacy-CID3-ID1bPrxk.html?search_reason=search%7Corganic
1096548224,"Pokój. VISTULA, tanio, bezposrednio, METRO, prosta umowa. 2 łazienki. NIZSZA CENA",Ursynów,1199,false,https://www.olx.pl/d/oferta/pokoj-vistula-tanio-bezposrednio-metro-prosta-umowa-2-lazienki-nizsza-cena-CID3-ID1cd0hG.html?search_reason=search%7Corganic
1093728341,[Lachmana 1][Metro Stokłosy][SGGW] Pokój nr 3,Ursynów,1100,false,https://www.olx.pl/d/oferta/lachmana-1metro-stoklosysggw-pokoj-nr-3-CID3-ID1c1aHH.html?search_reason=search%7Cpromoted
1098422520,Jednoosobowy pokój w 4 pokojowym mieszkaniu! M2 Bródno!,Śródmieście,1100,false,https://www.olx.pl/d/oferta/jednoosobowy-pokoj-w-4-pokojowym-mieszkaniu-m2-brodno-CID3-ID1ckRSg.html?search_reason=search%7Cpromoted
1092105988,Открытия - VIP Хостел  2-х местная комната Варшава Говорим по RU UA PL,Ursynów,750,false,https://www.olx.pl/d/oferta/vip-2-ru-ua-pl-CID3-ID1bUmEI.html?search_reason=search%7Cpromoted
1096347255,"Jaracza 3 | Centrum POWIŚLE | Metro CNK 4 min, UW 15 min pieszo | UW, PW, SGH, SWPS | wolne od zaraz",Śródmieście,1550,false,https://www.olx.pl/d/oferta/jaracza-3-centrum-powisle-metro-cnk-4-min-uw-15-min-pieszo-uw-pw-sgh-swps-wolne-od-zaraz-CID3-ID1cca0f.html?search_reason=search%7Corganic
1092578470,Pokój do wynajecia -ul.Goralska 4 - blisko METRA Księcia Janusza (Wola) – 1500pln,Wola,1500,true,https://www.olx.pl/d/oferta/pokoj-do-wynajecia-ul-goralska-4-blisko-metra-ksiecia-janusza-wola-1500pln-CID3-ID1bVlzo.html?search_reason=search%7Corganic
1055381299,Pokój 1 person room in a 3-room flat at Praga Poludnie Bora Komorowski,Praga-Południe,1240,false,https://www.olx.pl/d/oferta/pokoj-1-person-room-in-a-3-room-flat-at-praga-poludnie-bora-komorowski-CID3-ID19qgT1.html?search_reason=search%7Corganic
1069421472,"Przestronne pokoje na Pradze Południe (rondo Wiatraczna, SWPS) nawet od już!",Praga-Południe,1300,false,https://www.olx.pl/d/oferta/przestronne-pokoje-na-pradze-poludnie-rondo-wiatraczna-swps-nawet-od-juz-CID3-ID1anbnq.html?search_reason=search%7Corganic
990458697,Tuż przy metrze stokłosy z okna widać metro :) widny pokój AL.KEN od zaraz,Ursynów,1150,false,https://www.olx.pl/d/oferta/tuz-przy-metrze-stoklosy-z-okna-widac-metro-widny-pokoj-al-ken-od-zaraz-CID3-ID151Ryh.html?search_reason=search%7Corganic
1080448578,"Pokój | Krasnobrodzka 4 | metro Kondratowicza 1,1km | od zaraz | 1193",Targówek,840,false,https://www.olx.pl/d/oferta/pokoj-krasnobrodzka-4-metro-kondratowicza-1-1km-od-zaraz-1193-CID3-ID1b7s1Y.html?search_reason=search%7Corganic
1059875280,Pokój dla kobiety w Śródmieściu przy parku Łazienki Królewskie,Śródmieście,1350,false,https://www.olx.pl/d/oferta/pokoj-dla-kobiety-w-srodmiesciu-przy-parku-lazienki-krolewskie-CID3-ID19J7YA.html?search_reason=search%7Corganic
1096190870,"Bryły 10 | Mokotów | Metro Wilanowska 11 min pieszo | SGH, PW, Vistula, SGGW, UKSW | wolne od 01.10",Mokotów,1250,false,https://www.olx.pl/d/oferta/bryly-10-mokotow-metro-wilanowska-11-min-pieszo-sgh-pw-vistula-sggw-uksw-wolne-od-01-10-CID3-ID1cbwjU.html?search_reason=search%7Corganic
1092289381,"Pokój 1-os. na Bielanach – Szegedyńska 5a przy Metrze Wawrzyszew, AWF 3 min.",Bielany,1200,false,https://www.olx.pl/d/oferta/pokoj-1-os-na-bielanach-szegedynska-5a-przy-metrze-wawrzyszew-awf-3-min-CID3-ID1bW8mF.html?search_reason=search%7Corganic
1098496337,Duży pokój z balkonem - dla studentki,Mokotów,1900,false,https://www.olx.pl/d/oferta/duzy-pokoj-z-balkonem-dla-studentki-CID3-ID1clb4R.html?search_reason=search%7Corganic
1093728341,[Lachmana 1][Metro Stokłosy][SGGW] Pokój nr 3,Ursynów,1100,false,https://www.olx.pl/d/oferta/lachmana-1metro-stoklosysggw-pokoj-nr-3-CID3-ID1c1aHH.html?search_reason=search%7Cpromoted
1098422520,Jednoosobowy pokój w 4 pokojowym mieszkaniu! M2 Bródno!,Śródmieście,1100,false,https://www.olx.pl/d/oferta/jednoosobowy-pokoj-w-4-pokojowym-mieszkaniu-m2-brodno-CID3-ID1ckRSg.html?search_reason=search%7Cpromoted
1094053527,Bezpośrednio pokój na mordorze,Mokotów,1500,false,https://www.olx.pl/d/oferta/bezposrednio-pokoj-na-mordorze-CID3-ID1c2xiD.html?search_reason=search%7Cpromoted
1098496337,Duży pokój z balkonem - dla studentki,Mokotów,1900,false,https://www.olx.pl/d/oferta/duzy-pokoj-z-balkonem-dla-studentki-CID3-ID1clb4R.html?search_reason=search%7Corganic
1097548333,"Duzy, cichy pokój w mieszkaniu studenckim. Vistula, Metro. 2 lazienki",Ursynów,1400,false,https://www.olx.pl/d/oferta/duzy-cichy-pokoj-w-mieszkaniu-studenckim-vistula-metro-2-lazienki-CID3-ID1chcst.html?search_reason=search%7Corganic
1093105295,Pokój | Wita Stwosza 17a | metro Służew 750m | od 30.09 | 782,Mokotów,940,false,https://www.olx.pl/d/oferta/pokoj-wita-stwosza-17a-metro-sluzew-750m-od-30-09-782-CID3-ID1bYyCz.html?search_reason=search%7Corganic
1098849720,pokój na wynajem Bielany,Bielany,1200,false,https://www.olx.pl/d/oferta/pokoj-na-wynajem-bielany-CID3-ID1cmF0A.html?search_reason=search%7Corganic
1097400080,"Pokój w mieszkaniu 3pokojowym, ul. Wrzeciono, Bielany",Bielany,1800,false,https://www.olx.pl/d/oferta/pokoj-w-mieszkaniu-3pokojowym-ul-wrzeciono-bielany-CID3-ID1cgzTi.html?search_reason=search%7Corganic
1097300829,Pokój/ Room 1/3 Kabaty Stryjeńskich 8,Ursynów,1650,false,https://www.olx.pl/d/oferta/pokoj-room-1-3-kabaty-stryjenskich-8-CID3-ID1cga4t.html?search_reason=search%7Corganic
1098364294,Dostępne OD ZARAZ | Przytulne dwa pokoje | 5 min METRO Bemowo | Super standard | Prywatnie bez prowizji,Bemowo,2540,false,https://www.olx.pl/d/oferta/dostepne-od-zaraz-przytulne-dwa-pokoje-5-min-metro-bemowo-super-standard-prywatnie-bez-prowizji-CID3-ID1ckCJ8.html?search_reason=search%7Corganic
1097749036,Duży pokój 9m wolny od 1.10 WILANÓW MOKOTÓW Sobieskiego tramwaje Biedronka WUMED SGH SGGW Politechnika Realizacja dźwięku IPIN,Wilanów,1400,false,https://www.olx.pl/d/oferta/duzy-pokoj-9m-wolny-od-1-10-wilanow-mokotow-sobieskiego-tramwaje-biedronka-wumed-sgh-sggw-politechnika-realizacja-dzwieku-ipin-CID3-ID1ci2FC.html?search_reason=search%7Corganic
1076253880,Pokój dla kobiety | Wita Stwosza 17 | metro Służew 750m | od zaraz | 761,Mokotów,1190,false,https://www.olx.pl/d/oferta/pokoj-dla-kobiety-wita-stwosza-17-metro-sluzew-750m-od-zaraz-761-CID3-ID1aPQNy.html?search_reason=search%7Corganic
1029738383,Wynajme pokoje na woli,Wola,1300,false,https://www.olx.pl/d/oferta/wynajme-pokoje-na-woli-CID3-ID17GFZB.html?search_reason=search%7Corganic
1098008447,"Pokój jednoosobowy | M2 Szwedzka 6 min | tramwaje 3/4/18/20/23/26 – 2 min | pierwszy wynajem po remoncie | bez właściciela | Bródnowska, Praga Północ",Praga-Północ,1450,false,https://www.olx.pl/d/oferta/pokoj-jednoosobowy-m2-szwedzka-6-min-tramwaje-3-4-18-20-23-26-2-min-pierwszy-wynajem-po-remoncie-bez-wlasciciela-brodnowska-praga-polnoc-CID3-ID1cj89F.html?search_reason=search%7Cpromoted
1097768374,Pokój z balkonem ul. Cybernetyki I Warszawa Mokotów I wolny od 29.09.2026,Mokotów,1050,false,https://www.olx.pl/d/oferta/pokoj-z-balkonem-ul-cybernetyki-i-warszawa-mokotow-i-wolny-od-29-09-2026-CID3-ID1ci7Hv.html?search_reason=search%7Cpromoted
1093730823,Pokój 1 os. wolny od zaraz - Bemowo - ul. Kossutha - 5 min. do Metra Bemowo - 15 min. do WAT-u.,Bemowo,999,false,https://www.olx.pl/d/oferta/pokoj-1-os-wolny-od-zaraz-bemowo-ul-kossutha-5-min-do-metra-bemowo-15-min-do-wat-u-CID3-ID1c1blJ.html?search_reason=search%7Cpromoted
1086438775,"Ładny pokój 1-os. Bielany – Zgrupowania AK Żmija 2, AWF 5 min, UKSW 10 min",Bielany,950,false,https://www.olx.pl/d/oferta/ladny-pokoj-1-os-bielany-zgrupowania-ak-zmija-2-awf-5-min-uksw-10-min-CID3-ID1bvAm3.html?search_reason=search%7Corganic
1097542951,"Do wynajęcia wyremontowane, przestronne mieszkanie na 1. piętrze w samym sercu Bemowa. Idealne dla młodych osób bliskość komunikacji miejskiej.",Bemowo,1400,false,https://www.olx.pl/d/oferta/do-wynajecia-wyremontowane-przestronne-mieszkanie-na-1-pietrze-w-samym-sercu-bemowa-idealne-dla-mlodych-osob-bliskosc-komunikacji-miejskiej-CID3-ID1chb3F.html?search_reason=search%7Corganic
1098513892,Pokój 2os do wynajęcia METRO DW. WILEŃSKI Praga,Praga-Północ,2100,false,https://www.olx.pl/d/oferta/pokoj-2os-do-wynajecia-metro-dw-wilenski-praga-CID3-ID1clfE0.html?search_reason=search%7Corganic
1086433403,"Pokój 1-os. na Kabatach – Metro M1 i SGGW 17 min, Mielczarskiego 10",Ursynów,1090,false,https://www.olx.pl/d/oferta/pokoj-1-os-na-kabatach-metro-m1-i-sggw-17-min-mielczarskiego-10-CID3-ID1bvyXp.html?search_reason=search%7Corganic
1082231342,Pokój | Kazubów 4 | metro Bemowo 600m | BEZ PROWIZJI | od zaraz | 936,Bemowo,1040,false,https://www.olx.pl/d/oferta/pokoj-kazubow-4-metro-bemowo-600m-bez-prowizji-od-zaraz-936-CID3-ID1beWOe.html?search_reason=search%7Corganic
1096952455,Duży pokój dla dziewczyny obok Metra Natolin,Ursynów,1650,false,https://www.olx.pl/d/oferta/duzy-pokoj-dla-dziewczyny-obok-metra-natolin-CID3-ID1ceHrx.html?search_reason=search%7Corganic
1021313041,Pokój METRO MŁOCINY 40 m od wejścia GALERIA MŁOCINY Bielany Kasprowicza OD ZARAZ,Bielany,1550,false,https://www.olx.pl/d/oferta/pokoj-metro-mlociny-40-m-od-wejscia-galeria-mlociny-bielany-kasprowicza-od-zaraz-CID3-ID177kaZ.html?search_reason=search%7Corganic
1086440661,"Pokój 1-os. na Ochocie Rakowiec – blisko WUM, parter przy Grójeckiej.",Ochota,900,false,https://www.olx.pl/d/oferta/pokoj-1-os-na-ochocie-rakowiec-blisko-wum-parter-przy-grojeckiej-CID3-ID1bvAQt.html?search_reason=search%7Corganic
704519625,"Czerniakowska 26a | Mokotów | Jasny pokój z komodą i biurkiem | SGH, PW, VISTULA | wolne od 15.09",Mokotów,1090,false,https://www.olx.pl/d/oferta/czerniakowska-26a-mokotow-jasny-pokoj-z-komoda-i-biurkiem-sgh-pw-vistula-wolne-od-15-09-CID3-IDLG5JL.html?search_reason=search%7Corganic
1086435317,"Pokój 1-os. na Pradze Południe – Znanieckiego 4, blisko Gocławia",Praga-Południe,700,false,https://www.olx.pl/d/oferta/pokoj-1-os-na-pradze-poludnie-znanieckiego-4-blisko-goclawia-CID3-ID1bvzsh.html?search_reason=search%7Corganic
1086800399,Pokój dla studenta – 15 min do WAT i metro M2 Bemowo!,Bemowo,850,false,https://www.olx.pl/d/oferta/pokoj-dla-studenta-15-min-do-wat-i-metro-m2-bemowo-CID3-ID1by6qH.html?search_reason=search%7Cpromoted
1098165358,Ładny pokój 9m2 / MOKOTÓW / WILANÓW / Sobieskiego / WUMED / Wiertnicza / Rzeczypospolitej / Powsińska / 3 ŁAZIENKI / SERWIS SPRZĄTAJĄCY 2x miesiąc,Mokotów,1400,false,https://www.olx.pl/d/oferta/ladny-pokoj-9m2-mokotow-wilanow-sobieskiego-wumed-wiertnicza-rzeczypospolitej-powsinska-3-lazienki-serwis-sprzatajacy-2x-miesiac-CID3-ID1cjMYu.html?search_reason=search%7Cpromoted
1097424396,Pokój 1-os tuż przy SGGW i Metrze Imielin (mieszkanie 4-pokojowe),Ursynów,1490,false,https://www.olx.pl/d/oferta/pokoj-1-os-tuz-przy-sggw-i-metrze-imielin-mieszkanie-4-pokojowe-CID3-ID1cgGdu.html?search_reason=search%7Cpromoted
1083953221,Pokój dla kobiety | Wita Stwosza 17 | metro Służew 750m | od 30.09 | 760,Mokotów,990,true,https://www.olx.pl/d/oferta/pokoj-dla-kobiety-wita-stwosza-17-metro-sluzew-750m-od-30-09-760-CID3-ID1bm9Kt.html?search_reason=search%7Corganic
999106301,Wynajmę pokoj w mieszkaniu 4 pokojowym Dedala 8,Praga-Południe,1500,false,https://www.olx.pl/d/oferta/wynajme-pokoj-w-mieszkaniu-4-pokojowym-dedala-8-CID3-ID15C9bL.html?search_reason=search%7Corganic
1098173010,"BIELANY – śliczny pokój, ul. Renesansowa 15",Bielany,1450,false,https://www.olx.pl/d/oferta/bielany-sliczny-pokoj-ul-renesansowa-15-CID3-ID1cjOXU.html?search_reason=search%7Corganic
1036652523,"Al. Jana Pawła II ,1, 2 pers. room, very center",Śródmieście,1250,false,https://www.olx.pl/d/oferta/al-jana-pawla-ii-1-2-pers-room-very-center-CID3-ID189GFZ.html?search_reason=search%7Corganic
1065212936,Pokój jednoosobowy  do wynajęcia,Wesoła,950,false,https://www.olx.pl/d/oferta/pokoj-jednoosobowy-do-wynajecia-CID3-ID1a5vxO.html?search_reason=search%7Corganic
1089878686,Pokój 12 m2  Warszawa Ursus / Skorosze ul. Chełmońskiego,Ursus,1300,false,https://www.olx.pl/d/oferta/pokoj-12-m2-warszawa-ursus-skorosze-ul-chelmonskiego-CID3-ID1bL1eu.html?search_reason=search%7Corganic
1096396798,"Niepodległości 235/237 | Centrum | Duże okno i wysoki regał | SGH, PW, SWPS | wolne od 14.09",Śródmieście,1690,false,https://www.olx.pl/d/oferta/niepodleglosci-235-237-centrum-duze-okno-i-wysoki-regal-sgh-pw-swps-wolne-od-14-09-CID3-ID1ccmTk.html?search_reason=search%7Corganic
1098674165,Pokój na wynajem - Kabaty,Ursynów,1400,false,https://www.olx.pl/d/oferta/pokoj-na-wynajem-kabaty-CID3-ID1clWl3.html?search_reason=search%7Corganic
1098617379,"Metro Dworzec Wileński, przystanek tramawajowy, Koźmiński",Praga-Północ,1050,false,https://www.olx.pl/d/oferta/metro-dworzec-wilenski-przystanek-tramawajowy-kozminski-CID3-ID1clGz9.html?search_reason=search%7Corganic
1090606456,Pokój dla Dziewczyny | Wola (Wieluńska 18) | Metro Młynów,Wola,1390,false,https://www.olx.pl/d/oferta/pokoj-dla-dziewczyny-wola-wielunska-18-metro-mlynow-CID3-ID1bO4yI.html?search_reason=search%7Corganic
1096592305,ZAMIESZKAJ W NOWYM MIESZKANIU - Pokój jednoosobowy ul Majdańska 5 - Praga Południe,Praga-Południe,1550,false,https://www.olx.pl/d/oferta/zamieszkaj-w-nowym-mieszkaniu-pokoj-jednoosobowy-ul-majdanska-5-praga-poludnie-CID3-ID1cdbKF.html?search_reason=search%7Cpromoted
1081978472,"Przytulny pokój 12m² dla 1 os. – Bliska Wola, 5min do METRO Ks. Janusza. Bezpośrednio.",Wola,1000,true,https://www.olx.pl/d/oferta/przytulny-pokoj-12m-dla-1-os-bliska-wola-5min-do-metro-ks-janusza-bezposrednio-CID3-ID1bdS1G.html?search_reason=search%7Cpromoted
1096982797,Pokój do wynajęcia – dwuosobowy - Warszawa Śródmieście – Mokotów,Mokotów,1800,false,https://www.olx.pl/d/oferta/pokoj-do-wynajecia-dwuosobowy-warszawa-srodmiescie-mokotow-CID3-ID1cePkW.html?search_reason=search%7Cpromoted
1096180958,Wynajmę pokój dla kobiety w trzypokojowym mieszkaniu na Targówku przy ul. Orłowskiej.,Targówek,1400,false,https://www.olx.pl/d/oferta/wynajme-pokoj-dla-kobiety-w-trzypokojowym-mieszkaniu-na-targowku-przy-ul-orlowskiej-CID3-ID1cbsK2.html?search_reason=search%7Corganic
1096395867,"Markowska 6 | Praga Północ | Tylko 2 pokoje I Panorama Warszawy | SWPS, UW, Koźmiński | wolne od zaraz",Praga-Północ,1690,false,https://www.olx.pl/d/oferta/markowska-6-praga-polnoc-tylko-2-pokoje-i-panorama-warszawy-swps-uw-kozminski-wolne-od-zaraz-CID3-ID1ccmEj.html?search_reason=search%7Corganic
1098708032,750 zł miesięcznie – Akademik! Hostel Warszawa! Mówimy RU • UA • PL Хостел,Włochy,750,false,https://www.olx.pl/d/oferta/750-zl-miesiecznie-akademik-hostel-warszawa-mowimy-ru-ua-pl-CID3-ID1cm49i.html?search_reason=search%7Corganic
952189053,Przytulny pokój z balkonem I Warszawa- Wola ul. Spiska I wolny od 22.09.2026,Ochota,1400,false,https://www.olx.pl/d/oferta/przytulny-pokoj-z-balkonem-i-warszawa-wola-ul-spiska-i-wolny-od-22-09-2026-CID3-ID12rhRX.html?search_reason=search%7Corganic
1098904903,"Przytulny pokój 13m2, odnowiony, ul.Chłodna, Metro",Śródmieście,1900,false,https://www.olx.pl/d/oferta/przytulny-pokoj-13m2-odnowiony-ul-chlodna-metro-CID3-ID1cmTmD.html?search_reason=search%7Corganic
1096183654,"Batorego 29 | Mokotów | BALKON | SGH, PW, WUM, PJATK, SWPS, SGGW | wolne od 14.09",Mokotów,1590,false,https://www.olx.pl/d/oferta/batorego-29-mokotow-balkon-sgh-pw-wum-pjatk-swps-sggw-wolne-od-14-09-CID3-ID1cbtrv.html?search_reason=search%7Corganic
567748785,"Etiudy Rewolucyjnej 5/7 | Mokotów | Wnęka garderobiana | UW, SGH | wolne od 09.09",Ochota,1290,false,https://www.olx.pl/d/oferta/etiudy-rewolucyjnej-5-7-mokotow-wneka-garderobiana-uw-sgh-wolne-od-09-09-CID3-IDCqdot.html?search_reason=search%7Corganic
1098422520,Jednoosobowy pokój w 4 pokojowym mieszkaniu! M2 Bródno!,Śródmieście,1100,false,https://www.olx.pl/d/oferta/jednoosobowy-pokoj-w-4-pokojowym-mieszkaniu-m2-brodno-CID3-ID1ckRSg.html?search_reason=search%7Corganic
1096396260,"Marszałkowska 20/22 | Centrum | Metro Politechnika 7 min pieszo | SGH, PW, UW, PJATK | wolne od 12.09",Śródmieście,1790,false,https://www.olx.pl/d/oferta/marszalkowska-20-22-centrum-metro-politechnika-7-min-pieszo-sgh-pw-uw-pjatk-wolne-od-12-09-CID3-ID1ccmKE.html?search_reason=search%7Corganic
665606427,"Pokój jednoosobowy, metro Marymont",Żoliborz,1200,false,https://www.olx.pl/d/oferta/pokoj-jednoosobowy-metro-marymont-CID3-IDJ2ODx.html?search_reason=search%7Corganic
1081978472,"Przytulny pokój 12m² dla 1 os. – Bliska Wola, 5min do METRO Ks. Janusza. Bezpośrednio.",Wola,1000,true,https://www.olx.pl/d/oferta/przytulny-pokoj-12m-dla-1-os-bliska-wola-5min-do-metro-ks-janusza-bezposrednio-CID3-ID1bdS1G.html?search_reason=search%7Cpromoted
1096982797,Pokój do wynajęcia – dwuosobowy - Warszawa Śródmieście – Mokotów,Mokotów,1800,false,https://www.olx.pl/d/oferta/pokoj-do-wynajecia-dwuosobowy-warszawa-srodmiescie-mokotow-CID3-ID1cePkW.html?search_reason=search%7Cpromoted
1097432612,*** Pokój do wynajęcia 20m² z balkonem | Warszawa Bielany Marymont Metro UKSW AWF,Żoliborz,1600,true,https://www.olx.pl/d/oferta/pokoj-do-wynajecia-20m-z-balkonem-warszawa-bielany-marymont-metro-uksw-awf-CID3-ID1cgIm0.html?search_reason=search%7Cpromoted
1097956538,"Piękny pokój 12 m2, ul. Kochanowskiego, BIELANY!",Bielany,1500,false,https://www.olx.pl/d/oferta/piekny-pokoj-12-m2-ul-kochanowskiego-bielany-CID3-ID1ciUEq.html?search_reason=search%7Corganic
1098590423,Pokój Warszawa Mokotow dla studenta,Mokotów,1400,false,https://www.olx.pl/d/oferta/pokoj-warszawa-mokotow-dla-studenta-CID3-ID1clzyn.html?search_reason=search%7Corganic
1096188565,"Bora-Komorowskiego 21 | Praga Południe | Balkon | SWPS, SGGW, KOŹMIŃSKI, AWF, UKSW | wolne od 29.09",Praga-Południe,1590,false,https://www.olx.pl/d/oferta/bora-komorowskiego-21-praga-poludnie-balkon-swps-sggw-kozminski-awf-uksw-wolne-od-29-09-CID3-ID1cbuIJ.html?search_reason=search%7Corganic
1097408059,Новый хостел Варшава Метро ЖД Вокзал Автовокзал! Hostel Speak RU UA PL,Śródmieście,750,false,https://www.olx.pl/d/oferta/hostel-speak-ru-ua-pl-CID3-ID1cgBXZ.html?search_reason=search%7Corganic
1062717255,"Strubiczów 3, Ochota, Pokój 1-os w mieszk 4-pok | prywatność i wygoda",Ochota,1590,false,https://www.olx.pl/d/oferta/strubiczow-3-ochota-pokoj-1-os-w-mieszk-4-pok-prywatnosc-i-wygoda-CID3-ID19W3iT.html?search_reason=search%7Corganic
1097951203,"Oddzielny pokój 10 m2, blisko metra, przy parku, ul, Kameralna, Metro Wileńska",Praga-Północ,1150,false,https://www.olx.pl/d/oferta/oddzielny-pokoj-10-m2-blisko-metra-przy-parku-ul-kameralna-metro-wilenska-CID3-ID1ciTgn.html?search_reason=search%7Corganic
1085674032,"Wynajmę pokój – Majdańska 5, Praga Południe | 1500 zł total",Praga-Południe,1000,true,https://www.olx.pl/d/oferta/wynajme-pokoj-majdanska-5-praga-poludnie-1500-zl-total-CID3-ID1btnpu.html?search_reason=search%7Corganic
1081755169,"Maltańska 5 | Mokotów | Łóżko z pojemnikiem i biurko z kontenerkiem | SGGW, Vistula, SGH | wolne od zaraz",Mokotów,1190,false,https://www.olx.pl/d/oferta/maltanska-5-mokotow-lozko-z-pojemnikiem-i-biurko-z-kontenerkiem-sggw-vistula-sgh-wolne-od-zaraz-CID3-ID1bcWV1.html?search_reason=search%7Corganic
948567197,Pokój na wynajem na Ursynowie 3,Mokotów,2000,false,https://www.olx.pl/d/oferta/pokoj-na-wynajem-na-ursynowie-3-CID3-ID12c5EW.html?search_reason=search%7Corganic
1097411131,NOWY AKADEMIK W WARSZAWIE- Hostel Warszawa pokój Хостел Варшава!,Ursus,750,false,https://www.olx.pl/d/oferta/nowy-akademik-w-warszawie-hostel-warszawa-pokoj-CID3-ID1cgCLx.html?search_reason=search%7Corganic
940906037,"Żabińskiego 18 | Ursynów | Widok na zieleń | Vistula, SGGW, SGH | wolne zaraz",Ursynów,1290,false,https://www.olx.pl/d/oferta/zabinskiego-18-ursynow-widok-na-zielen-vistula-sggw-sgh-wolne-zaraz-CID3-ID11FVDP.html?search_reason=search%7Cpromoted
1092931811,Pokój 1 os. wolny od zaraz - Mokotów - ul. Piekałkiewicza.,Mokotów,899,false,https://www.olx.pl/d/oferta/pokoj-1-os-wolny-od-zaraz-mokotow-ul-piekalkiewicza-CID3-ID1bXPur.html?search_reason=search%7Cpromoted
1098089872,"Blisko metra, AWF i UKSW — przytulny pokój w 3‑pokojowym mieszkaniu, ul. Klaudyny (Bielany)",Bielany,1300,false,https://www.olx.pl/d/oferta/blisko-metra-awf-i-uksw-przytulny-pokoj-w-3pokojowym-mieszkaniu-ul-klaudyny-bielany-CID3-ID1cjtkY.html?search_reason=search%7Cpromoted
1089055624,"Od 1 października: Nowy, cichy pokój 1os. Nowowiejska przy Niepodległości, blisko do metra, Centrum i Mokotowa",Śródmieście,1240,false,https://www.olx.pl/d/oferta/od-1-pazdziernika-nowy-cichy-pokoj-1os-nowowiejska-przy-niepodleglosci-blisko-do-metra-centrum-i-mokotowa-CID3-ID1bHz7i.html?search_reason=search%7Corganic
1096670941,"NOWY Pokój dla Dziewczyny (WUM, Politechnika, UW , lotniasko, Centrum)",Ochota,1600,false,https://www.olx.pl/d/oferta/nowy-pokoj-dla-dziewczyny-wum-politechnika-uw-lotniasko-centrum-CID3-ID1cdvcZ.html?search_reason=search%7Corganic
1092044885,Pokój dwuosobowy z balkonem I Pokój jednoosobowy I Centrum I Śródmieście,Śródmieście,825,false,https://www.olx.pl/d/oferta/pokoj-dwuosobowy-z-balkonem-i-pokoj-jednoosobowy-i-centrum-i-srodmiescie-CID3-ID1bU6Lb.html?search_reason=search%7Corganic
1098109618,Duży pokój 18 m² z balkonem | blisko metra M2 | Targówek,Targówek,2300,false,https://www.olx.pl/d/oferta/duzy-pokoj-18-m-z-balkonem-blisko-metra-m2-targowek-CID3-ID1cjyts.html?search_reason=search%7Corganic
665606427,"Pokój jednoosobowy, metro Marymont",Żoliborz,1200,false,https://www.olx.pl/d/oferta/pokoj-jednoosobowy-metro-marymont-CID3-IDJ2ODx.html?search_reason=search%7Corganic
1096186462,"Bogusławskiego 12 | Bielany | Pokój dwuosobowy | AWF, WAT, UKSW | wolne od 06.09",Bielany,1500,false,https://www.olx.pl/d/oferta/boguslawskiego-12-bielany-pokoj-dwuosobowy-awf-wat-uksw-wolne-od-06-09-CID3-ID1cbuaO.html?search_reason=search%7Corganic
1098591854,Duży pokój w nowym budownictwie przy CH Promenada + garaż podziemny!,Praga-Południe,1500,false,https://www.olx.pl/d/oferta/duzy-pokoj-w-nowym-budownictwie-przy-ch-promenada-garaz-podziemny-CID3-ID1clzWs.html?search_reason=search%7Corganic
1096974548,750 злотых месяц проживания- Новый Хостел Район Włochy! Hostel Warszaw,Włochy,750,false,https://www.olx.pl/d/oferta/750-wlochy-hostel-warszaw-CID3-ID1ceNbS.html?search_reason=search%7Corganic
987417806,"Jagiellońska 55F | Praga Północ | Własna łazienka przy pokoju | ALK, AWF, SWPS, UW, PW, SGH, UKSW | wolne od 06.09",Praga-Północ,1850,false,https://www.olx.pl/d/oferta/jagiellonska-55f-praga-polnoc-wlasna-lazienka-przy-pokoju-alk-awf-swps-uw-pw-sgh-uksw-wolne-od-06-09-CID3-ID14P6tE.html?search_reason=search%7Corganic
1075723781,"Pokój Warszawa Targówek , blisko metra, komunikacja Centrum",Targówek,1100,false,https://www.olx.pl/d/oferta/pokoj-warszawa-targowek-blisko-metra-komunikacja-centrum-CID3-ID1aNCTz.html?search_reason=search%7Corganic
1017259564,Pokój jednoosobowy na zielonej ochocie,Ochota,1330,false,https://www.olx.pl/d/oferta/pokoj-jednoosobowy-na-zielonej-ochocie-CID3-ID16QjGk.html?search_reason=search%7Cpromoted
1095056560,"Pokój ul.Cybernetyki, Mokotów",Mokotów,1100,false,https://www.olx.pl/d/oferta/pokoj-ul-cybernetyki-mokotow-CID3-ID1c6KeA.html?search_reason=search%7Cpromoted
1090064499,Pokój 1 os. wolny od zaraz - Bemowo - ul. Czerwonych Maków.,Bemowo,949,false,https://www.olx.pl/d/oferta/pokoj-1-os-wolny-od-zaraz-bemowo-ul-czerwonych-makow-CID3-ID1bLNzt.html?search_reason=search%7Cpromoted
1098165358,Ładny pokój 9m2 / MOKOTÓW / WILANÓW / Sobieskiego / WUMED / Wiertnicza / Rzeczypospolitej / Powsińska / 3 ŁAZIENKI / SERWIS SPRZĄTAJĄCY 2x miesiąc,Mokotów,1400,false,https://www.olx.pl/d/oferta/ladny-pokoj-9m2-mokotow-wilanow-sobieskiego-wumed-wiertnicza-rzeczypospolitej-powsinska-3-lazienki-serwis-sprzatajacy-2x-miesiac-CID3-ID1cjMYu.html?search_reason=search%7Corganic
1094017303,Piękny pokój w przytulnej okolicy. 1549 zł total.,Bemowo,1249,false,https://www.olx.pl/d/oferta/piekny-pokoj-w-przytulnej-okolicy-1549-zl-total-CID3-ID1c2nSn.html?search_reason=search%7Corganic
827239727,"Lasek Brzozowy 1, URSYNÓW. Super pokój. Metro",Ursynów,1190,false,https://www.olx.pl/d/oferta/lasek-brzozowy-1-ursynow-super-pokoj-metro-CID3-IDTZ0Qf.html?search_reason=search%7Corganic
1078783570,Pokój do wynajęcia Stegny Mokotów,Mokotów,1200,false,https://www.olx.pl/d/oferta/pokoj-do-wynajecia-stegny-mokotow-CID3-ID1b0sT0.html?search_reason=search%7Corganic
1098593111,Pokój na wynajem w Mokotowie z wyposażeniem,Mokotów,1450,false,https://www.olx.pl/d/oferta/pokoj-na-wynajem-w-mokotowie-z-wyposazeniem-CID3-ID1clAfJ.html?search_reason=search%7Corganic
1098558696,Duży pokój dwuosobowy z widokiem na park_Bez prowizji,Ochota,1195,false,https://www.otodom.pl/pl/oferta/duzy-pokoj-dwuosobowy-z-widokiem-na-park-bez-prowizji-ID4D6fz
1098434483,Pokój z łazienką! Metro Bródno!,Targówek,1695,false,https://www.olx.pl/d/oferta/pokoj-z-lazienka-metro-brodno-CID3-ID1ckUZd.html?search_reason=search%7Corganic
1094900313,Do wynajęcia 1 niezależny pokój | Czerniakowska / Szwoleżerów | Łazienki Królewskie | Śródmieście,Mokotów,1600,true,https://www.olx.pl/d/oferta/do-wynajecia-1-niezalezny-pokoj-czerniakowska-szwolezerow-lazienki-krolewskie-srodmiescie-CID3-ID1c65At.html?search_reason=search%7Corganic
1098852116,"Pokój 1-osobowy, Metro Wilanowska, niskie opłaty za media, wolny od 01.10.2026",Mokotów,1200,false,https://www.olx.pl/d/oferta/pokoj-1-osobowy-metro-wilanowska-niskie-oplaty-za-media-wolny-od-01-10-2026-CID3-ID1cmFDe.html?search_reason=search%7Corganic
1098881253,"Ładny, Wygodny i Duży pokój - bezpośrednio",Włochy,1350,false,https://www.olx.pl/d/oferta/ladny-wygodny-i-duzy-pokoj-bezposrednio-CID3-ID1cmNdb.html?search_reason=search%7Corganic
1096357068,"Krochmalna 3 | Centrum | Wyjście na balkon | UW, PW, WUM, SGH, SWPS | wolne od 10.09",Śródmieście,1490,false,https://www.olx.pl/d/oferta/krochmalna-3-centrum-wyjscie-na-balkon-uw-pw-wum-sgh-swps-wolne-od-10-09-CID3-ID1cccyv.html?search_reason=search%7Cpromoted
1097548333,"Duzy, cichy pokój w mieszkaniu studenckim. Vistula, Metro. 2 lazienki",Ursynów,1400,false,https://www.olx.pl/d/oferta/duzy-cichy-pokoj-w-mieszkaniu-studenckim-vistula-metro-2-lazienki-CID3-ID1chcst.html?search_reason=search%7Cpromoted
1095878284,Pokój 1 os. wolny od zaraz - Metro - Bielany - ul. Kochanowskiego.,Bielany,899,false,https://www.olx.pl/d/oferta/pokoj-1-os-wolny-od-zaraz-metro-bielany-ul-kochanowskiego-CID3-ID1cac0c.html?search_reason=search%7Cpromoted
1098169622,"BEMOWO,  śliczny pokój",Bemowo,1150,false,https://www.olx.pl/d/oferta/bemowo-sliczny-pokoj-CID3-ID1cjO5g.html?search_reason=search%7Corganic
1098856557,"Pokój przy metrze Ursynów, 1200zl (całkowity koszt)!",Ursynów,1200,false,https://www.olx.pl/d/oferta/pokoj-przy-metrze-ursynow-1200zl-calkowity-koszt-CID3-ID1cmGMR.html?search_reason=search%7Corganic
1031075984,"Pokój 1 os. 21 m2 Ursynów/Kabaty, Pod Strzechą 5",Ursynów,1900,true,https://www.olx.pl/d/oferta/pokoj-1-os-21-m2-ursynow-kabaty-pod-strzecha-5-CID3-ID17MhXO.html?search_reason=search%7Corganic
1096633133,Samodzielny pokój w mieszkaniu bez właściciela dla studenta/studentki,Wola,1500,false,https://www.olx.pl/d/oferta/samodzielny-pokoj-w-mieszkaniu-bez-wlasciciela-dla-studenta-studentki-CID3-ID1cdmnb.html?search_reason=search%7Corganic
1098629475,Pokój na wynajem - Wola metro M2,Wola,1500,false,https://www.olx.pl/d/oferta/pokoj-na-wynajem-wola-metro-m2-CID3-ID1clJIf.html?search_reason=search%7Corganic
659573057,"Łukowska 2 | Praga Południe | Biurko z kontenerkiem | SWPS, SGH, SGGW | wolne od zaraz",Praga-Południe,1090,false,https://www.olx.pl/d/oferta/lukowska-2-praga-poludnie-biurko-z-kontenerkiem-swps-sgh-sggw-wolne-od-zaraz-CID3-IDIDw57.html?search_reason=search%7Corganic
1098880400,Pokój na Bródnie w mieszkaniu z młodymi ludźmi,Wola,1000,false,https://www.olx.pl/d/oferta/pokoj-na-brodnie-w-mieszkaniu-z-mlodymi-ludzmi-CID3-ID1cmMZq.html?search_reason=search%7Corganic
1096945069,Pokój dla dziewczyny od października obok SGGW,Mokotów,1430,false,https://www.olx.pl/d/oferta/pokoj-dla-dziewczyny-od-pazdziernika-obok-sggw-CID3-ID1ceFvp.html?search_reason=search%7Corganic
674401910,Galeria Mokotów! Centrum Mordoru! Uczelnia Łazarskiego,Mokotów,1100,false,https://www.olx.pl/d/oferta/galeria-mokotow-centrum-mordoru-uczelnia-lazarskiego-CID3-IDJDIKa.html?search_reason=search%7Corganic
1098238232,Pokój 12m2 w centrum Warszawy - ul. Grzybowska,Śródmieście,1800,false,https://www.olx.pl/d/oferta/pokoj-12m2-w-centrum-warszawy-ul-grzybowska-CID3-ID1ck5WS.html?search_reason=search%7Corganic
1097645455,Pokój z balkonem przy ul. Komputerowej - Warszawa Mokotów,Mokotów,1050,false,https://www.olx.pl/d/oferta/pokoj-z-balkonem-przy-ul-komputerowej-warszawa-mokotow-CID3-ID1chBIX.html?search_reason=search%7Cpromoted
1094244033,"Pokój Warszawa Wola nowy z kuchnią i łazienką, niski czynsz! Klimatyzacja!",Wola,1400,false,https://www.olx.pl/d/oferta/pokoj-warszawa-wola-nowy-z-kuchnia-i-lazienka-niski-czynsz-klimatyzacja-CID3-ID1c3kRj.html?search_reason=search%7Cpromoted
1098395909,1-os. pokój | Wokalna | blisko Metro Ursynów | 0% prowizji,Ursynów,1100,false,https://www.olx.pl/d/oferta/1-os-pokoj-wokalna-blisko-metro-ursynow-0-prowizji-CID3-ID1ckKX3.html?search_reason=search%7Cpromoted
1097411190,НОВОЕ ОБЩЕЖИТИЕ В ВАРШАВЕ - 250 злотых неделя URSYNÓW! Хостел! Hostel,Ursynów,750,false,https://www.olx.pl/d/oferta/250-ursynow-hostel-CID3-ID1cgCMu.html?search_reason=search%7Corganic
1097076896,"Duży Pokój ul. Sonaty 4, 2 tygodnie gratis.",Mokotów,1600,false,https://www.otodom.pl/pl/oferta/duzy-pokoj-ul-sonaty-4-2-tygodnie-gratis-ID4CZmC
1097162215,Przytulny pokój w przyziemiu w willi| Bez prowizji| Sprzątanie w cenie,Ochota,895,false,https://www.otodom.pl/pl/oferta/przytulny-pokoj-w-przyziemiu-w-willi-bez-prowizji-sprzatanie-w-cenie-ID4CZXR
1096934715,Duży pokój dla dziewczyny | ul. Broniewskiego 26 | Metro Marymont,Żoliborz,1490,false,https://www.olx.pl/d/oferta/duzy-pokoj-dla-dziewczyny-ul-broniewskiego-26-metro-marymont-CID3-ID1ceCPp.html?search_reason=search%7Corganic
1020688742,"Żytnia 18 | Wola | Pokój dwuosobowy z dwiema szafami | UW, PW, WUM, SGH | wolne od 01.10",Śródmieście,2100,false,https://www.olx.pl/d/oferta/zytnia-18-wola-pokoj-dwuosobowy-z-dwiema-szafami-uw-pw-wum-sgh-wolne-od-01-10-CID3-ID174HLE.html?search_reason=search%7Corganic
1098898865,pokój na wynajem,Bemowo,940,false,https://www.olx.pl/d/oferta/pokoj-na-wynajem-CID3-ID1cmRNf.html?search_reason=search%7Corganic
1097771519,"Przytulny pokój na Woli – ul. Franciszka Raszei, około 10 m²",Wola,1500,false,https://www.olx.pl/d/oferta/przytulny-pokoj-na-woli-ul-franciszka-raszei-okolo-10-m-CID3-ID1ci8vf.html?search_reason=search%7Corganic
1073854154,Pokój - Mokotów - Zwierzyniecka - Wysoki standard - Od 10 października,Mokotów,1300,false,https://www.olx.pl/d/oferta/pokoj-mokotow-zwierzyniecka-wysoki-standard-od-10-pazdziernika-CID3-ID1aFMvi.html?search_reason=search%7Corganic
1097037175,Duży pokój w świetnej lokalizacji na Pradze Północ,Praga-Północ,1400,false,https://www.olx.pl/d/oferta/duzy-pokoj-w-swietnej-lokalizacji-na-pradze-polnoc-CID3-ID1cf3tZ.html?search_reason=search%7Corganic
1098658200,Pokoj dla dziewczyny Mordor,Mokotów,1170,false,https://www.olx.pl/d/oferta/pokoj-dla-dziewczyny-mordor-CID3-ID1clRby.html?search_reason=search%7Corganic
1098655114,"pokój 1osobowy, wolny od 01.10.2026",Wola,950,false,https://www.olx.pl/d/oferta/pokoj-1osobowy-wolny-od-01-10-2026-CID3-ID1clQnM.html?search_reason=search%7Cpromoted
654150324,"Pokój 1 os. do wynajęcia ul. Bruna 24 metro Pole Mokotowskie, SGH",Mokotów,1100,false,https://www.olx.pl/d/oferta/pokoj-1-os-do-wynajecia-ul-bruna-24-metro-pole-mokotowskie-sgh-CID3-IDIgKnG.html?search_reason=search%7Cpromoted
1097491427,Pokój | Jerozolimskie 83 | metro Rondo ONZ 700m | od zaraz | 173,Śródmieście,1090,false,https://www.olx.pl/d/oferta/pokoj-jerozolimskie-83-metro-rondo-onz-700m-od-zaraz-173-CID3-ID1cgXED.html?search_reason=search%7Cpromoted
1097455298,Wynajem pokoju jednoosobowego,Wola,1400,false,https://www.olx.pl/d/oferta/wynajem-pokoju-jednoosobowego-CID3-ID1cgOfU.html?search_reason=search%7Corganic
1097145720,"WILANÓW WYSOKI – śliczny pokój, ul. Goplańska 29",Wilanów,1250,false,https://www.olx.pl/d/oferta/wilanow-wysoki-sliczny-pokoj-ul-goplanska-29-CID3-ID1cfwII.html?search_reason=search%7Corganic
1098897039,"M. Politechnika - a single ROOM for rent (no commission) | PW, SGH, WUM, UW",Śródmieście,1320,false,https://www.olx.pl/d/oferta/m-politechnika-a-single-room-for-rent-no-commission-pw-sgh-wum-uw-CID3-ID1cmRjN.html?search_reason=search%7Corganic
1098517628,Pokój do wynajęcia,Wola,1600,false,https://www.olx.pl/d/oferta/pokoj-do-wynajecia-CID3-ID1clgCg.html?search_reason=search%7Corganic
695918142,"Wrzeciono 1A | Bielany | Metro Wawrzyszew 3 min pieszo | Galeria Młociny, AWF, UKSW | wolne od 16.09",Bielany,1050,false,https://www.olx.pl/d/oferta/wrzeciono-1a-bielany-metro-wawrzyszew-3-min-pieszo-galeria-mlociny-awf-uksw-wolne-od-16-09-CID3-IDL606a.html?search_reason=search%7Corganic
1097376404,Pokój ochota BLISKO WUM I UW‼️,Ochota,1700,false,https://www.olx.pl/d/oferta/pokoj-ochota-blisko-wum-i-uw-CID3-ID1cgtJq.html?search_reason=search%7Corganic
1097543281,"Żoliborz,  miły pokój dla milej dziewczyny :)",Żoliborz,1800,false,https://www.olx.pl/d/oferta/zoliborz-mily-pokoj-dla-milej-dziewczyny-CID3-ID1chb8Z.html?search_reason=search%7Corganic
1096083541,"Pokój do wynajęcia z miejscem parkingowym. Mokotów, Siekierki, w pobliżu ul. Bartycka/Bluszczańska",Mokotów,1200,false,https://www.olx.pl/d/oferta/pokoj-do-wynajecia-z-miejscem-parkingowym-mokotow-siekierki-w-poblizu-ul-bartycka-bluszczanska-CID3-ID1cb3oN.html?search_reason=search%7Corganic
764093101,"Dąbrowszczaków 12 | Praga Północ | Jasny pokój od podwórza | ALK, UW, SWPS, PW, PJATK | wolne od zaraz",Praga-Północ,1050,false,https://www.olx.pl/d/oferta/dabrowszczakow-12-praga-polnoc-jasny-pokoj-od-podworza-alk-uw-swps-pw-pjatk-wolne-od-zaraz-CID3-IDPI3vh.html?search_reason=search%7Corganic
1098902895,POKOJE DLA STUDENTÓW – WARSZAWA Rembertów/Gocław| od 1250 zł z opłatami | SKM/PKP,Rembertów,1250,false,https://www.olx.pl/d/oferta/pokoje-dla-studentow-warszawa-rembertow-goclaw-od-1250-zl-z-oplatami-skm-pkp-CID3-ID1cmSQf.html?search_reason=search%7Corganic
1020683860,"Smoleńska 81 | Targówek | Metro Targówek Mieszkaniowy 5 min pieszo | KOŹMIŃSKI, WSB MERITO, SWPS, UW | wolne od zaraz",Targówek,1190,false,https://www.olx.pl/d/oferta/smolenska-81-targowek-metro-targowek-mieszkaniowy-5-min-pieszo-kozminski-wsb-merito-swps-uw-wolne-od-zaraz-CID3-ID174GuU.html?search_reason=search%7Cpromoted
1095303528,"Pokój 1-osobowy, Praga-Południe, Gocławek/Grochów, Liwiecka",Praga-Południe,1200,false,https://www.olx.pl/d/oferta/pokoj-1-osobowy-praga-poludnie-goclawek-grochow-liwiecka-CID3-ID1c7MtV.html?search_reason=search%7Cpromoted
1080422928,Pokój | Targowa 61 | metro Dworzec Wileński 56m | od zaraz | 183,Praga-Północ,1190,false,https://www.olx.pl/d/oferta/pokoj-targowa-61-metro-dworzec-wilenski-56m-od-zaraz-183-CID3-ID1b7lmg.html?search_reason=search%7Cpromoted
1009868891,Wynajmę  pokój  od zaraz,Ursynów,1300,false,https://www.olx.pl/d/oferta/wynajme-pokoj-od-zaraz-CID3-ID16lj1W.html?search_reason=search%7Corganic
1047995188,Pokój 1 os. 15 m2 Ursynów/Kabaty ul. Ekologiczna,Ursynów,1800,false,https://www.olx.pl/d/oferta/pokoj-1-os-15-m2-ursynow-kabaty-ul-ekologiczna-CID3-ID18Whqc.html?search_reason=search%7Corganic
1098758377,Wynajmę pokój jednej osobie,Rembertów,800,false,https://www.olx.pl/d/oferta/wynajme-pokoj-jednej-osobie-CID3-ID1cmhfj.html?search_reason=search%7Corganic
1097799384,Pokój Warszawa Włochy,Włochy,1700,false,https://www.olx.pl/d/oferta/pokoj-warszawa-wlochy-CID3-ID1cifLG.html?search_reason=search%7Corganic
1097947302,Pokój na wynajem Warszawa/Bielany metro,Żoliborz,1135,false,https://www.olx.pl/d/oferta/pokoj-na-wynajem-warszawa-bielany-metro-CID3-ID1ciSfs.html?search_reason=search%7Corganic
1098873745,Pokój na Bródnie w mieszkaniu z młodymi ludźmi,Targówek,1000,false,https://www.olx.pl/d/oferta/pokoj-na-brodnie-w-mieszkaniu-z-mlodymi-ludzmi-CID3-ID1cmLg5.html?search_reason=search%7Corganic
1082209596,Pokój | Kazubów 10 | metro Bemowo 550m | BEZ PROWIZJI | od zaraz | 1212,Bemowo,1140,false,https://www.olx.pl/d/oferta/pokoj-kazubow-10-metro-bemowo-550m-bez-prowizji-od-zaraz-1212-CID3-ID1beQ9u.html?search_reason=search%7Corganic
1098562385,"Przytulny pokój Ochota, Szczęśliwice za 1400 ze wszystkim",Ochota,1400,false,https://www.olx.pl/d/oferta/przytulny-pokoj-ochota-szczesliwice-za-1400-ze-wszystkim-CID3-ID1clsg9.html?search_reason=search%7Corganic
1098671740,"Pokój 1 osobowy - od zaraz / BIELANY, metro Słodowiec",Bielany,900,false,https://www.olx.pl/d/oferta/pokoj-1-osobowy-od-zaraz-bielany-metro-slodowiec-CID3-ID1clUHV.html?search_reason=search%7Corganic
1056803913,"Pokoj Хостел, район Rembertow, Praga, Wawer. Hostel - 2-4 местные",Rembertów,850,false,https://www.olx.pl/d/oferta/pokoj-rembertow-praga-wawer-hostel-2-4-CID3-ID19veYp.html?search_reason=search%7Corganic
1090924112,"Pokój | Nicejska 1 | Szkoła Główna 5,9km | BEZ PROWIZJI | od zaraz | 1600",Mokotów,1140,false,https://www.olx.pl/d/oferta/pokoj-nicejska-1-szkola-glowna-5-9km-bez-prowizji-od-zaraz-1600-CID3-ID1bPpcc.html?search_reason=search%7Cpromoted
1024210140,pokój do wynajęcia od zaraz,Ursynów,800,false,https://www.olx.pl/d/oferta/pokoj-do-wynajecia-od-zaraz-CID3-ID17jtQo.html?search_reason=search%7Cpromoted
1090059642,"Duży pokój (19m²) z własną łazienką i klimatyzacją — Ursynów, ok. ul. Tanecznej",Ursynów,1550,false,https://www.olx.pl/d/oferta/duzy-pokoj-19m-z-wlasna-lazienka-i-klimatyzacja-ursynow-ok-ul-tanecznej-CID3-ID1bLMj8.html?search_reason=search%7Cpromoted
1098682529,Pokój 1 os. wolny od 30.09. - ul. Zwierzyniecka - Mokotów.,Mokotów,1199,false,https://www.olx.pl/d/oferta/pokoj-1-os-wolny-od-30-09-ul-zwierzyniecka-mokotow-CID3-ID1clXwX.html?search_reason=search%7Corganic
1098429949,Jednoosobowy pokój! Metro Imielin!,Ursynów,1575,false,https://www.olx.pl/d/oferta/jednoosobowy-pokoj-metro-imielin-CID3-ID1ckTO5.html?search_reason=search%7Corganic
1098104949,Wynajmę dwa pokoje na Mokotowie przy stacji metra,Mokotów,1500,false,https://www.olx.pl/d/oferta/wynajme-dwa-pokoje-na-mokotowie-przy-stacji-metra-CID3-ID1cjxg9.html?search_reason=search%7Corganic
1098892331,Tani pokój dla studenta.,Ursynów,950,false,https://www.olx.pl/d/oferta/tani-pokoj-dla-studenta-CID3-ID1cmQ5R.html?search_reason=search%7Corganic
1067815479,Pokój do  wynajęcia Warszawa centrum,Śródmieście,1750,false,https://www.olx.pl/d/oferta/pokoj-do-wynajecia-warszawa-centrum-CID3-ID1agrAj.html?search_reason=search%7Corganic
1094546030,"Pokój 1osobowy w mieszkaniu 3pokojowym Gocław - szybki dojazd Metro Politechnika, SWPS, SGGW, Centrum",Praga-Południe,950,false,https://www.olx.pl/d/oferta/pokoj-1osobowy-w-mieszkaniu-3pokojowym-goclaw-szybki-dojazd-metro-politechnika-swps-sggw-centrum-CID3-ID1c4Bqe.html?search_reason=search%7Corganic
689658000,"Jagiellońska 76 | Praga Północ | Wyjście na balkon i widok na zieleń | KOŹMIŃSKI,  SWPS, AWF, UKSW | wolne od 07.09",Praga-Północ,1450,false,https://www.olx.pl/d/oferta/jagiellonska-76-praga-polnoc-wyjscie-na-balkon-i-widok-na-zielen-kozminski-swps-awf-uksw-wolne-od-07-09-CID3-IDKFJy8.html?search_reason=search%7Corganic
1097748296,Pokój do wynajęcia OD ZARAZ / Wilanów / Mokotów / SERWIS SPRZĄTAJĄCY / Sobieskiego / Wiertnicza / Powsińska / Aleja Wilanowska / Rzeczypospolitej,Wilanów,1150,false,https://www.olx.pl/d/oferta/pokoj-do-wynajecia-od-zaraz-wilanow-mokotow-serwis-sprzatajacy-sobieskiego-wiertnicza-powsinska-aleja-wilanowska-rzeczypospolitej-CID3-ID1ci2tG.html?search_reason=search%7Corganic
1098878804,pokój 1-os.  1000 zł + media z m-cem na rowery i auto Ursynów (Natolin),Ursynów,1000,false,https://www.olx.pl/d/oferta/pokoj-1-os-1000-zl-media-z-m-cem-na-rowery-i-auto-ursynow-natolin-CID3-ID1cmMzG.html?search_reason=search%7Corganic
1095099372,Комната Варшава Хостел. Hostel  Tani mieszkanie!  Bez kaucji UA RU  PL,Białołęka,750,false,https://www.olx.pl/d/oferta/hostel-tani-mieszkanie-bez-kaucji-ua-ru-pl-CID3-ID1c6Wn6.html?search_reason=search%7Corganic
695918142,"Wrzeciono 1A | Bielany | Metro Wawrzyszew 3 min pieszo | Galeria Młociny, AWF, UKSW | wolne od 16.09",Bielany,1050,false,https://www.olx.pl/d/oferta/wrzeciono-1a-bielany-metro-wawrzyszew-3-min-pieszo-galeria-mlociny-awf-uksw-wolne-od-16-09-CID3-IDL606a.html?search_reason=search%7Cpromoted
1076057593,"Ładny pokój, Wola, Wolska 75  wolny od ręki od 1.09",Wola,1400,false,https://www.olx.pl/d/oferta/ladny-pokoj-wola-wolska-75-wolny-od-reki-od-1-09-CID3-ID1aP1JD.html?search_reason=search%7Cpromoted
1090183795,"Przytulny pokój ""Romantic Relax"" w centrum dla dziewczyn. Wolska/Jaktorowska",Wola,1490,false,https://www.olx.pl/d/oferta/przytulny-pokoj-romantic-relax-w-centrum-dla-dziewczyn-wolska-jaktorowska-CID3-ID1bMiBB.html?search_reason=search%7Cpromoted
553086859,Łukowska 15 | Praga Południe | Duże biurko i szafa | SWPS | Tylko 4 pokoje I wolne od 24.09,Praga-Południe,1090,false,https://www.olx.pl/d/oferta/lukowska-15-praga-poludnie-duze-biurko-i-szafa-swps-tylko-4-pokoje-i-wolne-od-24-09-CID3-IDBqH9N.html?search_reason=search%7Corganic
542042774,TARGOWA 70 /I Praga Północ I Centrum miasta! Metro 1 min! SWPS KOŹMIŃSKI UW I Galeria Wileńska I Wolne od zaraz,Praga-Północ,1190,false,https://www.olx.pl/d/oferta/targowa-70-i-praga-polnoc-i-centrum-miasta-metro-1-min-swps-kozminski-uw-i-galeria-wilenska-i-wolne-od-zaraz-CID3-IDAGm5o.html?search_reason=search%7Corganic
1095922475,"DUŻY Pokój 12m², Hoża, Śródmieście, Centrum, Metro, PW, SGH, UW",Śródmieście,1500,false,https://www.olx.pl/d/oferta/duzy-pokoj-12m-hoza-srodmiescie-centrum-metro-pw-sgh-uw-CID3-ID1canuX.html?search_reason=search%7Corganic
1098228909,"Fajny pokój dla studentki  przy Metrze Młociny, UKSW, AWF, Galeria Młociny - 1400zł z opłatami",Bielany,1400,false,https://www.olx.pl/d/oferta/fajny-pokoj-dla-studentki-przy-metrze-mlociny-uksw-awf-galeria-mlociny-1400zl-z-oplatami-CID3-ID1ck3ww.html?search_reason=search%7Corganic
1096999122,"Pokój do wynajęcia – Sadyba, ul. Powsińska 27 | nowe mieszkanie | pierwszy najem",Mokotów,1700,false,https://www.olx.pl/d/oferta/pokoj-do-wynajecia-sadyba-ul-powsinska-27-nowe-mieszkanie-pierwszy-najem-CID3-ID1ceTAe.html?search_reason=search%7Corganic
1097407839,750 злотых месяц проживания-Хостел Варшава! Hostel Białołęka Pokoje,Białołęka,750,false,https://www.olx.pl/d/oferta/750-hostel-bialoleka-pokoje-CID3-ID1cgBUr.html?search_reason=search%7Corganic
1095967529,"Przytulny pokój w 3 pokojowym mieszkaniu, blisko SGGW, Vistula, metro Imielin",Ursynów,1290,false,https://www.olx.pl/d/oferta/przytulny-pokoj-w-3-pokojowym-mieszkaniu-blisko-sggw-vistula-metro-imielin-CID3-ID1cazdD.html?search_reason=search%7Corganic
649564666,"Melomanów 4 | Mokotów | Wyjście na balkon | SGH, SGGW | wolne od zaraz",Mokotów,1290,false,https://www.olx.pl/d/oferta/melomanow-4-mokotow-wyjscie-na-balkon-sgh-sggw-wolne-od-zaraz-CID3-IDHXwrs.html?search_reason=search%7Corganic
1097154008,Słoneczny pokój w willi z opieką - Bez prowizji - Sprzątanie w cenie,Ochota,1395,false,https://www.otodom.pl/pl/oferta/sloneczny-pokoj-w-willi-z-opieka-bez-prowizji-sprzatanie-w-cenie-ID4CZUT
1098324988,Mały pokój metro Targówek mieszkaniowy,Targówek,1450,true,https://www.olx.pl/d/oferta/maly-pokoj-metro-targowek-mieszkaniowy-CID3-ID1ckswa.html?search_reason=search%7Corganic
1097423045,"2 osobowy, 12 mkw. Doskonała lokalizacja w centrum, ul. Solidarności.",Śródmieście,1600,false,https://www.olx.pl/d/oferta/2-osobowy-12-mkw-doskonala-lokalizacja-w-centrum-ul-solidarnosci-CID3-ID1cgFRH.html?search_reason=search%7Cpromoted
1097496602,"Pokój | Turecka 2, Mokotów | BEZ PROWIZJI | od zaraz | 728",Mokotów,1090,false,https://www.olx.pl/d/oferta/pokoj-turecka-2-mokotow-bez-prowizji-od-zaraz-728-CID3-ID1cgZ06.html?search_reason=search%7Cpromoted
558160727,Pokój 1-os. / Centrum / Metro ONZ - Wysoki Standard,Śródmieście,1600,true,https://www.olx.pl/d/oferta/pokoj-1-os-centrum-metro-onz-wysoki-standard-CID3-IDBLZ6n.html?search_reason=search%7Cpromoted
1097054109,Komfortowy pokój blisko metra z klimatyzacją i balkonem,Ursynów,2300,false,https://www.olx.pl/d/oferta/komfortowy-pokoj-blisko-metra-z-klimatyzacja-i-balkonem-CID3-ID1cf7T7.html?search_reason=search%7Corganic
1098230005,Do wynajęcia duży pokój na Mokotowie,Mokotów,1900,false,https://www.olx.pl/d/oferta/do-wynajecia-duzy-pokoj-na-mokotowie-CID3-ID1ck3Nb.html?search_reason=search%7Corganic
1098151343,Ładny pokój 9m2 / Wilanów / Mokotów / Sobieskiego / Powsińska / Rzeczypospolitej / WUMED / TVN / 2 ŁAZIENKI / SERWIS SPRZĄTAJĄCY 2x miesiąc,Wilanów,1400,false,https://www.olx.pl/d/oferta/ladny-pokoj-9m2-wilanow-mokotow-sobieskiego-powsinska-rzeczypospolitej-wumed-tvn-2-lazienki-serwis-sprzatajacy-2x-miesiac-CID3-ID1cjJkr.html?search_reason=search%7Corganic
1098391090,1-os. pokój | Janowskiego | Ursynów,Ursynów,1000,false,https://www.olx.pl/d/oferta/1-os-pokoj-janowskiego-ursynow-CID3-ID1ckJHk.html?search_reason=search%7Corganic
966060045,Nowy pokój do wynajęcia. Klimatyzacja. AIR COND,Wola,2100,false,https://www.olx.pl/d/oferta/nowy-pokoj-do-wynajecia-klimatyzacja-air-cond-CID3-ID13nulD.html?search_reason=search%7Corganic
1055117141,Przytulny pokój M2 Metro Trocka,Targówek,850,false,https://www.olx.pl/d/oferta/przytulny-pokoj-m2-metro-trocka-CID3-ID19paap.html?search_reason=search%7Corganic
1080284402,niezależny pokoju w mieszkaniu na Bielanach,Praga-Południe,1500,false,https://www.olx.pl/d/oferta/niezalezny-pokoju-w-mieszkaniu-na-bielanach-CID3-ID1b6LjY.html?search_reason=search%7Corganic
1056275890,Jednoosobowy pokój 12m2/Metro Imielin 3 min piechotą/ul. Cynamonowa,Ursynów,1250,false,https://www.olx.pl/d/oferta/jednoosobowy-pokoj-12m2-metro-imielin-3-min-piechota-ul-cynamonowa-CID3-ID19u1BU.html?search_reason=search%7Corganic
1097770970,"Pokój dla dziewczyny, Metro Targówek Mieszkaniowy",Praga-Północ,1400,false,https://www.olx.pl/d/oferta/pokoj-dla-dziewczyny-metro-targowek-mieszkaniowy-CID3-ID1ci8no.html?search_reason=search%7Corganic
1097242949,POKÓJ 12 m² z balkonem Wola  – Jana Kazimierza,Wola,1550,false,https://www.olx.pl/d/oferta/pokoj-12-m-z-balkonem-wola-jana-kazimierza-CID3-ID1cfW0W.html?search_reason=search%7Corganic
1096185155,"Bogusławskiego 12 | Bielany | Balkon 8 m2 tylko dla Ciebie | AWF, WAT, UKSW | wolne od zaraz",Bielany,1150,false,https://www.olx.pl/d/oferta/boguslawskiego-12-bielany-balkon-8-m2-tylko-dla-ciebie-awf-wat-uksw-wolne-od-zaraz-CID3-ID1cbtPJ.html?search_reason=search%7Cpromoted
1092690483,Przestronny Pokój 1-os. Pistacjowy | Czyste i Spokojne Mieszkanie | Bemowo | WAT | WUM Ciołka | Metro Chrzanów | Bez Prowizji,Bemowo,1330,false,https://www.olx.pl/d/oferta/przestronny-pokoj-1-os-pistacjowy-czyste-i-spokojne-mieszkanie-bemowo-wat-wum-ciolka-metro-chrzanow-bez-prowizji-CID3-ID1bVOI3.html?search_reason=search%7Cpromoted
1096049214,Wolny pokój przy metrze Księcia Janusza,Wola,1200,false,https://www.olx.pl/d/oferta/wolny-pokoj-przy-metrze-ksiecia-janusza-CID3-ID1caUt8.html?search_reason=search%7Cpromoted
1096862775,pokój do wynajęcia Mokotów,Mokotów,1000,false,https://www.olx.pl/d/oferta/pokoj-do-wynajecia-mokotow-CID3-ID1cek75.html?search_reason=search%7Corganic
1093722361,[Relaksowa 45] [Metro Kabaty] Pokój nr 4,Ursynów,900,false,https://www.olx.pl/d/oferta/relaksowa-45-metro-kabaty-pokoj-nr-4-CID3-ID1c199f.html?search_reason=search%7Corganic
1098432577,Pokój z aneksem! Mokotów!,Mokotów,1740,false,https://www.olx.pl/d/oferta/pokoj-z-aneksem-mokotow-CID3-ID1ckUut.html?search_reason=search%7Corganic
1097132431,wolny pokój dla osoby pracjącej lub studentki ul. budowlana  7 i wole miejsce w garażu,Targówek,1600,false,https://www.olx.pl/d/oferta/wolny-pokoj-dla-osoby-pracjacej-lub-studentki-ul-budowlana-7-i-wole-miejsce-w-garazu-CID3-ID1cfsgn.html?search_reason=search%7Corganic
1097645455,Pokój z balkonem przy ul. Komputerowej - Warszawa Mokotów,Mokotów,1050,false,https://www.olx.pl/d/oferta/pokoj-z-balkonem-przy-ul-komputerowej-warszawa-mokotow-CID3-ID1chBIX.html?search_reason=search%7Corganic
1052123546,Jednoosobowy pokój 18 m2 dla młodej osoby,Bielany,1550,false,https://www.olx.pl/d/oferta/jednoosobowy-pokoj-18-m2-dla-mlodej-osoby-CID3-ID19cBoC.html?search_reason=search%7Corganic
1098144397,Pokój do wynajęcia,Bielany,1200,false,https://www.olx.pl/d/oferta/pokoj-do-wynajecia-CID3-ID1cjHvp.html?search_reason=search%7Corganic
1098271687,Pokój na bemowie,Bemowo,1400,false,https://www.olx.pl/d/oferta/pokoj-na-bemowie-CID3-ID1ckeDt.html?search_reason=search%7Corganic
1098682227,"Przytulny 1 osobowy pokój blisko UW, Łazarskiego i Mordoru | Mokotów | Blisko uczelni | Idealna lokalizacja dla studenta | Gotarda 10",Mokotów,900,false,https://www.olx.pl/d/oferta/przytulny-1-osobowy-pokoj-blisko-uw-lazarskiego-i-mordoru-mokotow-blisko-uczelni-idealna-lokalizacja-dla-studenta-gotarda-10-CID3-ID1clXr5.html?search_reason=search%7Corganic
1098837099,"Piękny duży pokój jednoosobowy, METRO Ursynów, ul. Puszczyka!",Ursynów,1400,false,https://www.olx.pl/d/oferta/piekny-duzy-pokoj-jednoosobowy-metro-ursynow-ul-puszczyka-CID3-ID1cmBJ1.html?search_reason=search%7Corganic
1098159286,3 pokoje na wynajem Warszawa Ursynów metro Natolin/Imielin,Ursynów,1200,false,https://www.olx.pl/d/oferta/3-pokoje-na-wynajem-warszawa-ursynow-metro-natolin-imielin-CID3-ID1cjLoy.html?search_reason=search%7Cpromoted
1097216448,"Dziewczynie, pokój, 7m2 Bródno, Wyszogrodzka",Targówek,1000,false,https://www.olx.pl/d/oferta/dziewczynie-pokoj-7m2-brodno-wyszogrodzka-CID3-ID1cfO7u.html?search_reason=search%7Cpromoted
1074365672,"Przytulny pokój 12m2 Łagowska, Metro Bemowo",Bemowo,1300,false,https://www.olx.pl/d/oferta/przytulny-pokoj-12m2-lagowska-metro-bemowo-CID3-ID1aHWAA.html?search_reason=search%7Cpromoted
1098655114,"pokój 1osobowy, wolny od 01.10.2026",Wola,950,false,https://www.olx.pl/d/oferta/pokoj-1osobowy-wolny-od-01-10-2026-CID3-ID1clQnM.html?search_reason=search%7Corganic
1097979179,"Pokój jednoosobowy z dużą szafą w zabudowie - ul. Karabeli, BEMOWO!",Bemowo,1300,false,https://www.olx.pl/d/oferta/pokoj-jednoosobowy-z-duza-szafa-w-zabudowie-ul-karabeli-bemowo-CID3-ID1cj0xB.html?search_reason=search%7Corganic
1098436775,"**Rooms right next to the Imielin metro station available from now, balcony**",Ursynów,1050,false,https://www.olx.pl/d/oferta/rooms-right-next-to-the-imielin-metro-station-available-from-now-balcony-CID3-ID1ckWAb.html?search_reason=search%7Corganic
1097165713,Pokój dwuosobowy_Bez prowziji_Sprzątanie w cenie_od 1.10,Ochota,895,false,https://www.otodom.pl/pl/oferta/pokoj-dwuosobowy-bez-prowziji-sprzatanie-w-cenie-od-1-10-ID4CZZc
1098849831,Pokój z balkonem na Bródnie w mieszkaniu z młodymi ludźmi,Targówek,1400,false,https://www.olx.pl/d/oferta/pokoj-z-balkonem-na-brodnie-w-mieszkaniu-z-mlodymi-ludzmi-CID3-ID1cmF2n.html?search_reason=search%7Corganic
1082988895,Duży pokój 17m2 plus balkon do wynajęcia,Włochy,2070,false,https://www.olx.pl/d/oferta/duzy-pokoj-17m2-plus-balkon-do-wynajecia-CID3-ID1bi6SP.html?search_reason=search%7Corganic
1098486510,Pokój jednoosobowy od zaraz + miejsce parkingowe - ul. Sozopolska,Mokotów,1100,false,https://www.olx.pl/d/oferta/pokoj-jednoosobowy-od-zaraz-miejsce-parkingowe-ul-sozopolska-CID3-ID1cl8vm.html?search_reason=search%7Corganic
1098578000,Do wynajęcia pokój Praga Południe,Praga-Południe,1600,false,https://www.olx.pl/d/oferta/do-wynajecia-pokoj-praga-poludnie-CID3-ID1clvk0.html?search_reason=search%7Corganic
1030154292,Pokój dla kobiety | Wita Stwosza 17 | metro Służew 750m | od zaraz | 759,Mokotów,1090,true,https://www.olx.pl/d/oferta/pokoj-dla-kobiety-wita-stwosza-17-metro-sluzew-750m-od-zaraz-759-CID3-ID17IqbO.html?search_reason=search%7Corganic
1098030396,Wynajmę  pokój na Grochowie,Praga-Południe,1550,true,https://www.olx.pl/d/oferta/wynajme-pokoj-na-grochowie-CID3-ID1cjdRG.html?search_reason=search%7Corganic
1097400967,"Przy Agorze 5 | Bielany | Pojemna szafa i widok na zieleń | UKSW, AWF, WAT | wolne od zaraz",Bielany,1200,false,https://www.olx.pl/d/oferta/przy-agorze-5-bielany-pojemna-szafa-i-widok-na-zielen-uksw-awf-wat-wolne-od-zaraz-CID3-ID1cgA7B.html?search_reason=search%7Cpromoted
1097501817,"Pokój | Marymoncka 153 | metro Młociny 1,4km | od zaraz | 643",Bielany,1020,false,https://www.olx.pl/d/oferta/pokoj-marymoncka-153-metro-mlociny-1-4km-od-zaraz-643-CID3-ID1ch0md.html?search_reason=search%7Cpromoted
1098159286,3 pokoje na wynajem Warszawa Ursynów metro Natolin/Imielin,Ursynów,1200,false,https://www.olx.pl/d/oferta/3-pokoje-na-wynajem-warszawa-ursynow-metro-natolin-imielin-CID3-ID1cjLoy.html?search_reason=search%7Cpromoted
1030154292,Pokój dla kobiety | Wita Stwosza 17 | metro Służew 750m | od zaraz | 759,Mokotów,1090,true,https://www.olx.pl/d/oferta/pokoj-dla-kobiety-wita-stwosza-17-metro-sluzew-750m-od-zaraz-759-CID3-ID17IqbO.html?search_reason=search%7Corganic
1098030396,Wynajmę  pokój na Grochowie,Praga-Południe,1550,true,https://www.olx.pl/d/oferta/wynajme-pokoj-na-grochowie-CID3-ID1cjdRG.html?search_reason=search%7Corganic
1096409136,"Bardzo duży, przestronny pokój u. Burgaska / Sobieskiego blisko SGGW",Mokotów,1380,false,https://www.olx.pl/d/oferta/bardzo-duzy-przestronny-pokoj-u-burgaska-sobieskiego-blisko-sggw-CID3-ID1ccq6k.html?search_reason=search%7Corganic
1096051566,pokój Metro Stadion Narodowy SWPS,Praga-Południe,1100,false,https://www.otodom.pl/pl/oferta/pokoj-metro-stadion-narodowy-swps-ID4CSVX
1092334004,250 злотых неделя ! Nowy Hostel Warszawa |Хостел Tani  Pokoje RU UA PL,Wilanów,750,false,https://www.olx.pl/d/oferta/250-nowy-hostel-warszawa-tani-pokoje-ru-ua-pl-CID3-ID1bWjYo.html?search_reason=search%7Corganic
1094721475,750 злотых месяц проживания. Новое общежитие. Хостел. Hostel RU UA PL,Wawer,750,false,https://www.olx.pl/d/oferta/750-hostel-ru-ua-pl-CID3-ID1c5l3Z.html?search_reason=search%7Corganic
1096470730,"Pokój 1.os, 11m2, Mokotów",Mokotów,1300,false,https://www.olx.pl/d/oferta/pokoj-1-os-11m2-mokotow-CID3-ID1ccG7M.html?search_reason=search%7Corganic
1096188952,Pokój na Bemowie blisko WAT,Bemowo,1500,false,https://www.olx.pl/d/oferta/pokoj-na-bemowie-blisko-wat-CID3-ID1cbuOY.html?search_reason=search%7Corganic
1093105403,Pokój | Wita Stwosza 17a | metro Służew 750m | od 30.09 | 785,Mokotów,1190,false,https://www.olx.pl/d/oferta/pokoj-wita-stwosza-17a-metro-sluzew-750m-od-30-09-785-CID3-ID1bYyEj.html?search_reason=search%7Corganic
1098591956,Pokój dwuosobowy na wynajem w Mokotowie,Mokotów,1800,false,https://www.olx.pl/d/oferta/pokoj-dwuosobowy-na-wynajem-w-mokotowie-CID3-ID1clzX6.html?search_reason=search%7Corganic
1092179484,"Wynajmę oddzielny pokój, dzielnica Włochy, Krańcowa 63, bezpośrednie wyjście na taras, Ogródek, dostępne od zaraz, Polecam!!!",Włochy,1400,false,https://www.olx.pl/d/oferta/wynajme-oddzielny-pokoj-dzielnica-wlochy-krancowa-63-bezposrednie-wyjscie-na-taras-ogrodek-dostepne-od-zaraz-polecam-CID3-ID1bUFM8.html?search_reason=search%7Cpromoted
1097216448,"Dziewczynie, pokój, 7m2 Bródno, Wyszogrodzka",Targówek,1000,false,https://www.olx.pl/d/oferta/dziewczynie-pokoj-7m2-brodno-wyszogrodzka-CID3-ID1cfO7u.html?search_reason=search%7Cpromoted
1074365672,"Przytulny pokój 12m2 Łagowska, Metro Bemowo",Bemowo,1300,false,https://www.olx.pl/d/oferta/przytulny-pokoj-12m2-lagowska-metro-bemowo-CID3-ID1aHWAA.html?search_reason=search%7Cpromoted
1096561404,Pokój do wynajęcia dla studentki Warszawa-Bielany,Bielany,750,false,https://www.olx.pl/d/oferta/pokoj-do-wynajecia-dla-studentki-warszawa-bielany-CID3-ID1cd3Ig.html?search_reason=search%7Corganic
1097410497,Pokój dla studentki | Ochota |,Ochota,1600,false,https://www.olx.pl/d/oferta/pokoj-dla-studentki-ochota-CID3-ID1cgCBj.html?search_reason=search%7Corganic
1096957938,Pokój na Bielanach w mieszkaniu 4 pokojowym ul. Wrzeciono 47,Bielany,1500,false,https://www.olx.pl/d/oferta/pokoj-na-bielanach-w-mieszkaniu-4-pokojowym-ul-wrzeciono-47-CID3-ID1ceIRY.html?search_reason=search%7Corganic
1081756235,"Sewastopolska 2 | Mokotów | Duże biurko i pojemna komoda | SGGW, Vistula, SGH | wolne od zaraz",Mokotów,1350,false,https://www.olx.pl/d/oferta/sewastopolska-2-mokotow-duze-biurko-i-pojemna-komoda-sggw-vistula-sgh-wolne-od-zaraz-CID3-ID1bcVdd.html?search_reason=search%7Corganic
1097757486,Piękny pokój w całkowicie nowym mieszkaniu!,Włochy,2000,false,https://www.olx.pl/d/oferta/piekny-pokoj-w-calkowicie-nowym-mieszkaniu-CID3-ID1ci4RU.html?search_reason=search%7Corganic
1090367183,Otwarcie ! Nowy Akademik Warszawa Hostel Białołęka Bez kaucji. Хостел Варшава!,Białołęka,750,false,https://www.olx.pl/d/oferta/otwarcie-nowy-akademik-warszawa-hostel-bialoleka-bez-kaucji-CID3-ID1bN4jt.html?search_reason=search%7Corganic
1092276371,250 zł za tydzień!- VIP-ХОСТЕЛ В ВАРШАВЕ | ОТКРЫТИЕ | RU / UA / Hostel,Ursynów,750,false,https://www.olx.pl/d/oferta/250-zl-za-tydzien-vip-ru-ua-hostel-CID3-ID1bW4YP.html?search_reason=search%7Corganic
1095575948,Pokoj dwuosobowy lub jedno ochota /wlochy,Ochota,2200,false,https://www.olx.pl/d/oferta/pokoj-dwuosobowy-lub-jedno-ochota-wlochy-CID3-ID1c8WlO.html?search_reason=search%7Corganic
1097938137,"Fajny, przestronny pokój, ul. Burgaska / Czarnomorska blisko SGGW, Dolny Mokotów",Bemowo,1380,false,https://www.olx.pl/d/oferta/fajny-przestronny-pokoj-ul-burgaska-czarnomorska-blisko-sggw-dolny-mokotow-CID3-ID1ciPRD.html?search_reason=search%7Corganic
1098675611,Pokój dla dziewczyny w topowej lokalizacji ul.smocza NOWOLIPKI wola centrum obok Arkadii,Wola,1299,false,https://www.olx.pl/d/oferta/pokoj-dla-dziewczyny-w-topowej-lokalizacji-ul-smocza-nowolipki-wola-centrum-obok-arkadii-CID3-ID1clWIn.html?search_reason=search%7Corganic
1093923164,"Pokój przy m. Ursynów! SGGW, VISTULI, WSTiR, WZ UW, Politechnika",Ursynów,1180,false,https://www.olx.pl/d/oferta/pokoj-przy-m-ursynow-sggw-vistuli-wstir-wz-uw-politechnika-CID3-ID1c1Zo0.html?search_reason=search%7Cpromoted
1091518931,"Pokój | Conrada 4, Bielany | balkon | BEZ PROWIZJI | od zaraz | 1030",Bielany,1190,false,https://www.olx.pl/d/oferta/pokoj-conrada-4-bielany-balkon-bez-prowizji-od-zaraz-1030-CID3-ID1bRTV3.html?search_reason=search%7Cpromoted
1097537365,"Pokój przy metrze Bemowo tylko 1km, wolny od już-Olbrachta 112a",Bemowo,1300,false,https://www.olx.pl/d/oferta/pokoj-przy-metrze-bemowo-tylko-1km-wolny-od-juz-olbrachta-112a-CID3-ID1ch9Bz.html?search_reason=search%7Cpromoted
1097778256,"Duży pokój vintage dla niej, Wola, metro Płocka, od 1 października",Wola,1400,false,https://www.olx.pl/d/oferta/duzy-pokoj-vintage-dla-niej-wola-metro-plocka-od-1-pazdziernika-CID3-ID1ciagU.html?search_reason=search%7Corganic
1096953107,Pokój dla dziewczyny od zaraz Metro Wawrzyszew | Świeżo po remoncie,Mokotów,1250,false,https://www.olx.pl/d/oferta/pokoj-dla-dziewczyny-od-zaraz-metro-wawrzyszew-swiezo-po-remoncie-CID3-ID1ceHC3.html?search_reason=search%7Corganic
1093384925,pokój w centrum warszawy,Śródmieście,1800,false,https://www.olx.pl/d/oferta/pokoj-w-centrum-warszawy-CID3-ID1bZJmJ.html?search_reason=search%7Corganic
1097092850,Wynajmę pokój jednoosobowy 12 m2,Wesoła,1000,false,https://www.olx.pl/d/oferta/wynajme-pokoj-jednoosobowy-12-m2-CID3-ID1cfhXY.html?search_reason=search%7Corganic
1097996965,pokój do wynajecia ul Olbrachta 3,Wola,1500,false,https://www.olx.pl/d/oferta/pokoj-do-wynajecia-ul-olbrachta-3-CID3-ID1cj5at.html?search_reason=search%7Corganic
1095495874,Słoneczny pokój na Saskiej Kępie - od zaraz :),Praga-Południe,1700,false,https://www.olx.pl/d/oferta/sloneczny-pokoj-na-saskiej-kepie-od-zaraz-CID3-ID1c8Avi.html?search_reason=search%7Corganic
1095873674,Частное общежитие в Варшаве Hostel Warszawa Mokotów . Хостел,Wola,750,false,https://www.olx.pl/d/oferta/hostel-warszawa-mokotow-CID3-ID1caaNQ.html?search_reason=search%7Corganic
1098910825,Szukam współlokatorki,Wola,1400,false,https://www.olx.pl/d/oferta/szukam-wspollokatorki-CID3-ID1cmUU9.html?search_reason=search%7Corganic
1096828428,"Bielany, pokój 10m kw, ZIELONA OKOLICA, METRO",Bielany,1300,false,https://www.olx.pl/d/oferta/bielany-pokoj-10m-kw-zielona-okolica-metro-CID3-ID1cebb6.html?search_reason=search%7Corganic
1097147918,pokój 22m2 przy metro wileńska,Praga-Północ,2200,false,https://www.olx.pl/d/oferta/pokoj-22m2-przy-metro-wilenska-CID3-ID1cfvia.html?search_reason=search%7Corganic
1096776185,Pokój z balkonem dla gracza od zaraz 2x łazienka Waszyngtona saska kępa praga południe po remoncie generalnym światłowód 8gb/s ethernet w pokoju,Praga-Południe,1190,false,https://www.olx.pl/d/oferta/pokoj-z-balkonem-dla-gracza-od-zaraz-2x-lazienka-waszyngtona-saska-kepa-praga-poludnie-po-remoncie-generalnym-swiatlowod-8gb-s-ethernet-w-pokoju-CID3-ID1cdXAt.html?search_reason=search%7Cpromoted
1080357704,Pokój  Duży z balkonem Tarchomin od zaraz Po remoncie,Białołęka,1500,true,https://www.olx.pl/d/oferta/pokoj-duzy-z-balkonem-tarchomin-od-zaraz-po-remoncie-CID3-ID1b74og.html?search_reason=search%7Cpromoted
996417585,"Big double room! Duży pokój 2-os. 21,4m2 Mokotów Metro Racła",Mokotów,2300,false,https://www.olx.pl/d/oferta/big-double-room-duzy-pokoj-2-os-21-4m2-mokotow-metro-racla-CID3-ID15qRJn.html?search_reason=search%7Cpromoted
1096702428,"Przestronny pokój w Centrum, Emilii Plater",Śródmieście,2000,false,https://www.olx.pl/d/oferta/przestronny-pokoj-w-centrum-emilii-plater-CID3-ID1cdEoQ.html?search_reason=search%7Corganic
1094554923,Pokój | Nicejska 1 | metro Wilanowska 2km | BEZ PROWIZJI | od zaraz | 1670,Mokotów,1300,false,https://www.olx.pl/d/oferta/pokoj-nicejska-1-metro-wilanowska-2km-bez-prowizji-od-zaraz-1670-CID3-ID1c4DJF.html?search_reason=search%7Corganic
1093820117,"Pokój dla 1 osoby| Targówek, k metra Trocka | 1.980 zł, kod pokoju KP3 - idealne dla studentek",Targówek,1590,false,https://www.olx.pl/d/oferta/pokoj-dla-1-osoby-targowek-k-metra-trocka-1-980-zl-kod-pokoju-kp3-idealne-dla-studentek-CID3-ID1c1yzX.html?search_reason=search%7Corganic
1098773801,Pokój do wynajecia,Bielany,1400,false,https://www.olx.pl/d/oferta/pokoj-do-wynajecia-CID3-ID1cmlg5.html?search_reason=search%7Corganic
1092937512,Pokój 1 os. wolny od zaraz - Metro Arsenał - Śródmieście - Nowolipki. Super lokalizacja :),Wola,999,false,https://www.olx.pl/d/oferta/pokoj-1-os-wolny-od-zaraz-metro-arsenal-srodmiescie-nowolipki-super-lokalizacja-CID3-ID1bXQYo.html?search_reason=search%7Corganic
1094721477,750 zł месяц NEW Akademik Варшава Есть бассейн. Хостел !  Hostel,Wesoła,750,false,https://www.olx.pl/d/oferta/750-zl-new-akademik-hostel-CID3-ID1c5l41.html?search_reason=search%7Corganic
1098253580,Pokój dla 1 osoby Metro Dworzec Wileński od zaraz/ Room for 1 person near subway Dworzec Wileński,Praga-Północ,1100,false,https://www.olx.pl/d/oferta/pokoj-dla-1-osoby-metro-dworzec-wilenski-od-zaraz-room-for-1-person-near-subway-dworzec-wilenski-CID3-ID1ck9Wq.html?search_reason=search%7Corganic
1090227053,Pokój | Rembielińska 12 | metro Bródno 750m | BEZ PROWIZJI | od zaraz | 390,Targówek,1040,false,https://www.olx.pl/d/oferta/pokoj-rembielinska-12-metro-brodno-750m-bez-prowizji-od-zaraz-390-CID3-ID1bMtRj.html?search_reason=search%7Corganic
1097276725,"wynajmę pokój 7,5m2 w 4 pokojowym mieszkaniu, Mokotów, metro",Mokotów,1150,false,https://www.olx.pl/d/oferta/wynajme-pokoj-7-5m2-w-4-pokojowym-mieszkaniu-mokotow-metro-CID3-ID1cg3NH.html?search_reason=search%7Corganic
1084254406,Pokój do wynajęcia Warszawa Żoliborz,Praga-Północ,1200,false,https://www.olx.pl/d/oferta/pokoj-do-wynajecia-warszawa-zoliborz-CID3-ID1bnq6i.html?search_reason=search%7Corganic
1096296742,Wolne pokoje w akademiku Warszawa/Вільні місця в студентському гуртожитку Варшава,Praga-Południe,1100,false,https://www.olx.pl/d/oferta/wolne-pokoje-w-akademiku-warszawa-CID3-ID1cbVRv.html?search_reason=search%7Cpromoted
1098854577,Pokój do wynajęcia I Aleja Wilanowska I Warszawa- Mokotów,Mokotów,1300,false,https://www.olx.pl/d/oferta/pokoj-do-wynajecia-i-aleja-wilanowska-i-warszawa-mokotow-CID3-ID1cmGgW.html?search_reason=search%7Cpromoted
1093732779,[Szolc - Rogozińskiego 15] [Metro Imielin] Pokój nr 3,Ursynów,1100,false,https://www.olx.pl/d/oferta/szolc-rogozinskiego-15-metro-imielin-pokoj-nr-3-CID3-ID1c1bRh.html?search_reason=search%7Cpromoted
1088190047,Pokoje do wynajęcia,Białołęka,1000,false,https://www.olx.pl/d/oferta/pokoje-do-wynajecia-CID3-ID1bDWVn.html?search_reason=search%7Corganic
1098626807,Przepiękny słoneczny pokój na zielonym Ursynów 5 sekund Metro Mega.,Ursynów,1650,false,https://www.olx.pl/d/oferta/przepiekny-sloneczny-pokoj-na-zielonym-ursynow-5-sekund-metro-mega-CID3-ID1clJ1d.html?search_reason=search%7Corganic
1098426182,Jednosobowy pokój w 4 pokojowym mieszkaniu! Ursynów! Metro!,Ursynów,1495,false,https://www.olx.pl/d/oferta/jednosobowy-pokoj-w-4-pokojowym-mieszkaniu-ursynow-metro-CID3-ID1ckSPk.html?search_reason=search%7Corganic
1098897976,Komfortowa 1-dynka w sercu Warszawy-ul. Grzybowska,Śródmieście,1330,false,https://www.olx.pl/d/oferta/komfortowa-1-dynka-w-sercu-warszawy-ul-grzybowska-CID3-ID1cmRyU.html?search_reason=search%7Corganic
1098790895,"Pokój w mieszkaniu 2 pokojowym, duża kuchnia, po kapitalnym remoncie, metro Stokłosy, (SGGW, Vistula)",Ursynów,1300,false,https://www.olx.pl/d/oferta/pokoj-w-mieszkaniu-2-pokojowym-duza-kuchnia-po-kapitalnym-remoncie-metro-stoklosy-sggw-vistula-CID3-ID1cmpHN.html?search_reason=search%7Corganic
1093105504,Pokój 12 m² | Wita Stwosza 17a | balkon | BEZ PROWIZJI | od 30.09 | 787,Mokotów,1290,false,https://www.olx.pl/d/oferta/pokoj-12-m-wita-stwosza-17a-balkon-bez-prowizji-od-30-09-787-CID3-ID1bYyFV.html?search_reason=search%7Corganic
948362000,"Pokój w mieszkaniu bez właściciela,umeblowany,pierwszy najemca,Mokotów",Mokotów,1600,false,https://www.olx.pl/d/oferta/pokoj-w-mieszkaniu-bez-wlasciciela-umeblowany-pierwszy-najemca-mokotow-CID3-ID12behi.html?search_reason=search%7Corganic
1095922166,Duży pokój w 4-pokojowym mieszkaniu po remoncie – 5 min od metra Trocka,Targówek,1500,false,https://www.olx.pl/d/oferta/duzy-pokoj-w-4-pokojowym-mieszkaniu-po-remoncie-5-min-od-metra-trocka-CID3-ID1canpY.html?search_reason=search%7Corganic
1098169760,Pokój przyjazny kotom - Stary Mokotów,Mokotów,1490,false,https://www.olx.pl/d/oferta/pokoj-przyjazny-kotom-stary-mokotow-CID3-ID1cjO7u.html?search_reason=search%7Corganic
1097791461,Pokoj w mieszkaniu na Goclawiu,Praga-Południe,1500,false,https://www.olx.pl/d/oferta/pokoj-w-mieszkaniu-na-goclawiu-CID3-ID1cidHT.html?search_reason=search%7Corganic
1098168357,Wolny pokój / WILANÓW / MOKOTÓW / szybki dojazd tramwajem do METRO POLITECHNIKA / SGH WUMED Bobrowiecka / 3 ŁAZIENKI / SERWIS SPRZĄTAJĄCY 2x miesiąc,Wilanów,1150,false,https://www.olx.pl/d/oferta/wolny-pokoj-wilanow-mokotow-szybki-dojazd-tramwajem-do-metro-politechnika-sgh-wumed-bobrowiecka-3-lazienki-serwis-sprzatajacy-2x-miesiac-CID3-ID1cjNKR.html?search_reason=search%7Cpromoted
1097537365,"Pokój przy metrze Bemowo tylko 1km, wolny od już-Olbrachta 112a",Bemowo,1300,false,https://www.olx.pl/d/oferta/pokoj-przy-metrze-bemowo-tylko-1km-wolny-od-juz-olbrachta-112a-CID3-ID1ch9Bz.html?search_reason=search%7Cpromoted
1090606456,Pokój dla Dziewczyny | Wola (Wieluńska 18) | Metro Młynów,Wola,1390,false,https://www.olx.pl/d/oferta/pokoj-dla-dziewczyny-wola-wielunska-18-metro-mlynow-CID3-ID1bO4yI.html?search_reason=search%7Cpromoted
1078925734,Pokój | Wita Stwosza 44 | metro Służew 950m | od 30.09 | 1353,Mokotów,1190,false,https://www.olx.pl/d/oferta/pokoj-wita-stwosza-44-metro-sluzew-950m-od-30-09-1353-CID3-ID1b13RY.html?search_reason=search%7Corganic
1098434909,Wynajmę pokój na Bemowie,Bemowo,1800,false,https://www.olx.pl/d/oferta/wynajme-pokoj-na-bemowie-CID3-ID1ckW65.html?search_reason=search%7Corganic
1097739725,Ursus Niedzwiadek pokoj obok SKM,Ursus,650,false,https://www.olx.pl/d/oferta/ursus-niedzwiadek-pokoj-obok-skm-CID3-ID1ci0fr.html?search_reason=search%7Corganic
1097563466,"Jasny pokój 1-osobowy, Saska Kępa, ul. Brazylijska",Praga-Południe,1100,false,https://www.olx.pl/d/oferta/jasny-pokoj-1-osobowy-saska-kepa-ul-brazylijska-CID3-ID1chgoy.html?search_reason=search%7Corganic
1097547738,Pokój do wynajęcia ul.Bokserska,Ochota,1600,false,https://www.olx.pl/d/oferta/pokoj-do-wynajecia-ul-bokserska-CID3-ID1chciS.html?search_reason=search%7Corganic
1093100172,"Pokój | Neseberska 4, Mokotów | BEZ PROWIZJI | od zaraz | 634",Mokotów,1230,false,https://www.olx.pl/d/oferta/pokoj-neseberska-4-mokotow-bez-prowizji-od-zaraz-634-CID3-ID1bYxhV.html?search_reason=search%7Corganic
1093718126,[Polinezyjska 2] [Metro Imielin] Pokój nr 2,Ursynów,1100,false,https://www.olx.pl/d/oferta/polinezyjska-2-metro-imielin-pokoj-nr-2-CID3-ID1c182V.html?search_reason=search%7Corganic
1078015668,"Pokój jednoosobowy - ul. Gołuchowska 7, METRO BEMOWO",Bemowo,1450,false,https://www.olx.pl/d/oferta/pokoj-jednoosobowy-ul-goluchowska-7-metro-bemowo-CID3-ID1aXf7u.html?search_reason=search%7Corganic
1093675635,"Pokój dla Pań przy metrze Ursynów! SGH, SGGW, VISTULA, PW, UW WZ.",Ursynów,1130,false,https://www.olx.pl/d/oferta/pokoj-dla-pan-przy-metrze-ursynow-sgh-sggw-vistula-pw-uw-wz-CID3-ID1c0VZB.html?search_reason=search%7Corganic
1097199399,Od 30.09. - Pokój 1 os. przy Rondzie Wiatraczna - ul. Siennicka - Praga-Południe.,Praga-Południe,899,false,https://www.olx.pl/d/oferta/od-30-09-pokoj-1-os-przy-rondzie-wiatraczna-ul-siennicka-praga-poludnie-CID3-ID1cfJGw.html?search_reason=search%7Corganic
542042774,TARGOWA 70 /I Praga Północ I Centrum miasta! Metro 1 min! SWPS KOŹMIŃSKI UW I Galeria Wileńska I Wolne od zaraz,Praga-Północ,1190,false,https://www.olx.pl/d/oferta/targowa-70-i-praga-polnoc-i-centrum-miasta-metro-1-min-swps-kozminski-uw-i-galeria-wilenska-i-wolne-od-zaraz-CID3-IDAGm5o.html?search_reason=search%7Cpromoted
1094178291,"Duży pokój 16m2 ul. Cyprysowa, światłowód",Włochy,1450,false,https://www.olx.pl/d/oferta/duzy-pokoj-16m2-ul-cyprysowa-swiatlowod-CID3-ID1c33KX.html?search_reason=search%7Cpromoted
1093725229,[Pasaż Ursynowski 9] [Metro Stokłosy] Pokój nr 5,Ursynów,1300,false,https://www.olx.pl/d/oferta/pasaz-ursynowski-9-metro-stoklosy-pokoj-nr-5-CID3-ID1c19Tw.html?search_reason=search%7Cpromoted
1094240234,Pokój w mieszkaniu dwupiętrowym z tarasem na dachu na Pradze-Południe,Praga-Południe,2000,false,https://www.olx.pl/d/oferta/pokoj-w-mieszkaniu-dwupietrowym-z-tarasem-na-dachu-na-pradze-poludnie-CID3-ID1c3jS2.html?search_reason=search%7Corganic
1097786988,Pokój jednoosobowy w nowoczesnym mieszkaniu Borsucza/ Ochota,Włochy,1400,false,https://www.olx.pl/d/oferta/pokoj-jednoosobowy-w-nowoczesnym-mieszkaniu-borsucza-ochota-CID3-ID1cicxK.html?search_reason=search%7Corganic
1096698402,Pokój dwuosobowy z balkonem w 3-pokojowym na Pradze z dużą szafą,Praga-Południe,1750,false,https://www.olx.pl/d/oferta/pokoj-dwuosobowy-z-balkonem-w-3-pokojowym-na-pradze-z-duza-szafa-CID3-ID1cdDlU.html?search_reason=search%7Corganic
1094012262,Przytulny pokój w pięknej części Bemowa. 1199 total.,Bemowo,899,false,https://www.olx.pl/d/oferta/przytulny-pokoj-w-pieknej-czesci-bemowa-1199-total-CID3-ID1c2mz4.html?search_reason=search%7Corganic
1096931558,Pokój jednoosobowy | ul. Broniewskiego 26 | Żoliborz,Żoliborz,1300,false,https://www.olx.pl/d/oferta/pokoj-jednoosobowy-ul-broniewskiego-26-zoliborz-CID3-ID1ceC0u.html?search_reason=search%7Corganic
1098664384,"Pokój Targówek Metro M2 Kondratowicza - WSB MERITO, KOŹMIŃSKI, AWF, SWPS",Targówek,1400,false,https://www.olx.pl/d/oferta/pokoj-targowek-metro-m2-kondratowicza-wsb-merito-kozminski-awf-swps-CID3-ID1clSNi.html?search_reason=search%7Corganic
1086806901,Przytulny pokój 1-os. WILANÓW/MOKOTÓW – 600 m od TVN!,Mokotów,700,false,https://www.olx.pl/d/oferta/przytulny-pokoj-1-os-wilanow-mokotow-600-m-od-tvn-CID3-ID1by87z.html?search_reason=search%7Corganic
1097865255,Poszukuję pokoju,Praga-Południe,800,false,https://www.olx.pl/d/oferta/poszukuje-pokoju-CID3-ID1civU7.html?search_reason=search%7Corganic
1080440288,Pokój | Gąbińska 18 | metro Marymont 850m | BEZ PROWIZJI | od zaraz | 877,Bielany,1190,false,https://www.olx.pl/d/oferta/pokoj-gabinska-18-metro-marymont-850m-bez-prowizji-od-zaraz-877-CID3-ID1b7pSg.html?search_reason=search%7Corganic
1080637314,"Pokój | Anielewicza 18A, Wola | balkon | BEZ PROWIZJI | od zaraz | 1028",Wola,1390,false,https://www.olx.pl/d/oferta/pokoj-anielewicza-18a-wola-balkon-bez-prowizji-od-zaraz-1028-CID3-ID1b8f86.html?search_reason=search%7Corganic
1096951484,Pokój z balkonem dla dziewczyny od zaraz | Metro Natolin,Mokotów,1450,false,https://www.olx.pl/d/oferta/pokoj-z-balkonem-dla-dziewczyny-od-zaraz-metro-natolin-CID3-ID1ceHbS.html?search_reason=search%7Cpromoted
1098664384,"Pokój Targówek Metro M2 Kondratowicza - WSB MERITO, KOŹMIŃSKI, AWF, SWPS",Targówek,1400,false,https://www.olx.pl/d/oferta/pokoj-targowek-metro-m2-kondratowicza-wsb-merito-kozminski-awf-swps-CID3-ID1clSNi.html?search_reason=search%7Cpromoted
1098391090,1-os. pokój | Janowskiego | Ursynów,Ursynów,1000,false,https://www.olx.pl/d/oferta/1-os-pokoj-janowskiego-ursynow-CID3-ID1ckJHk.html?search_reason=search%7Cpromoted
1095373643,750 злотых месяц проживания Общежитие- Хостел! Hostel Tani  Pokoje!,Włochy,750,false,https://www.olx.pl/d/oferta/750-hostel-tani-pokoje-CID3-ID1c84IP.html?search_reason=search%7Corganic
1090789792,"POKÓJ jednoosobowy - ul. Maltańska 5, Sadyba MOKOTÓW",Mokotów,1450,false,https://www.olx.pl/d/oferta/pokoj-jednoosobowy-ul-maltanska-5-sadyba-mokotow-CID3-ID1bOQfK.html?search_reason=search%7Corganic
1095956965,Jasny cichy pokoj do wynajecia Zoliborz,Żoliborz,1500,false,https://www.olx.pl/d/oferta/jasny-cichy-pokoj-do-wynajecia-zoliborz-CID3-ID1cavtf.html?search_reason=search%7Corganic
1076131537,METRO | CZYSTY | BEZPIECZNY | NA KLUCZ  | METRO | Pokój  | Ursynów | Świetna lokalizacja cicho spokojnie bezpiecznie,Ursynów,1450,false,https://www.olx.pl/d/oferta/metro-czysty-bezpieczny-na-klucz-metro-pokoj-ursynow-swietna-lokalizacja-cicho-spokojnie-bezpiecznie-CID3-ID1aPkYh.html?search_reason=search%7Corganic
1096124589,"Przytulny pokój jednoosobowy | Metro Słodowiec | UKSW, AWF, WAT",Bielany,1450,false,https://www.olx.pl/d/oferta/przytulny-pokoj-jednoosobowy-metro-slodowiec-uksw-awf-wat-CID3-ID1cbe4R.html?search_reason=search%7Corganic
1097731982,"Ładny, nieprzechodni pokój w 3-pokojowym mieszkaniu, Hirszfelda, blisko SGGW, Vistula",Ursynów,1290,false,https://www.olx.pl/d/oferta/ladny-nieprzechodni-pokoj-w-3-pokojowym-mieszkaniu-hirszfelda-blisko-sggw-vistula-CID3-ID1chYey.html?search_reason=search%7Corganic
1098736320,"Pokój w mieszkaniu na Ursynowie, ul. Kopcińskiego, blisko SGGW",Ursynów,1100,false,https://www.olx.pl/d/oferta/pokoj-w-mieszkaniu-na-ursynowie-ul-kopcinskiego-blisko-sggw-CID3-ID1cmbwy.html?search_reason=search%7Corganic
1098874956,room for rent/ pokoj do wynajecia; ul Nowolipki/Al Jana Pawla II,Śródmieście,1850,false,https://www.olx.pl/d/oferta/room-for-rent-pokoj-do-wynajecia-ul-nowolipki-al-jana-pawla-ii-CID3-ID1cmLzC.html?search_reason=search%7Corganic
1098469247,Wynajmę pokój na Bemowie,Bemowo,1350,true,https://www.olx.pl/d/oferta/wynajme-pokoj-na-bemowie-CID3-ID1cl41W.html?search_reason=search%7Corganic
1097714634,"Pokój jednoosobowy, blisko UKSW, AWF, WAT, uniwersytet VIZJA",Bielany,1250,false,https://www.olx.pl/d/oferta/pokoj-jednoosobowy-blisko-uksw-awf-wat-uniwersytet-vizja-CID3-ID1chTIK.html?search_reason=search%7Corganic
1098915664,"Wynajmę pokój w centrum Warszawy, Al. Jana Pawła II /róg Grzybowskiej, wszędzie blisko,",Śródmieście,1550,false,https://www.olx.pl/d/oferta/wynajme-pokoj-w-centrum-warszawy-al-jana-pawla-ii-rog-grzybowskiej-wszedzie-blisko-CID3-ID1cmVac.html?search_reason=search%7Cpromoted
1085674032,"Wynajmę pokój – Majdańska 5, Praga Południe | 1500 zł total",Praga-Południe,1000,true,https://www.olx.pl/d/oferta/wynajme-pokoj-majdanska-5-praga-poludnie-1500-zl-total-CID3-ID1btnpu.html?search_reason=search%7Cpromoted
1096793778,Warszawa ul. Kłobucka (Służewiec) – wynajmę pokój jednoosobowy w mieszkaniu dwupokojowym,Mokotów,1600,false,https://www.olx.pl/d/oferta/warszawa-ul-klobucka-sluzewiec-wynajme-pokoj-jednoosobowy-w-mieszkaniu-dwupokojowym-CID3-ID1ce2ae.html?search_reason=search%7Cpromoted
1070135497,"Bezpośrednio Pokój od września ul. Śródziemnomorska Mokotów VISTULA, SGGW",Mokotów,1600,false,https://www.olx.pl/d/oferta/bezposrednio-pokoj-od-wrzesnia-ul-srodziemnomorska-mokotow-vistula-sggw-CID3-ID1aqb7X.html?search_reason=search%7Corganic
1098608503,Pokój 1-os. z balkonem | Metro Dworzec Wileński| od zaraz,Praga-Północ,1150,false,https://www.olx.pl/d/oferta/pokoj-1-os-z-balkonem-metro-dworzec-wilenski-od-zaraz-CID3-ID1clEfZ.html?search_reason=search%7Corganic
1097695855,Pokój do wynajęcia z pięknym widokiem,Mokotów,1300,false,https://www.olx.pl/d/oferta/pokoj-do-wynajecia-z-pieknym-widokiem-CID3-ID1chOPR.html?search_reason=search%7Corganic
1097880452,Pokój z balkonem na Mokotowie - ul.Egejska,Mokotów,1290,false,https://www.olx.pl/d/oferta/pokoj-z-balkonem-na-mokotowie-ul-egejska-CID3-ID1ciARe.html?search_reason=search%7Corganic
744796639,"Malborska 12 | Targówek | Metro Kondratowicza 5 min pieszo | UKSW, AWF | wolne od 01.10",Targówek,1390,false,https://www.olx.pl/d/oferta/malborska-12-targowek-metro-kondratowicza-5-min-pieszo-uksw-awf-wolne-od-01-10-CID3-IDOp5D1.html?search_reason=search%7Corganic
1092927987,Wynajem Pokoi na Bemowie- ul. Świętochowskiego 3,Bemowo,1150,false,https://www.olx.pl/d/oferta/wynajem-pokoi-na-bemowie-ul-swietochowskiego-3-CID3-ID1bXOuL.html?search_reason=search%7Corganic
1097769852,Pokój Warszawa Centrum - Plac Zbawiciela. Świeżo po remoncie. Zmywarka,Śródmieście,1250,false,https://www.olx.pl/d/oferta/pokoj-warszawa-centrum-plac-zbawiciela-swiezo-po-remoncie-zmywarka-CID3-ID1ci85m.html?search_reason=search%7Corganic
1098089872,"Blisko metra, AWF i UKSW — przytulny pokój w 3‑pokojowym mieszkaniu, ul. Klaudyny (Bielany)",Bielany,1300,false,https://www.olx.pl/d/oferta/blisko-metra-awf-i-uksw-przytulny-pokoj-w-3pokojowym-mieszkaniu-ul-klaudyny-bielany-CID3-ID1cjtkY.html?search_reason=search%7Corganic
894848454,"Pokój do wynajęcia, do wynajęcia 800zł bez kaucji",Bielany,800,false,https://www.olx.pl/d/oferta/pokoj-do-wynajecia-do-wynajecia-800zl-bez-kaucji-CID3-IDYyGXA.html?search_reason=search%7Corganic
1096529927,Warszawa Mokotów Konstruktorska wynajmę pokój 12m2 od 1 listopada,Mokotów,1800,false,https://www.olx.pl/d/oferta/warszawa-mokotow-konstruktorska-wynajme-pokoj-12m2-od-1-listopada-CID3-ID1ccWvz.html?search_reason=search%7Corganic
1088024369,"Pokój jednoosobowy na wynajem - Ursus, ul. Tomcia Palucha 2",Ursus,1250,false,https://www.olx.pl/d/oferta/pokoj-jednoosobowy-na-wynajem-ursus-ul-tomcia-palucha-2-CID3-ID1bDeQ9.html?search_reason=search%7Cpromoted
1083666405,"Pokoj Хостел, район Rembertow, Praga, Wawer. Hostel - 2-3-4 местные",Praga-Południe,800,false,https://www.olx.pl/d/oferta/pokoj-rembertow-praga-wawer-hostel-2-3-4-CID3-ID1bkX8p.html?search_reason=search%7Cpromoted
1098220641,Your new room in Warsaw | Ursynów | SGGW | Imielin metro | for rent | pokój do wynajęcia,Ursynów,1250,false,https://www.olx.pl/d/oferta/your-new-room-in-warsaw-ursynow-sggw-imielin-metro-for-rent-pokoj-do-wynajecia-CID3-ID1ck1m9.html?search_reason=search%7Cpromoted
1093713125,Pokoje do wynajęcia od zaraz! Targówek,Targówek,1900,false,https://www.olx.pl/d/oferta/pokoje-do-wynajecia-od-zaraz-targowek-CID3-ID1c16Kh.html?search_reason=search%7Corganic
1093732779,[Szolc - Rogozińskiego 15] [Metro Imielin] Pokój nr 3,Ursynów,1100,false,https://www.olx.pl/d/oferta/szolc-rogozinskiego-15-metro-imielin-pokoj-nr-3-CID3-ID1c1bRh.html?search_reason=search%7Corganic
1096820260,1-os. pokój | Broniewskiego | Żoliborz | 0% prowizji,Żoliborz,1000,true,https://www.olx.pl/d/oferta/1-os-pokoj-broniewskiego-zoliborz-0-prowizji-CID3-ID1ce93m.html?search_reason=search%7Corganic
1096134983,Pokój 18m2 - Ursynów - Metro Natolin,Ursynów,1800,false,https://www.olx.pl/d/oferta/pokoj-18m2-ursynow-metro-natolin-CID3-ID1cbgMw.html?search_reason=search%7Corganic
1095955728,Pokój dla studenta/studentki,Praga-Północ,1700,true,https://www.olx.pl/d/oferta/pokoj-dla-studenta-studentki-CID3-ID1cav9i.html?search_reason=search%7Corganic
1096367572,"Słoneczny pokój 1-osobowy, Saska Kępa, ul. Brazylijska",Praga-Południe,1300,false,https://www.olx.pl/d/oferta/sloneczny-pokoj-1-osobowy-saska-kepa-ul-brazylijska-CID3-ID1ccfhV.html?search_reason=search%7Corganic
1097601807,"3 minuty do metra imielin, blisko Vistula i SGGW",Ursynów,1200,false,https://www.olx.pl/d/oferta/3-minuty-do-metra-imielin-blisko-vistula-i-sggw-CID3-ID1chqmX.html?search_reason=search%7Corganic
1095099351,VIP Хостел Warszawa Новое общежитие Варшава Wola Bemowo! Hostel,Ochota,750,false,https://www.olx.pl/d/oferta/vip-warszawa-wola-bemowo-hostel-CID3-ID1c6WmL.html?search_reason=search%7Corganic
1098272061,Pokój Metro Bemowo dla kobiety 1200 zł,Bemowo,1200,false,https://www.olx.pl/d/oferta/pokoj-metro-bemowo-dla-kobiety-1200-zl-CID3-ID1ckeJw.html?search_reason=search%7Corganic
1096592305,ZAMIESZKAJ W NOWYM MIESZKANIU - Pokój jednoosobowy ul Majdańska 5 - Praga Południe,Praga-Południe,1550,false,https://www.olx.pl/d/oferta/zamieszkaj-w-nowym-mieszkaniu-pokoj-jednoosobowy-ul-majdanska-5-praga-poludnie-CID3-ID1cdbKF.html?search_reason=search%7Corganic
962242154,Ladny  pokój prywatna lazenka Mokotuw,Mokotów,1700,true,https://www.olx.pl/d/oferta/ladny-pokoj-prywatna-lazenka-mokotuw-CID3-ID137t8K.html?search_reason=search%7Cpromoted
1074844349,Pokój z balkonem przy metrze Trocka - Mokra 33 1299 zł Total,Targówek,1099,false,https://www.olx.pl/d/oferta/pokoj-z-balkonem-przy-metrze-trocka-mokra-33-1299-zl-total-CID3-ID1aJV7b.html?search_reason=search%7Cpromoted
1096970628,"Duzy, pokój „Miętowy relax”  dla dziewczyn Siedmiogrodzka przy metrze daszynskiego",Wola,1730,false,https://www.olx.pl/d/oferta/duzy-pokoj-mietowy-relax-dla-dziewczyn-siedmiogrodzka-przy-metrze-daszynskiego-CID3-ID1ceMaE.html?search_reason=search%7Cpromoted
1093728341,[Lachmana 1][Metro Stokłosy][SGGW] Pokój nr 3,Ursynów,1100,false,https://www.olx.pl/d/oferta/lachmana-1metro-stoklosysggw-pokoj-nr-3-CID3-ID1c1aHH.html?search_reason=search%7Corganic
1096110758,Pokój w pobliżu AWF,Bielany,1500,false,https://www.olx.pl/d/oferta/pokoj-w-poblizu-awf-CID3-ID1cbatM.html?search_reason=search%7Corganic
1096793778,Warszawa ul. Kłobucka (Służewiec) – wynajmę pokój jednoosobowy w mieszkaniu dwupokojowym,Mokotów,1600,false,https://www.olx.pl/d/oferta/warszawa-ul-klobucka-sluzewiec-wynajme-pokoj-jednoosobowy-w-mieszkaniu-dwupokojowym-CID3-ID1ce2ae.html?search_reason=search%7Corganic
1096439678,Pokój 1-os. | Metro Ursynów| od zaraz,Ursynów,1150,false,https://www.olx.pl/d/oferta/pokoj-1-os-metro-ursynow-od-zaraz-CID3-ID1ccy2V.html?search_reason=search%7Corganic
1098563183,Przytulny jasny pokój_Bez prowizji_Sprzątanie w cenie,Ochota,1055,false,https://www.otodom.pl/pl/oferta/przytulny-jasny-pokoj-bez-prowizji-sprzatanie-w-cenie-ID4D6gG
1085088073,pokoje do wynajecia z kuchnia i lazienka,Ursus,1100,false,https://www.olx.pl/d/oferta/pokoje-do-wynajecia-z-kuchnia-i-lazienka-CID3-ID1bqUYx.html?search_reason=search%7Corganic
1098762167,Pokój | ZWM 18 | metro Stokłosy 650m | BEZ PROWIZJI | od 30.09 | 1335,Ursynów,1290,false,https://www.olx.pl/d/oferta/pokoj-zwm-18-metro-stoklosy-650m-bez-prowizji-od-30-09-1335-CID3-ID1cmier.html?search_reason=search%7Corganic
1091010874,"Pokój | Marii Dąbrowskiej 5 | UKSW 3,6km | BEZ PROWIZJI | od zaraz | 398",Bemowo,1190,false,https://www.olx.pl/d/oferta/pokoj-marii-dabrowskiej-5-uksw-3-6km-bez-prowizji-od-zaraz-398-CID3-ID1bPLLA.html?search_reason=search%7Corganic
1093734642,[Szolc - Rogozińskiego 11] [Metro Imielin] Pokój nr 1,Ursynów,1100,false,https://www.olx.pl/d/oferta/szolc-rogozinskiego-11-metro-imielin-pokoj-nr-1-CID3-ID1c1clk.html?search_reason=search%7Corganic
1096974584,750 злотых месяц проживания - Hostel Warszawa Bemowo! Хостел,Bemowo,750,false,https://www.olx.pl/d/oferta/750-hostel-warszawa-bemowo-CID3-ID1ceNcs.html?search_reason=search%7Corganic
1097599524,"Duży pokój dla 1 osoby przy metrze Imielin, dobry dojazd do SGGW i Vistuli. ul. Hirszfelda",Ursynów,1350,false,https://www.olx.pl/d/oferta/duzy-pokoj-dla-1-osoby-przy-metrze-imielin-dobry-dojazd-do-sggw-i-vistuli-ul-hirszfelda-CID3-ID1chpM8.html?search_reason=search%7Cpromoted
1095468436,"Cichy pokój, bliskość dworca i komunikacji (opłaty w cenie)",Praga-Północ,1600,false,https://www.olx.pl/d/oferta/cichy-pokoj-bliskosc-dworca-i-komunikacji-oplaty-w-cenie-CID3-ID1c8tnK.html?search_reason=search%7Cpromoted
1073854154,Pokój - Mokotów - Zwierzyniecka - Wysoki standard - Od 10 października,Mokotów,1300,false,https://www.olx.pl/d/oferta/pokoj-mokotow-zwierzyniecka-wysoki-standard-od-10-pazdziernika-CID3-ID1aFMvi.html?search_reason=search%7Cpromoted
1096548132,Wynajmę pokój przy metrze Ursynów,Ursynów,1100,false,https://www.olx.pl/d/oferta/wynajme-pokoj-przy-metrze-ursynow-CID3-ID1cd0gc.html?search_reason=search%7Corganic
1093124466,"Pokój | Szarych Szeregów 8, Wola | balkon | BEZ PROWIZJI | od zaraz | 1580",Wola,1340,false,https://www.olx.pl/d/oferta/pokoj-szarych-szeregow-8-wola-balkon-bez-prowizji-od-zaraz-1580-CID3-ID1bYDBM.html?search_reason=search%7Corganic
1098678070,Wynajem Pokoi w mieszkaniu na Bielanach - ul. Gwiaździsta 27,Bielany,1350,false,https://www.olx.pl/d/oferta/wynajem-pokoi-w-mieszkaniu-na-bielanach-ul-gwiazdzista-27-CID3-ID1clVm2.html?search_reason=search%7Corganic
1080493097,"Pokój | Toruńska 58, Targówek | BEZ PROWIZJI | od 30.09 | 1403",Targówek,1090,false,https://www.olx.pl/d/oferta/pokoj-torunska-58-targowek-bez-prowizji-od-30-09-1403-CID3-ID1b7DC1.html?search_reason=search%7Corganic
1096960333,Duży pokój na Bielanach | Metro Młociny,Bielany,1700,false,https://www.olx.pl/d/oferta/duzy-pokoj-na-bielanach-metro-mlociny-CID3-ID1ceJuB.html?search_reason=search%7Corganic
1087901621,Wygodny pokój blisko Metro Wawrzyszew,Bielany,1450,false,https://www.olx.pl/d/oferta/wygodny-pokoj-blisko-metro-wawrzyszew-CID3-ID1bCIUl.html?search_reason=search%7Corganic
1093729304,[ZWM 16] [Metro Stokłosy] Pokój nr 3,Ursynów,1200,false,https://www.olx.pl/d/oferta/zwm-16-metro-stoklosy-pokoj-nr-3-CID3-ID1c1aXe.html?search_reason=search%7Corganic
1086445109,"Niedrogi pokój do wynajecia, ul. Kazury 2c Ursynów",Ursynów,1250,false,https://www.olx.pl/d/oferta/niedrogi-pokoj-do-wynajecia-ul-kazury-2c-ursynow-CID3-ID1bvC0d.html?search_reason=search%7Corganic
1095110413,Okazja.Mokotow Sadyba. Tanio wynajmę pokój.. 10 do15minut do Centrum.,Śródmieście,1100,false,https://www.olx.pl/d/oferta/okazja-mokotow-sadyba-tanio-wynajme-pokoj-10-do15minut-do-centrum-CID3-ID1c6Yfb.html?search_reason=search%7Corganic
705530082,Metro Stadion | SWPS | Pokój 1-osobowy | Park Skaryszewski,Praga-Południe,1300,false,https://www.olx.pl/d/oferta/metro-stadion-swps-pokoj-1-osobowy-park-skaryszewski-CID3-IDLKkBs.html?search_reason=search%7Corganic
1095022334,Atrakcyjny poķóǰ | Metro Natolin | SGGW Vistula,Ursynów,1350,true,https://www.olx.pl/d/oferta/atrakcyjny-poo-metro-natolin-sggw-vistula-CID3-ID1c6Bky.html?search_reason=search%7Cpromoted
1043610165,Pokój jednoosobowy na URSYNOWIE - METRO NATOLIN,Ursynów,1200,false,https://www.olx.pl/d/oferta/pokoj-jednoosobowy-na-ursynowie-metro-natolin-CID3-ID18CSG1.html?search_reason=search%7Cpromoted
1094876493,pokój przy metrze Kabaty ( bez prowizji ),Ursynów,1100,false,https://www.olx.pl/d/oferta/pokoj-przy-metrze-kabaty-bez-prowizji-CID3-ID1c5Zoh.html?search_reason=search%7Cpromoted
1097142996,"Pokój do wynajęcia, Żoliborz, szybki internet, atrakcyjna lokalizacja",Żoliborz,1300,false,https://www.olx.pl/d/oferta/pokoj-do-wynajecia-zoliborz-szybki-internet-atrakcyjna-lokalizacja-CID3-ID1cfw0M.html?search_reason=search%7Corganic
1094837086,Duży przytulny pokój warszawa wola metro ks Janusza,Wola,1430,false,https://www.olx.pl/d/oferta/duzy-przytulny-pokoj-warszawa-wola-metro-ks-janusza-CID3-ID1c5P8G.html?search_reason=search%7Corganic
1088101609,"Pokój 1-osobowy, Arkadia, Metro, ul. Broniewskiego, od 01.10.2026",Bielany,1400,false,https://www.olx.pl/d/oferta/pokoj-1-osobowy-arkadia-metro-ul-broniewskiego-od-01-10-2026-CID3-ID1bDyWX.html?search_reason=search%7Corganic
1098138210,"Ładny, przestronny pokój w mieszkaniu 3-pok. SGGW, Vistula, m. Imielin",Ursynów,1480,false,https://www.olx.pl/d/oferta/ladny-przestronny-pokoj-w-mieszkaniu-3-pok-sggw-vistula-m-imielin-CID3-ID1cjFUC.html?search_reason=search%7Corganic
1098606445,Pokoje do wynajęcia,Mokotów,1250,false,https://www.olx.pl/d/oferta/pokoje-do-wynajecia-CID3-ID1clDIN.html?search_reason=search%7Corganic
1084566175,"Piękne pokoje przy Metrze Stokłosy, internet z Wi-Fi w cenie",Ursynów,1200,false,https://www.olx.pl/d/oferta/piekne-pokoje-przy-metrze-stoklosy-internet-z-wi-fi-w-cenie-CID3-ID1boJcP.html?search_reason=search%7Corganic
1091534899,Pokój | Czumy 4 | metro Bemowo 700m | BEZ PROWIZJI | od 30.09 | 1106,Bemowo,990,false,https://www.olx.pl/d/oferta/pokoj-czumy-4-metro-bemowo-700m-bez-prowizji-od-30-09-1106-CID3-ID1bRY5B.html?search_reason=search%7Corganic
1095863114,"Pokój Do Wynajęcia Od Zaraz – Warszawa, Metro Natolin",Ursynów,999,false,https://www.otodom.pl/pl/oferta/pokoj-do-wynajecia-od-zaraz-warszawa-metro-natolin-ID4CUvR
1096579750,Samodzielny pokój do wynajęcia Muranów 1350 zł,Śródmieście,1450,false,https://www.olx.pl/d/oferta/samodzielny-pokoj-do-wynajecia-muranow-1350-zl-CID3-ID1cd8ua.html?search_reason=search%7Corganic
1089734707,"pokój dwuosobowy 16 m2 Usynów, przy metrze",Mokotów,1500,false,https://www.olx.pl/d/oferta/pokoj-dwuosobowy-16-m2-usynow-przy-metrze-CID3-ID1bKpMf.html?search_reason=search%7Corganic
1080440288,Pokój | Gąbińska 18 | metro Marymont 850m | BEZ PROWIZJI | od zaraz | 877,Bielany,1190,false,https://www.olx.pl/d/oferta/pokoj-gabinska-18-metro-marymont-850m-bez-prowizji-od-zaraz-877-CID3-ID1b7pSg.html?search_reason=search%7Cpromoted
1055381299,Pokój 1 person room in a 3-room flat at Praga Poludnie Bora Komorowski,Praga-Południe,1240,false,https://www.olx.pl/d/oferta/pokoj-1-person-room-in-a-3-room-flat-at-praga-poludnie-bora-komorowski-CID3-ID19qgT1.html?search_reason=search%7Cpromoted
1087440802,Pokój Centrum Plac Zbawiciela - Po remoncie. Zmywarka,Śródmieście,1450,false,https://www.olx.pl/d/oferta/pokoj-centrum-plac-zbawiciela-po-remoncie-zmywarka-CID3-ID1bAN1M.html?search_reason=search%7Cpromoted
1097410344,Pokój Sady Żoliborskie Metro Marymont,Żoliborz,1400,false,https://www.olx.pl/d/oferta/pokoj-sady-zoliborskie-metro-marymont-CID3-ID1cgCyQ.html?search_reason=search%7Corganic
1093764524,Jasny pokój Ursynów | METRO Ursynów 5 min | po remoncie | 1200 zł,Ursynów,1200,false,https://www.olx.pl/d/oferta/jasny-pokoj-ursynow-metro-ursynow-5-min-po-remoncie-1200-zl-CID3-ID1c1k7i.html?search_reason=search%7Corganic
1092931477,Pokoje do wynajęcia na Bielanach- ul. Conrada 4,Bielany,1100,false,https://www.olx.pl/d/oferta/pokoje-do-wynajecia-na-bielanach-ul-conrada-4-CID3-ID1bXPp3.html?search_reason=search%7Corganic
1095421989,"Duży pokój 1os. Powstańców Śląskich przy metrze Bemowo, komfortowe mieszkanie dla pań, cisza",Bemowo,1240,false,https://www.olx.pl/d/oferta/duzy-pokoj-1os-powstancow-slaskich-przy-metrze-bemowo-komfortowe-mieszkanie-dla-pan-cisza-CID3-ID1c8hiB.html?search_reason=search%7Corganic
1098239906,Hostel Warszawa Wilanów неделя проживания - 250 zl. ! Новый Хостел,Wilanów,750,false,https://www.olx.pl/d/oferta/hostel-warszawa-wilanow-250-zl-CID3-ID1ck6mS.html?search_reason=search%7Corganic
1096295882,"Pokój | Lachmana 1 | metro Ursynów 1,4km | BEZ PROWIZJI | od zaraz | 213",Ursynów,1190,true,https://www.olx.pl/d/oferta/pokoj-lachmana-1-metro-ursynow-1-4km-bez-prowizji-od-zaraz-213-CID3-ID1cbVDE.html?search_reason=search%7Corganic
1098710504,"Pokój do wynajęcia, Bemowo ul Szwankowskiego 1650zl ze wszystkim",Bemowo,1650,true,https://www.olx.pl/d/oferta/pokoj-do-wynajecia-bemowo-ul-szwankowskiego-1650zl-ze-wszystkim-CID3-ID1cm4Na.html?search_reason=search%7Corganic
1095099456,750 zł месяц - новое общежитие  Hostel Warszawa Хостел Tani Pokoje!,Ursus,750,false,https://www.olx.pl/d/oferta/750-zl-hostel-warszawa-tani-pokoje-CID3-ID1c6Wos.html?search_reason=search%7Corganic
1095880355,"Pokój 1 osobowy w kameralnym dwuosobowym mieszkaniu na Mokotowie | blisko SGGW, SGH i PW | Kaspijska 1",Mokotów,1450,false,https://www.olx.pl/d/oferta/pokoj-1-osobowy-w-kameralnym-dwuosobowym-mieszkaniu-na-mokotowie-blisko-sggw-sgh-i-pw-kaspijska-1-CID3-ID1cacxB.html?search_reason=search%7Corganic
1098690206,"Piękny, bardzo duży pokój 18 m2 z dużą szafą w zabudowie, ul. Sabały!",Włochy,1600,false,https://www.olx.pl/d/oferta/piekny-bardzo-duzy-pokoj-18-m2-z-duza-szafa-w-zabudowie-ul-sabaly-CID3-ID1clZwM.html?search_reason=search%7Corganic
1097594550,Pokoje do wynajęcia – Warszawa - Al. Wilanowska – Galeria Mokotów – WUM,Mokotów,1200,false,https://www.olx.pl/d/oferta/pokoje-do-wynajecia-warszawa-al-wilanowska-galeria-mokotow-wum-CID3-ID1chotU.html?search_reason=search%7Cpromoted
553086859,Łukowska 15 | Praga Południe | Duże biurko i szafa | SWPS | Tylko 4 pokoje I wolne od 24.09,Praga-Południe,1090,false,https://www.olx.pl/d/oferta/lukowska-15-praga-poludnie-duze-biurko-i-szafa-swps-tylko-4-pokoje-i-wolne-od-24-09-CID3-IDBqH9N.html?search_reason=search%7Cpromoted
1020688742,"Żytnia 18 | Wola | Pokój dwuosobowy z dwiema szafami | UW, PW, WUM, SGH | wolne od 01.10",Śródmieście,2100,false,https://www.olx.pl/d/oferta/zytnia-18-wola-pokoj-dwuosobowy-z-dwiema-szafami-uw-pw-wum-sgh-wolne-od-01-10-CID3-ID174HLE.html?search_reason=search%7Cpromoted
1092851419,Pokój BRÓDNO Warszawa,Targówek,1050,false,https://www.olx.pl/d/oferta/pokoj-brodno-warszawa-CID3-ID1bXuzN.html?search_reason=search%7Corganic
1093717468,[Polinezyjska 2] [Metro Imielin] Pokój nr 1,Ursynów,1000,false,https://www.olx.pl/d/oferta/polinezyjska-2-metro-imielin-pokoj-nr-1-CID3-ID1c17Sk.html?search_reason=search%7Corganic
1098597383,Pokój jednoosobowy ul. Polki / Ursynów,Ursynów,1300,false,https://www.olx.pl/d/oferta/pokoj-jednoosobowy-ul-polki-ursynow-CID3-ID1clBmD.html?search_reason=search%7Corganic
1098026458,BIELANY pokój z balkonem,Bielany,1150,false,https://www.olx.pl/d/oferta/bielany-pokoj-z-balkonem-CID3-ID1cjcQa.html?search_reason=search%7Corganic
1095923396,Pokój | Conrada 18 | metro Wawrzyszew 2km | BEZ PROWIZJI | od 30.09 | 507,Śródmieście,1090,false,https://www.olx.pl/d/oferta/pokoj-conrada-18-metro-wawrzyszew-2km-bez-prowizji-od-30-09-507-CID3-ID1canJO.html?search_reason=search%7Corganic
1096766049,Wynajmę pokój Metro Płocka,Śródmieście,1500,false,https://www.olx.pl/d/oferta/wynajme-pokoj-metro-plocka-CID3-ID1cdUVZ.html?search_reason=search%7Corganic
1094721472,750 zł месяц NEW Akademik Варшава Есть бассейн. Хостел Hostel Warszawa,Wesoła,750,false,https://www.olx.pl/d/oferta/750-zl-new-akademik-hostel-warszawa-CID3-ID1c5l3V.html?search_reason=search%7Corganic
1096484837,"Pokój do wynajęcia, Lwowska 9, blisko Politechniki",Śródmieście,1200,false,https://www.olx.pl/d/oferta/pokoj-do-wynajecia-lwowska-9-blisko-politechniki-CID3-ID1ccJNj.html?search_reason=search%7Corganic
1074390459,"Pokój | Złota 81, Śródmieście | balkon | BEZ PROWIZJI | od 30.09 | 1084",Śródmieście,1490,false,https://www.olx.pl/d/oferta/pokoj-zlota-81-srodmiescie-balkon-bez-prowizji-od-30-09-1084-CID3-ID1aI22n.html?search_reason=search%7Corganic
1096409177,Duży pokój do wynajęcia / 3 min od metra / Bezpośrednio,Bielany,1500,false,https://www.olx.pl/d/oferta/duzy-pokoj-do-wynajecia-3-min-od-metra-bezposrednio-CID3-ID1ccq6Z.html?search_reason=search%7Corganic
1093105295,Pokój | Wita Stwosza 17a | metro Służew 750m | od 30.09 | 782,Mokotów,940,false,https://www.olx.pl/d/oferta/pokoj-wita-stwosza-17a-metro-sluzew-750m-od-30-09-782-CID3-ID1bYyCz.html?search_reason=search%7Cpromoted
1058273256,Pokój jednoosobowy Aleja Prymasa Tysiąclecia (Wola),Wola,1350,false,https://www.olx.pl/d/oferta/pokoj-jednoosobowy-aleja-prymasa-tysiaclecia-wola-CID3-ID19Cpdu.html?search_reason=search%7Cpromoted
1055117141,Przytulny pokój M2 Metro Trocka,Targówek,850,false,https://www.olx.pl/d/oferta/przytulny-pokoj-m2-metro-trocka-CID3-ID19paap.html?search_reason=search%7Cpromoted
1097424037,Pokój przy metrze Imielin dla dziewczyny,Ursynów,1000,false,https://www.olx.pl/d/oferta/pokoj-przy-metrze-imielin-dla-dziewczyny-CID3-ID1cgG7H.html?search_reason=search%7Corganic
1096938317,"Wynajmę ładny, nieprzechodni pokój w trzy pokojowym mieszkaniu BEZ WŁAŚCICIELA.",Ursynów,1290,false,https://www.olx.pl/d/oferta/wynajme-ladny-nieprzechodni-pokoj-w-trzy-pokojowym-mieszkaniu-bez-wlasciciela-CID3-ID1ceDLw.html?search_reason=search%7Corganic
1098901472,"Duży pokój do wynajęcia , Ochota Zwirki Wigury, 10 min do centrum , Blue City",Ochota,1500,false,https://www.olx.pl/d/oferta/duzy-pokoj-do-wynajecia-ochota-zwirki-wigury-10-min-do-centrum-blue-city-CID3-ID1cmSti.html?search_reason=search%7Corganic
1097593780,Pokój - Praga Północ - Targowa - Kamienica - Od 1 października - SWPS,Praga-Północ,1100,false,https://www.olx.pl/d/oferta/pokoj-praga-polnoc-targowa-kamienica-od-1-pazdziernika-swps-CID3-ID1chohu.html?search_reason=search%7Corganic
1097581398,Przytulny pokój w bardzo dobrej lokalizacji z balkonem!!!,Mokotów,1400,false,https://www.olx.pl/d/oferta/przytulny-pokoj-w-bardzo-dobrej-lokalizacji-z-balkonem-CID3-ID1chl3M.html?search_reason=search%7Corganic
1095420973,"Pokój 1os. Dębicka, 8min piechotą do metra Bemowo, cisza, mieszkanie dla pań",Bemowo,1190,false,https://www.olx.pl/d/oferta/pokoj-1os-debicka-8min-piechota-do-metra-bemowo-cisza-mieszkanie-dla-pan-CID3-ID1c8h2d.html?search_reason=search%7Corganic
1096490694,750 zł  miesiąc! -Nowy akademik Warszawa Mokotów Wilanów !,Mokotów,750,false,https://www.olx.pl/d/oferta/750-zl-miesiac-nowy-akademik-warszawa-mokotow-wilanow-CID3-ID1ccLjM.html?search_reason=search%7Corganic
762893965,"Cypryjska 26 | Mokotów | Duży pokój 25 m2 dla dwóch osób | SGGW, SGH | wolne od 06.09",Mokotów,1900,false,https://www.olx.pl/d/oferta/cypryjska-26-mokotow-duzy-pokoj-25-m2-dla-dwoch-osob-sggw-sgh-wolne-od-06-09-CID3-IDPD1zn.html?search_reason=search%7Corganic
1095963432,"Pokój 1-os. przy Metrze Imielin i SGGW | ul. Magellana | 3 pokoje, bez właściciela",Ursynów,1590,false,https://www.olx.pl/d/oferta/pokoj-1-os-przy-metrze-imielin-i-sggw-ul-magellana-3-pokoje-bez-wlasciciela-CID3-ID1cay9y.html?search_reason=search%7Corganic
1096112153,Pokój w pobliżu AWF,Bielany,1200,false,https://www.olx.pl/d/oferta/pokoj-w-poblizu-awf-CID3-ID1cbaQh.html?search_reason=search%7Corganic
1073854154,Pokój - Mokotów - Zwierzyniecka - Wysoki standard - Od 10 października,Mokotów,1300,false,https://www.olx.pl/d/oferta/pokoj-mokotow-zwierzyniecka-wysoki-standard-od-10-pazdziernika-CID3-ID1aFMvi.html?search_reason=search%7Cpromoted
1094876493,pokój przy metrze Kabaty ( bez prowizji ),Ursynów,1100,false,https://www.olx.pl/d/oferta/pokoj-przy-metrze-kabaty-bez-prowizji-CID3-ID1c5Zoh.html?search_reason=search%7Cpromoted
1091568234,"Pokój | Wita Stwosza 44, Mokotów | balkon | BEZ PROWIZJI | od 30.09 | 1355",Mokotów,1190,false,https://www.olx.pl/d/oferta/pokoj-wita-stwosza-44-mokotow-balkon-bez-prowizji-od-30-09-1355-CID3-ID1bS6Lg.html?search_reason=search%7Cpromoted
1097984934,"Piękny pokój jednoosobowy, ul. Meksykańska, SASKA KĘPA!",Praga-Południe,1400,false,https://www.olx.pl/d/oferta/piekny-pokoj-jednoosobowy-ul-meksykanska-saska-kepa-CID3-ID1cj22q.html?search_reason=search%7Corganic
1098351135,"Wynajmę ładny, nieprzechodni pokój w trzy pokojowym mieszkaniu",Ursynów,1290,false,https://www.olx.pl/d/oferta/wynajme-ladny-nieprzechodni-pokoj-w-trzy-pokojowym-mieszkaniu-CID3-ID1ckziT.html?search_reason=search%7Corganic
1093357367,"Jasny pokój 10 m² - blisko WAT, internet 600 Mb | od 1.10",Bemowo,1350,false,https://www.olx.pl/d/oferta/jasny-pokoj-10-m-blisko-wat-internet-600-mb-od-1-10-CID3-ID1bZCcf.html?search_reason=search%7Corganic
1096365044,Pokój 1-2-osobowy ul.Radzymińska Warszawa,Praga-Północ,1300,true,https://www.olx.pl/d/oferta/pokoj-1-2-osobowy-ul-radzyminska-warszawa-CID3-ID1cceDa.html?search_reason=search%7Corganic
702699668,"Grzegorzewskiej 2 | Ursynów | Duża szafa przesuwna z lustrem | SGGW, Vistula, SGH, WUM, UW, PW, PJATK| wolne od zaraz",Ursynów,1290,false,https://www.olx.pl/d/oferta/grzegorzewskiej-2-ursynow-duza-szafa-przesuwna-z-lustrem-sggw-vistula-sgh-wum-uw-pw-pjatk-wolne-od-zaraz-CID3-IDLyshC.html?search_reason=search%7Corganic
1097807239,Wynajmę pokój na Targówku na ulicy Suwalskiej,Targówek,1000,false,https://www.olx.pl/d/oferta/wynajme-pokoj-na-targowku-na-ulicy-suwalskiej-CID3-ID1cihOn.html?search_reason=search%7Corganic
1095923771,Pokój | Czerniakowska 30 | Uczelnia Medyczna 600m | od 30.09 | 516,Mokotów,1290,false,https://www.olx.pl/d/oferta/pokoj-czerniakowska-30-uczelnia-medyczna-600m-od-30-09-516-CID3-ID1canPR.html?search_reason=search%7Corganic
1098699931,Pokój z balkonem w Warszawie ul. Jana Kazimierza,Wola,1350,false,https://www.olx.pl/d/oferta/pokoj-z-balkonem-w-warszawie-ul-jana-kazimierza-CID3-ID1cm22D.html?search_reason=search%7Corganic
1098551100,Pokój 1-osobowy w mieszkaniu 4 pokojowym na Mokotowie,Mokotów,1200,false,https://www.olx.pl/d/oferta/pokoj-1-osobowy-w-mieszkaniu-4-pokojowym-na-mokotowie-CID3-ID1clpk8.html?search_reason=search%7Corganic
1097916453,"Duży pokój z balkonem 16m2, DLA PARY lub JEDNEJ OSOBY, ul. Srebrna 10, zwierzaki ok, centrum, Internet",Śródmieście,2200,false,https://www.olx.pl/d/oferta/duzy-pokoj-z-balkonem-16m2-dla-pary-lub-jednej-osoby-ul-srebrna-10-zwierzaki-ok-centrum-internet-CID3-ID1ciKdT.html?search_reason=search%7Corganic
1080440288,Pokój | Gąbińska 18 | metro Marymont 850m | BEZ PROWIZJI | od zaraz | 877,Bielany,1190,false,https://www.olx.pl/d/oferta/pokoj-gabinska-18-metro-marymont-850m-bez-prowizji-od-zaraz-877-CID3-ID1b7pSg.html?search_reason=search%7Cpromoted
1097594550,Pokoje do wynajęcia – Warszawa - Al. Wilanowska – Galeria Mokotów – WUM,Mokotów,1200,false,https://www.olx.pl/d/oferta/pokoje-do-wynajecia-warszawa-al-wilanowska-galeria-mokotow-wum-CID3-ID1chotU.html?search_reason=search%7Cpromoted
1091534899,Pokój | Czumy 4 | metro Bemowo 700m | BEZ PROWIZJI | od 30.09 | 1106,Bemowo,990,false,https://www.olx.pl/d/oferta/pokoj-czumy-4-metro-bemowo-700m-bez-prowizji-od-30-09-1106-CID3-ID1bRY5B.html?search_reason=search%7Cpromoted
1096841521,Nowoczesny pokój 1-os. przy PKP Kasprzaka | Metro Rondo Daszyńskiego!,Wola,1200,false,https://www.olx.pl/d/oferta/nowoczesny-pokoj-1-os-przy-pkp-kasprzaka-metro-rondo-daszynskiego-CID3-ID1ceeAh.html?search_reason=search%7Corganic
1074391043,"Pokój | Zamiany 15, Ursynów | BEZ PROWIZJI | od zaraz | 1117",Ursynów,1070,false,https://www.olx.pl/d/oferta/pokoj-zamiany-15-ursynow-bez-prowizji-od-zaraz-1117-CID3-ID1aI2bN.html?search_reason=search%7Corganic
1096490707,750 злотых месяц проживания Новое общежитие Хостел  Wilanów,Wilanów,750,false,https://www.olx.pl/d/oferta/750-wilanow-CID3-ID1ccLjZ.html?search_reason=search%7Corganic
1096509073,Pokój w okolicy metra Dworzec Wileński od 1.10. dla mężczyzny,Praga-Północ,1128,false,https://www.olx.pl/d/oferta/pokoj-w-okolicy-metra-dworzec-wilenski-od-1-10-dla-mezczyzny-CID3-ID1ccQ6d.html?search_reason=search%7Corganic
1090826709,Pokój | Grodkowska 6 | metro Ulrychów 650m | BEZ PROWIZJI | od zaraz | 410,Bemowo,1090,false,https://www.olx.pl/d/oferta/pokoj-grodkowska-6-metro-ulrychow-650m-bez-prowizji-od-zaraz-410-CID3-ID1bOZRb.html?search_reason=search%7Corganic
1098814480,Pokój z balkonem na zielonych bielanach.,Bielany,1300,false,https://www.olx.pl/d/oferta/pokoj-z-balkonem-na-zielonych-bielanach-CID3-ID1cmwQc.html?search_reason=search%7Corganic
1094535091,"Pokój 1osobowy Gocław - szybki dojazd Metro Politechnika, SWPS, SGGW, Centrum",Praga-Południe,900,false,https://www.olx.pl/d/oferta/pokoj-1osobowy-goclaw-szybki-dojazd-metro-politechnika-swps-sggw-centrum-CID3-ID1c4yzN.html?search_reason=search%7Corganic
1098504081,Do wynajęcia przytulny pokój przy metrze Wilanowska,Mokotów,1650,false,https://www.olx.pl/d/oferta/do-wynajecia-przytulny-pokoj-przy-metrze-wilanowska-CID3-ID1cld5L.html?search_reason=search%7Corganic
649568455,"Zwierzyniecka 1 | Mokotów | Jasny pokój | SGH, PW, SGGW | wolne od zaraz",Mokotów,1150,false,https://www.olx.pl/d/oferta/zwierzyniecka-1-mokotow-jasny-pokoj-sgh-pw-sggw-wolne-od-zaraz-CID3-IDHXvqz.html?search_reason=search%7Corganic
1095789672,Pokój 1 os. wolny od Zaraz - Włochy - ul. Batalionu AK - Bezpośrednio na UW i PW.,Włochy,799,false,https://www.olx.pl/d/oferta/pokoj-1-os-wolny-od-zaraz-wlochy-ul-batalionu-ak-bezposrednio-na-uw-i-pw-CID3-ID1c9OVY.html?search_reason=search%7Corganic
1085893428,"Pokój 1-os. na Gocławiu – Nagórskiego 5, blisko CH Promenada",Praga-Południe,650,false,https://www.olx.pl/d/oferta/pokoj-1-os-na-goclawiu-nagorskiego-5-blisko-ch-promenada-CID3-ID1buiu8.html?search_reason=search%7Cpromoted
1094535091,"Pokój 1osobowy Gocław - szybki dojazd Metro Politechnika, SWPS, SGGW, Centrum",Praga-Południe,900,false,https://www.olx.pl/d/oferta/pokoj-1osobowy-goclaw-szybki-dojazd-metro-politechnika-swps-sggw-centrum-CID3-ID1c4yzN.html?search_reason=search%7Cpromoted
930122493,"Pokój 1-os. na Kabatach – Metro M1 i SGGW 17 min, Mielczarskiego 10",Ursynów,900,false,https://www.olx.pl/d/oferta/pokoj-1-os-na-kabatach-metro-m1-i-sggw-17-min-mielczarskiego-10-CID3-ID10VHlH.html?search_reason=search%7Cpromoted
1098081712,Pokój z Balkonem w mieszkaniu 2 pokojowym. Zacisze-Wilno,Targówek,1950,false,https://www.olx.pl/d/oferta/pokoj-z-balkonem-w-mieszkaniu-2-pokojowym-zacisze-wilno-CID3-ID1cjrdm.html?search_reason=search%7Corganic
1097995670,pokój do wynajecia ul Olbrachta 3,Wola,1600,false,https://www.olx.pl/d/oferta/pokoj-do-wynajecia-ul-olbrachta-3-CID3-ID1cj4PA.html?search_reason=search%7Corganic
1092606108,Pokój do wynajęcia | Bielany | Metro Młociny | UKSW | AWF | Galeria Młociny,Bielany,1450,false,https://www.olx.pl/d/oferta/pokoj-do-wynajecia-bielany-metro-mlociny-uksw-awf-galeria-mlociny-CID3-ID1bVsLa.html?search_reason=search%7Corganic
1098333600,Pokój po remoncie | Metro Kondratowicza 7min | tylko 2 osoby | Bez prowizji,Targówek,1400,false,https://www.olx.pl/d/oferta/pokoj-po-remoncie-metro-kondratowicza-7min-tylko-2-osoby-bez-prowizji-CID3-ID1ckuK4.html?search_reason=search%7Corganic
1094543024,"Pokój 1osobowy Gocław - szybki dojazd Metro Politechnika, SWPS, SGGW, Centrum",Praga-Południe,980,false,https://www.olx.pl/d/oferta/pokoj-1osobowy-goclaw-szybki-dojazd-metro-politechnika-swps-sggw-centrum-CID3-ID1c4ADK.html?search_reason=search%7Corganic
1097783607,"Pokój do wynajęcia, tylko panie, Kondratowicza, 1400 PLN (wszystkie opłaty)",Targówek,1400,false,https://www.olx.pl/d/oferta/pokoj-do-wynajecia-tylko-panie-kondratowicza-1400-pln-wszystkie-oplaty-CID3-ID1cibFd.html?search_reason=search%7Corganic
1092610452,Pokój do wynajęcia | Bielany | metro Młociny | UKSW | AWF | galeria Młociny,Bielany,1520,false,https://www.olx.pl/d/oferta/pokoj-do-wynajecia-bielany-metro-mlociny-uksw-awf-galeria-mlociny-CID3-ID1bVtTe.html?search_reason=search%7Corganic
1098431173,"Pokój jednoosobowy, Ursynów! Metro!",Ursynów,1395,false,https://www.olx.pl/d/oferta/pokoj-jednoosobowy-ursynow-metro-CID3-ID1ckU7P.html?search_reason=search%7Corganic
1097690689,"Pokój 1 - osobowy do wynajęcia – Warszawa Wola, ul. Olbrachta 62",Wola,1400,false,https://www.olx.pl/d/oferta/pokoj-1-osobowy-do-wynajecia-warszawa-wola-ul-olbrachta-62-CID3-ID1chNux.html?search_reason=search%7Corganic
1097993050,"Od dzisiaj pokój do wynajęcia,  Sadyba Mokotów,  25 min do Vistuli",Mokotów,1500,false,https://www.olx.pl/d/oferta/od-dzisiaj-pokoj-do-wynajecia-sadyba-mokotow-25-min-do-vistuli-CID3-ID1cj49k.html?search_reason=search%7Corganic
952189053,Przytulny pokój z balkonem I Warszawa- Wola ul. Spiska I wolny od 22.09.2026,Ochota,1400,false,https://www.olx.pl/d/oferta/przytulny-pokoj-z-balkonem-i-warszawa-wola-ul-spiska-i-wolny-od-22-09-2026-CID3-ID12rhRX.html?search_reason=search%7Cpromoted
1097545226,2-pokojowa prywatna przestrzeń/ 31m/ w mieszkaniu studenckim dla 2 osób / pary – przy samym METRZE!,Bemowo,1100,false,https://www.olx.pl/d/oferta/2-pokojowa-prywatna-przestrzen-31m-w-mieszkaniu-studenckim-dla-2-osob-pary-przy-samym-metrze-CID3-ID1chbEm.html?search_reason=search%7Cpromoted
1097937296,Mam do wynajęcia pokój dla niepalącej Polki,Targówek,1300,false,https://www.olx.pl/d/oferta/mam-do-wynajecia-pokoj-dla-niepalacej-polki-CID3-ID1ciPE4.html?search_reason=search%7Cpromoted
1093099802,"Komfortowy pokój 1-osobowy Z BALKONEM, ul. Koszykowa / metro Politechnika",Śródmieście,1600,false,https://www.olx.pl/d/oferta/komfortowy-pokoj-1-osobowy-z-balkonem-ul-koszykowa-metro-politechnika-CID3-ID1bYxbY.html?search_reason=search%7Corganic
1095930382,"[Na 1 msc] | Twarda 44, Śródmieście | BEZ PROWIZJI | od 30.09 | 1241",Śródmieście,1690,false,https://www.olx.pl/d/oferta/na-1-msc-twarda-44-srodmiescie-bez-prowizji-od-30-09-1241-CID3-ID1capyu.html?search_reason=search%7Corganic
1098056514,Pokój do wynajęcia - dla studentki. Warszawa Wola - Metro Księcia Janusza/Ulrychów,Wola,1250,false,https://www.olx.pl/d/oferta/pokoj-do-wynajecia-dla-studentki-warszawa-wola-metro-ksiecia-janusza-ulrychow-CID3-ID1cjkEV.html?search_reason=search%7Corganic
1097756240,Pokój do wynajęcia Metro Bródno,Targówek,1150,false,https://www.olx.pl/d/oferta/pokoj-do-wynajecia-metro-brodno-CID3-ID1ci4xO.html?search_reason=search%7Corganic
1096842949,Wynajem pokoju Ryżowa Ursus Warszawa,Ursus,1800,false,https://www.olx.pl/d/oferta/wynajem-pokoju-ryzowa-ursus-warszawa-CID3-ID1ceeXj.html?search_reason=search%7Corganic
1091532215,"Pokój | Jasnodworska 12 | metro Słodowiec 1,8km | od zaraz | 1350",Żoliborz,1350,false,https://www.olx.pl/d/oferta/pokoj-jasnodworska-12-metro-slodowiec-1-8km-od-zaraz-1350-CID3-ID1bRXoj.html?search_reason=search%7Corganic
1089931027,Pokój | Bukowińska 8 | metro Wilanowska 500m | od 19.09 | 344,Mokotów,1390,false,https://www.olx.pl/d/oferta/pokoj-bukowinska-8-metro-wilanowska-500m-od-19-09-344-CID3-ID1bLeQH.html?search_reason=search%7Corganic
1096934390,Pokój z łazienką na wyłączność | Wysoki standard |,Rembertów,2300,false,https://www.olx.pl/d/oferta/pokoj-z-lazienka-na-wylacznosc-wysoki-standard-CID3-ID1ceCKa.html?search_reason=search%7Corganic
1096384650,"Pokój | Katalońska 7, Mokotów | balkon | BEZ PROWIZJI | od zaraz | 1663",Mokotów,1350,false,https://www.olx.pl/d/oferta/pokoj-katalonska-7-mokotow-balkon-bez-prowizji-od-zaraz-1663-CID3-ID1ccjJo.html?search_reason=search%7Corganic
1098221681,Pokój Praga-Północ,Praga-Północ,1000,false,https://www.olx.pl/d/oferta/pokoj-praga-polnoc-CID3-ID1ck1CW.html?search_reason=search%7Corganic
1092937512,Pokój 1 os. wolny od zaraz - Metro Arsenał - Śródmieście - Nowolipki. Super lokalizacja :),Wola,999,false,https://www.olx.pl/d/oferta/pokoj-1-os-wolny-od-zaraz-metro-arsenal-srodmiescie-nowolipki-super-lokalizacja-CID3-ID1bXQYo.html?search_reason=search%7Cpromoted
1096212539,"Czerniakowska 22 | Mokotów | Pokój z balkonem | SGH, PW, VISTULA | wolne od 18.09",Mokotów,1550,false,https://www.olx.pl/d/oferta/czerniakowska-22-mokotow-pokoj-z-balkonem-sgh-pw-vistula-wolne-od-18-09-CID3-ID1cbAXp.html?search_reason=search%7Cpromoted
1097562602,Wynajmę pokój w domu jednorodzinnym,Targówek,1700,true,https://www.olx.pl/d/oferta/wynajme-pokoj-w-domu-jednorodzinnym-CID3-ID1chgaC.html?search_reason=search%7Cpromoted
1096332514,Pokój do wynajęcia,Wola,1400,false,https://www.olx.pl/d/oferta/pokoj-do-wynajecia-CID3-ID1cc6au.html?search_reason=search%7Corganic
1096063977,Wynajmę pokój jednoosobowy,Praga-Południe,1000,false,https://www.olx.pl/d/oferta/wynajme-pokoj-jednoosobowy-CID3-ID1caYjf.html?search_reason=search%7Corganic
1096948283,"Pokój na Ursynowie 21m2 + balkon wynajmę. Metro Stokłosy, SGGW",Ursynów,1870,false,https://www.olx.pl/d/oferta/pokoj-na-ursynowie-21m2-balkon-wynajme-metro-stoklosy-sggw-CID3-ID1ceGmf.html?search_reason=search%7Corganic
1095929433,"Pokój | Kaliska 1, Ochota | BEZ PROWIZJI | od 30.09 | 1220",Ochota,1240,false,https://www.olx.pl/d/oferta/pokoj-kaliska-1-ochota-bez-prowizji-od-30-09-1220-CID3-ID1capjb.html?search_reason=search%7Corganic
1098832371,Piękny pokój 15 min. od CENTRUM! SASKA KĘPA! Miejsce parkingowe!,Praga-Południe,1100,false,https://www.olx.pl/d/oferta/piekny-pokoj-15-min-od-centrum-saska-kepa-miejsce-parkingowe-CID3-ID1cmAuL.html?search_reason=search%7Corganic
1082150998,Do wynajęcia pokój dla młodej osoby,Praga-Południe,900,false,https://www.olx.pl/d/oferta/do-wynajecia-pokoj-dla-mlodej-osoby-CID3-ID1beAUm.html?search_reason=search%7Corganic
1098411824,pokój do wynajęcia rondo ONZ,Wola,1100,false,https://www.olx.pl/d/oferta/pokoj-do-wynajecia-rondo-onz-CID3-ID1ckP5K.html?search_reason=search%7Corganic
1098783854,Super komfortowy pokój 25m dla 1 osoby lub pary Bemowo WAT bez prowizji,Bemowo,1800,false,https://www.olx.pl/d/oferta/super-komfortowy-pokoj-25m-dla-1-osoby-lub-pary-bemowo-wat-bez-prowizji-CID3-ID1cmnSe.html?search_reason=search%7Corganic
1097741635,Do wynajęcia pokój w mieszkaniu 3 pokojowym przy ul. Balzaka (w pobliżu ul. Sokratesa),Bielany,1100,false,https://www.olx.pl/d/oferta/do-wynajecia-pokoj-w-mieszkaniu-3-pokojowym-przy-ul-balzaka-w-poblizu-ul-sokratesa-CID3-ID1ci0Kf.html?search_reason=search%7Corganic
1095874008,790 злотых месяц проживания Общежитие! Хостел Hostel Warszawa Mokotów.,Mokotów,750,false,https://www.olx.pl/d/oferta/790-hostel-warszawa-mokotow-CID3-ID1caaTe.html?search_reason=search%7Corganic
1076027513,"Pokój | Wrzeciono 55, Bielany | balkon | BEZ PROWIZJI | od zaraz | 1169",Bielany,1090,false,https://www.olx.pl/d/oferta/pokoj-wrzeciono-55-bielany-balkon-bez-prowizji-od-zaraz-1169-CID3-ID1aOTUt.html?search_reason=search%7Cpromoted
1093715250,[Wąwozowa 4] [Metro Kabaty] Pokój nr 3,Ursynów,1000,false,https://www.olx.pl/d/oferta/wawozowa-4-metro-kabaty-pokoj-nr-3-CID3-ID1c17iy.html?search_reason=search%7Cpromoted
1097916453,"Duży pokój z balkonem 16m2, DLA PARY lub JEDNEJ OSOBY, ul. Srebrna 10, zwierzaki ok, centrum, Internet",Śródmieście,2200,false,https://www.olx.pl/d/oferta/duzy-pokoj-z-balkonem-16m2-dla-pary-lub-jednej-osoby-ul-srebrna-10-zwierzaki-ok-centrum-internet-CID3-ID1ciKdT.html?search_reason=search%7Cpromoted
997953325,"pokój w centrum, ul. Marszałkowska przy metro Politechnika",Śródmieście,1360,false,https://www.olx.pl/d/oferta/pokoj-w-centrum-ul-marszalkowska-przy-metro-politechnika-CID3-ID15xjfn.html?search_reason=search%7Corganic
1098813940,Wynajmę przytulny pokój na Bielanach – ul. Wrzeciono 12B (blisko Metra),Bielany,1300,false,https://www.olx.pl/d/oferta/wynajme-przytulny-pokoj-na-bielanach-ul-wrzeciono-12b-blisko-metra-CID3-ID1cmwHu.html?search_reason=search%7Corganic
1094038681,750 zł месяц- новое VIP общежитие. Хостел Hostel Włochy|Mokotów|Ochota,Włochy,750,false,https://www.olx.pl/d/oferta/750-zl-vip-hostel-wlochy-mokotow-ochota-CID3-ID1c2trb.html?search_reason=search%7Corganic
1093156390,Duży pokój 1 osobowy na Mokotowie | blisko SGGW i Mordoru | Dobra komunikacja | Sozopolska 1,Mokotów,1210,false,https://www.olx.pl/d/oferta/duzy-pokoj-1-osobowy-na-mokotowie-blisko-sggw-i-mordoru-dobra-komunikacja-sozopolska-1-CID3-ID1bYLUG.html?search_reason=search%7Corganic
1005495455,Nowoczesny pok 2-os Metro Wawrzyszew Wifi 1GB od 30 września,Bielany,1300,false,https://www.olx.pl/d/oferta/nowoczesny-pok-2-os-metro-wawrzyszew-wifi-1gb-od-30-wrzesnia-CID3-ID162XiD.html?search_reason=search%7Corganic
1098287540,Pokój 6m Konstancińska Sadyba Mokotów,Mokotów,1100,false,https://www.olx.pl/d/oferta/pokoj-6m-konstancinska-sadyba-mokotow-CID3-ID1ckiLa.html?search_reason=search%7Corganic
1095117489,Przytulny Pokój Obok Łazarskiego i Metra Wilanowska - Zadzwoń,Mokotów,1450,false,https://www.olx.pl/d/oferta/przytulny-pokoj-obok-lazarskiego-i-metra-wilanowska-zadzwon-CID3-ID1c705j.html?search_reason=search%7Corganic
1097309690,Pokój na wynajem Warszawa,Mokotów,1000,false,https://www.olx.pl/d/oferta/pokoj-na-wynajem-warszawa-CID3-ID1cgcno.html?search_reason=search%7Corganic
1085404293,"Do wynajęcia 2 pokoje dla studentek – blisko WUM (2km), ul.Woronicza 80",Ochota,1900,false,https://www.olx.pl/d/oferta/do-wynajecia-2-pokoje-dla-studentek-blisko-wum-2km-ul-woronicza-80-CID3-ID1bsfeR.html?search_reason=search%7Corganic
1098720052,Pokój dla studenta ul. Grochowska 304 blisko SWPS,Praga-Południe,1500,true,https://www.olx.pl/d/oferta/pokoj-dla-studenta-ul-grochowska-304-blisko-swps-CID3-ID1cm7ha.html?search_reason=search%7Corganic
1078907476,2 min. do Metra Wawrzyszew - Pokój 1 os. wolny od zaraz - Bielany - ul. Dantego.,Bielany,960,false,https://www.olx.pl/d/oferta/2-min-do-metra-wawrzyszew-pokoj-1-os-wolny-od-zaraz-bielany-ul-dantego-CID3-ID1b0Z7u.html?search_reason=search%7Cpromoted
1094385889,Komfortowy Pokój 1-os. Cytrynowy | Spokój i Porządek | WAT | ul. Lazurowa | Metro Chrzanów | Bemowo | Bezpośrednio,Bemowo,1220,false,https://www.olx.pl/d/oferta/komfortowy-pokoj-1-os-cytrynowy-spokoj-i-porzadek-wat-ul-lazurowa-metro-chrzanow-bemowo-bezposrednio-CID3-ID1c3WLj.html?search_reason=search%7Cpromoted
1085738310,"Pokój 9,9 m² | Prałatowska 8, Targówek | BEZ PROWIZJI | od zaraz | 933",Targówek,1250,false,https://www.olx.pl/d/oferta/pokoj-9-9-m-pralatowska-8-targowek-bez-prowizji-od-zaraz-933-CID3-ID1btE8e.html?search_reason=search%7Cpromoted
1097020551,Pokój z balkonem przy metrze Wawrzyszew,Bielany,1400,false,https://www.olx.pl/d/oferta/pokoj-z-balkonem-przy-metrze-wawrzyszew-CID3-ID1ceZ9R.html?search_reason=search%7Corganic
1097364883,Pokój jednoosobowy – WSZYSTKIE OPŁATY W CENIE,Praga-Północ,1750,false,https://www.olx.pl/d/oferta/pokoj-jednoosobowy-wszystkie-oplaty-w-cenie-CID3-ID1cgqJB.html?search_reason=search%7Corganic
1096291496,Przytulny pokój 12 m² | Metro Trocka 8 min | Nowoczesne mieszkanie | 1250 zł,Targówek,1250,false,https://www.olx.pl/d/oferta/przytulny-pokoj-12-m-metro-trocka-8-min-nowoczesne-mieszkanie-1250-zl-CID3-ID1cbWuU.html?search_reason=search%7Corganic
1095924298,Pokój | Ostrobramska 118A | balkon | BEZ PROWIZJI | od 30.09 | 623,Praga-Południe,1290,false,https://www.olx.pl/d/oferta/pokoj-ostrobramska-118a-balkon-bez-prowizji-od-30-09-623-CID3-ID1canYm.html?search_reason=search%7Corganic
1096003003,Wynajmę pokój 18m Ursynów Stokłosy,Ursynów,1350,false,https://www.olx.pl/d/oferta/wynajme-pokoj-18m-ursynow-stoklosy-CID3-ID1caIrN.html?search_reason=search%7Corganic
1097413066,750 злотых месяц проживания- общежитие Варшава! Hostel!,Mokotów,750,false,https://www.olx.pl/d/oferta/750-hostel-CID3-ID1cgDgK.html?search_reason=search%7Corganic
1098683052,Duży 12m2 przytulny 1 os. Pokój z prywatną lodówką w kameralnym 3-pokojowym mieszkaniu | Praga Płd | Zamieniecka 87,Praga-Południe,1330,true,https://www.olx.pl/d/oferta/duzy-12m2-przytulny-1-os-pokoj-z-prywatna-lodowka-w-kameralnym-3-pokojowym-mieszkaniu-praga-pld-zamieniecka-87-CID3-ID1clXEo.html?search_reason=search%7Corganic
1085893428,"Pokój 1-os. na Gocławiu – Nagórskiego 5, blisko CH Promenada",Praga-Południe,650,false,https://www.olx.pl/d/oferta/pokoj-1-os-na-goclawiu-nagorskiego-5-blisko-ch-promenada-CID3-ID1buiu8.html?search_reason=search%7Corganic
1014271611,"Pokój 1-os. na Bemowie – Widawska 7, blisko Fortu Bema i Galerii Bemowo",Bemowo,900,false,https://www.olx.pl/d/oferta/pokoj-1-os-na-bemowie-widawska-7-blisko-fortu-bema-i-galerii-bemowo-CID3-ID16DMnx.html?search_reason=search%7Corganic
1096970628,"Duzy, pokój „Miętowy relax”  dla dziewczyn Siedmiogrodzka przy metrze daszynskiego",Wola,1730,false,https://www.olx.pl/d/oferta/duzy-pokoj-mietowy-relax-dla-dziewczyn-siedmiogrodzka-przy-metrze-daszynskiego-CID3-ID1ceMaE.html?search_reason=search%7Corganic
1093117047,"Pokój | Koncertowa 3/5, Ursynów | BEZ PROWIZJI | od 19.09 | 1114",Ursynów,990,false,https://www.olx.pl/d/oferta/pokoj-koncertowa-3-5-ursynow-bez-prowizji-od-19-09-1114-CID3-ID1bYBG7.html?search_reason=search%7Cpromoted
1097557373,Pokój do wynajęcia,Ochota,1700,false,https://www.olx.pl/d/oferta/pokoj-do-wynajecia-CID3-ID1cheOh.html?search_reason=search%7Cpromoted
966060045,Nowy pokój do wynajęcia. Klimatyzacja. AIR COND,Wola,2100,false,https://www.olx.pl/d/oferta/nowy-pokoj-do-wynajecia-klimatyzacja-air-cond-CID3-ID13nulD.html?search_reason=search%7Cpromoted
1093725229,[Pasaż Ursynowski 9] [Metro Stokłosy] Pokój nr 5,Ursynów,1300,false,https://www.olx.pl/d/oferta/pasaz-ursynowski-9-metro-stoklosy-pokoj-nr-5-CID3-ID1c19Tw.html?search_reason=search%7Corganic
1093106167,"Ładny pokój 1-osobowy Z BALKONEM, al. Solidarności, metro Dworzec Wileński",Praga-Północ,1500,false,https://www.olx.pl/d/oferta/ladny-pokoj-1-osobowy-z-balkonem-al-solidarnosci-metro-dworzec-wilenski-CID3-ID1bYyQD.html?search_reason=search%7Corganic
1096110658,Pokój do wynajęcia ul. Urle | Warszawa,Mokotów,1800,false,https://www.olx.pl/d/oferta/pokoj-do-wynajecia-ul-urle-warszawa-CID3-ID1cbasa.html?search_reason=search%7Corganic
1093507728,"Duży, słoneczny, b. duża szafa, ul. Sobieskiego / Burgaska, blisko SGGW, 18 min. do Politechnika, bezpośrednio od właściciela, bez prowizji",Ursynów,1320,false,https://www.olx.pl/d/oferta/duzy-sloneczny-b-duza-szafa-ul-sobieskiego-burgaska-blisko-sggw-18-min-do-politechnika-bezposrednio-od-wlasciciela-bez-prowizji-CID3-ID1c0fjq.html?search_reason=search%7Corganic
1089523158,Nowy akademik Warszawa Mokotów Ursynów Wilanów. Хостел. Hostel Warszaw,Mokotów,750,false,https://www.olx.pl/d/oferta/nowy-akademik-warszawa-mokotow-ursynow-wilanow-hostel-warszaw-CID3-ID1bJvKa.html?search_reason=search%7Corganic
1094960262,Pokój na ursynowie,Ursynów,1400,false,https://www.olx.pl/d/oferta/pokoj-na-ursynowie-CID3-ID1c6lbo.html?search_reason=search%7Corganic
1088187638,(od zaraz) Pokój 1 osobowy na Mokotowie - ul. Czerniakowska 36,Mokotów,990,false,https://www.olx.pl/d/oferta/od-zaraz-pokoj-1-osobowy-na-mokotowie-ul-czerniakowska-36-CID3-ID1bDWjv.html?search_reason=search%7Corganic
1095928857,"Pokój | Egejska 4, Mokotów | balkon | BEZ PROWIZJI | od 30.09 | 673",Mokotów,1290,false,https://www.olx.pl/d/oferta/pokoj-egejska-4-mokotow-balkon-bez-prowizji-od-30-09-673-CID3-ID1cap9T.html?search_reason=search%7Corganic
1078901340,"Pokój | Marymoncka 153 | metro Młociny 1,4km | od zaraz | 643",Bielany,1020,false,https://www.olx.pl/d/oferta/pokoj-marymoncka-153-metro-mlociny-1-4km-od-zaraz-643-CID3-ID1b0Xvv.html?search_reason=search%7Corganic
1093690581,"Nowy pokój dla DZIEWCZYNY przy WUM, Politechnika, UW, Lotnisko",Ochota,1650,false,https://www.olx.pl/d/oferta/nowy-pokoj-dla-dziewczyny-przy-wum-politechnika-uw-lotnisko-CID3-ID1c10SF.html?search_reason=search%7Corganic
1096212539,"Czerniakowska 22 | Mokotów | Pokój z balkonem | SGH, PW, VISTULA | wolne od 18.09",Mokotów,1550,false,https://www.olx.pl/d/oferta/czerniakowska-22-mokotow-pokoj-z-balkonem-sgh-pw-vistula-wolne-od-18-09-CID3-ID1cbAXp.html?search_reason=search%7Cpromoted
1097562602,Wynajmę pokój w domu jednorodzinnym,Targówek,1700,true,https://www.olx.pl/d/oferta/wynajme-pokoj-w-domu-jednorodzinnym-CID3-ID1chgaC.html?search_reason=search%7Cpromoted
1079677099,"POKÓJ do wynajęcia– WARSZAWA, UL. Szolc-Rogozińskiego 5",Ursynów,1200,false,https://www.olx.pl/d/oferta/pokoj-do-wynajecia-warszawa-ul-szolc-rogozinskiego-5-CID3-ID1b4dkL.html?search_reason=search%7Cpromoted
1088050626,Wynajmę pokój w  mieszkaniu  trzy pokojowym,Mokotów,1800,false,https://www.olx.pl/d/oferta/wynajme-pokoj-w-mieszkaniu-trzy-pokojowym-CID3-ID1bDlFE.html?search_reason=search%7Corganic
1096830966,Pokój do wynajęcia - Warszawa przy stacji Metro Kondratowicza,Targówek,1400,false,https://www.olx.pl/d/oferta/pokoj-do-wynajecia-warszawa-przy-stacji-metro-kondratowicza-CID3-ID1cebQ2.html?search_reason=search%7Corganic
1083949000,"Pokój | Capri 4, Mokotów | balkon | BEZ PROWIZJI | od zaraz | 433",Mokotów,1190,false,https://www.olx.pl/d/oferta/pokoj-capri-4-mokotow-balkon-bez-prowizji-od-zaraz-433-CID3-ID1bm8Eo.html?search_reason=search%7Corganic
1096528768,"pokój jednoosobowy blisko Domaniewska, metro, uniwersytety, większość opłat w cenie, dodatkowo tylko prąd",Mokotów,1520,false,https://www.olx.pl/d/oferta/pokoj-jednoosobowy-blisko-domaniewska-metro-uniwersytety-wiekszosc-oplat-w-cenie-dodatkowo-tylko-prad-CID3-ID1ccWdS.html?search_reason=search%7Corganic
1097201462,Oddzielny pokój blisko metra,Mokotów,1000,false,https://www.olx.pl/d/oferta/oddzielny-pokoj-blisko-metra-CID3-ID1cfKdM.html?search_reason=search%7Corganic
1098915664,"Wynajmę pokój w centrum Warszawy, Al. Jana Pawła II /róg Grzybowskiej, wszędzie blisko,",Śródmieście,1550,false,https://www.olx.pl/d/oferta/wynajme-pokoj-w-centrum-warszawy-al-jana-pawla-ii-rog-grzybowskiej-wszedzie-blisko-CID3-ID1cmVac.html?search_reason=search%7Corganic
1084720030,Pokój | Al. Solidarności 75 | metro Ratusz Arsenał 220m | od 25.09 | 295,Śródmieście,1290,false,https://www.olx.pl/d/oferta/pokoj-al-solidarnosci-75-metro-ratusz-arsenal-220m-od-25-09-295-CID3-ID1bpnem.html?search_reason=search%7Corganic
1090259830,Pokój | Targowa 61 | metro Dworzec Wileński 56m | od 25.09 | 185,Praga-Północ,1190,false,https://www.olx.pl/d/oferta/pokoj-targowa-61-metro-dworzec-wilenski-56m-od-25-09-185-CID3-ID1bMCnY.html?search_reason=search%7Corganic
1097140775,"Tani pokój w doskonałej lokalizacji – Majdańska 5, Praga Południe | 1300 zł total",Praga-Południe,900,false,https://www.olx.pl/d/oferta/tani-pokoj-w-doskonalej-lokalizacji-majdanska-5-praga-poludnie-1300-zl-total-CID3-ID1cfuqX.html?search_reason=search%7Corganic
581667497,pokój dwosobowy 900 zł/os.,Włochy,1800,false,https://www.olx.pl/d/oferta/pokoj-dwosobowy-900-zl-os-CID3-IDDmChP.html?search_reason=search%7Corganic
1076027513,"Pokój | Wrzeciono 55, Bielany | balkon | BEZ PROWIZJI | od zaraz | 1169",Bielany,1090,false,https://www.olx.pl/d/oferta/pokoj-wrzeciono-55-bielany-balkon-bez-prowizji-od-zaraz-1169-CID3-ID1aOTUt.html?search_reason=search%7Cpromoted
1093715250,[Wąwozowa 4] [Metro Kabaty] Pokój nr 3,Ursynów,1000,false,https://www.olx.pl/d/oferta/wawozowa-4-metro-kabaty-pokoj-nr-3-CID3-ID1c17iy.html?search_reason=search%7Cpromoted
1090924112,"Pokój | Nicejska 1 | Szkoła Główna 5,9km | BEZ PROWIZJI | od zaraz | 1600",Mokotów,1140,false,https://www.olx.pl/d/oferta/pokoj-nicejska-1-szkola-glowna-5-9km-bez-prowizji-od-zaraz-1600-CID3-ID1bPpcc.html?search_reason=search%7Cpromoted
1098764037,Wynajmę nieprzechodni pokój w dwupokojowym mieszkaniu na Mokotowie,Mokotów,1400,false,https://www.olx.pl/d/oferta/wynajme-nieprzechodni-pokoj-w-dwupokojowym-mieszkaniu-na-mokotowie-CID3-ID1cmiIB.html?search_reason=search%7Corganic
1093132970,"Studio| Metro Trocka 850 m | 2.340 zł, kod studia KK7",Targówek,1790,false,https://www.olx.pl/d/oferta/studio-metro-trocka-850-m-2-340-zl-kod-studia-kk7-CID3-ID1bYFOV.html?search_reason=search%7Corganic
1097413045,750 злотых месяц Новое общежитие VIP Hostel Warszawa Tani Pokoj!,Ursus,750,false,https://www.olx.pl/d/oferta/750-vip-hostel-warszawa-tani-pokoj-CID3-ID1cgDgp.html?search_reason=search%7Corganic
1078632762,"Pokój 1-os. na Bemowie – Widawska 21, blisko WAT (8 min)",Bemowo,900,false,https://www.olx.pl/d/oferta/pokoj-1-os-na-bemowie-widawska-21-blisko-wat-8-min-CID3-ID1aZPEC.html?search_reason=search%7Corganic
1098029299,"Obozowa 61 pokój przy Lasku na Kole, blisko SKM Koło, 150 m do tramwaju.",Wola,1350,false,https://www.olx.pl/d/oferta/obozowa-61-pokoj-przy-lasku-na-kole-blisko-skm-kolo-150-m-do-tramwaju-CID3-ID1cjdzZ.html?search_reason=search%7Corganic
1095418949,"Cichy pokój 1os. w mieszkaniu dla pań, 7min do metra Ratusz, Nowe Miasto, ul. Bonifraterska 6",Śródmieście,1190,false,https://www.olx.pl/d/oferta/cichy-pokoj-1os-w-mieszkaniu-dla-pan-7min-do-metra-ratusz-nowe-miasto-ul-bonifraterska-6-CID3-ID1c8gwz.html?search_reason=search%7Corganic
1098708079,750 zł miesięcznie – zakwaterowanie w hostelu! Mówimy po  (RU • UA • PL).,Ursus,750,false,https://www.olx.pl/d/oferta/750-zl-miesiecznie-zakwaterowanie-w-hostelu-mowimy-po-ru-ua-pl-CID3-ID1cm4a3.html?search_reason=search%7Corganic
1093555505,2 POKOJE DLA STUDENTEK | blisko UKSW I AWF | Bielany | podwyzszony standard,Bielany,1400,false,https://www.olx.pl/d/oferta/2-pokoje-dla-studentek-blisko-uksw-i-awf-bielany-podwyzszony-standard-CID3-ID1c0rK1.html?search_reason=search%7Corganic
1098692719,"Przestronny 14m2 pokój dla dziewczyny SASKA KĘPA | Wifi, Ogród |",Praga-Południe,1600,false,https://www.olx.pl/d/oferta/przestronny-14m2-pokoj-dla-dziewczyny-saska-kepa-wifi-ogrod-CID3-ID1cm0aj.html?search_reason=search%7Corganic
1096927348,"Przepiękny, przytulny pokój dla dziewczyny - ul. Sobieskiego 70",Mokotów,1250,false,https://www.olx.pl/d/oferta/przepiekny-przytulny-pokoj-dla-dziewczyny-ul-sobieskiego-70-CID3-ID1ceAUA.html?search_reason=search%7Corganic
1090360662,Pokój dwuosobowy w dwupokojowym mieszkaniu - świeżo po remoncie.,Białołęka,1650,false,https://www.olx.pl/d/oferta/pokoj-dwuosobowy-w-dwupokojowym-mieszkaniu-swiezo-po-remoncie-CID3-ID1bN2Ci.html?search_reason=search%7Cpromoted
1097993267,Pokój 1 osobowy 30m2 z aneksem kuchennym i balkonem łózko 160cm wysoki standard,Bielany,2000,false,https://www.olx.pl/d/oferta/pokoj-1-osobowy-30m2-z-aneksem-kuchennym-i-balkonem-lozko-160cm-wysoki-standard-CID3-ID1cj4cP.html?search_reason=search%7Cpromoted
1093932789,[Kopcińskiego 9] [Metro Imielin] Pokój nr 4,Ursynów,900,false,https://www.olx.pl/d/oferta/kopcinskiego-9-metro-imielin-pokoj-nr-4-CID3-ID1c21Tf.html?search_reason=search%7Cpromoted
1098159286,3 pokoje na wynajem Warszawa Ursynów metro Natolin/Imielin,Ursynów,1200,false,https://www.olx.pl/d/oferta/3-pokoje-na-wynajem-warszawa-ursynow-metro-natolin-imielin-CID3-ID1cjLoy.html?search_reason=search%7Corganic
1096114989,"Pokój w centrum W-wy,200m do metra/Ratusz/ dla 1 os.,m. parkingowe-1000+media",Śródmieście,1000,true,https://www.olx.pl/d/oferta/pokoj-w-centrum-w-wy-200m-do-metra-ratusz-dla-1-os-m-parkingowe-1000-media-CID3-ID1cbbA1.html?search_reason=search%7Corganic
1047996620,Pokój 1 os. 12 m2 Ursynów/Kabaty ul. Ekologiczna,Ursynów,1700,false,https://www.olx.pl/d/oferta/pokoj-1-os-12-m2-ursynow-kabaty-ul-ekologiczna-CID3-ID18WhNi.html?search_reason=search%7Corganic
1096767058,"PROMOCJA dwa pokoje i coś jeszcze-duża część wspólna w komfortowym mieszkaniu , WUM, UW, OCHOTA",Ochota,2100,false,https://www.olx.pl/d/oferta/promocja-dwa-pokoje-i-cos-jeszcze-duza-czesc-wspolna-w-komfortowym-mieszkaniu-wum-uw-ochota-CID3-ID1cdWdg.html?search_reason=search%7Corganic
1090645731,Pokój | Szekspira 4 | metro Wawrzyszew 500m | BEZ PROWIZJI | od zaraz | 422,Bielany,1140,false,https://www.olx.pl/d/oferta/pokoj-szekspira-4-metro-wawrzyszew-500m-bez-prowizji-od-zaraz-422-CID3-ID1bOeMb.html?search_reason=search%7Corganic
1095099113,750 злотых месяц. VIP общежитие Варшава Ursynów Hostel ! Хостел,Ursynów,750,false,https://www.olx.pl/d/oferta/750-vip-ursynow-hostel-CID3-ID1c6WiW.html?search_reason=search%7Corganic
1096348202,Pokój | Jana Pawła II 59 | Uniwersytet VIZJA 700 | od 26.09 | 1595,Śródmieście,1190,false,https://www.olx.pl/d/oferta/pokoj-jana-pawla-ii-59-uniwersytet-vizja-700-od-26-09-1595-CID3-ID1ccafv.html?search_reason=search%7Corganic
1034376645,"Pokój 1 os. 20 m2 Ursynów/Kabaty, Pod Strzechą 5",Ursynów,1800,true,https://www.olx.pl/d/oferta/pokoj-1-os-20-m2-ursynow-kabaty-pod-strzecha-5-CID3-ID1808Ch.html?search_reason=search%7Corganic
1095637215,Ładny pokój jednoosobowy,Żoliborz,1300,false,https://www.olx.pl/d/oferta/ladny-pokoj-jednoosobowy-CID3-ID1c9bhZ.html?search_reason=search%7Corganic
1098907321,"Pokój plus wspólny salon, 270m metro Stokłosy, SGGW, Vistula, SGH, PW, UW, MP3",Ursynów,1450,false,https://www.olx.pl/d/oferta/pokoj-plus-wspolny-salon-270m-metro-stoklosy-sggw-vistula-sgh-pw-uw-mp3-CID3-ID1cmTZD.html?search_reason=search%7Corganic
1078907476,2 min. do Metra Wawrzyszew - Pokój 1 os. wolny od zaraz - Bielany - ul. Dantego.,Bielany,960,false,https://www.olx.pl/d/oferta/2-min-do-metra-wawrzyszew-pokoj-1-os-wolny-od-zaraz-bielany-ul-dantego-CID3-ID1b0Z7u.html?search_reason=search%7Cpromoted
1094385889,Komfortowy Pokój 1-os. Cytrynowy | Spokój i Porządek | WAT | ul. Lazurowa | Metro Chrzanów | Bemowo | Bezpośrednio,Bemowo,1220,false,https://www.olx.pl/d/oferta/komfortowy-pokoj-1-os-cytrynowy-spokoj-i-porzadek-wat-ul-lazurowa-metro-chrzanow-bemowo-bezposrednio-CID3-ID1c3WLj.html?search_reason=search%7Cpromoted
1085738310,"Pokój 9,9 m² | Prałatowska 8, Targówek | BEZ PROWIZJI | od zaraz | 933",Targówek,1250,false,https://www.olx.pl/d/oferta/pokoj-9-9-m-pralatowska-8-targowek-bez-prowizji-od-zaraz-933-CID3-ID1btE8e.html?search_reason=search%7Cpromoted
1095945369,"Pokój do wynajęcia, Warszawa, Praga Południe",Praga-Południe,1300,true,https://www.olx.pl/d/oferta/pokoj-do-wynajecia-warszawa-praga-poludnie-CID3-ID1catsd.html?search_reason=search%7Corganic
1096809395,Room 20 m2 with a balcony to let,Mokotów,2300,false,https://www.olx.pl/d/oferta/room-20-m2-with-a-balcony-to-let-CID3-ID1ce6e7.html?search_reason=search%7Corganic
1098187228,Wynajem pokój Warszawa Bielany,Bielany,1200,false,https://www.olx.pl/d/oferta/wynajem-pokoj-warszawa-bielany-CID3-ID1cjSFe.html?search_reason=search%7Corganic
1097367182,Pokój na wynajem OD PAŹDZIERNIKA przy metro bemowo,Bemowo,1500,false,https://www.olx.pl/d/oferta/pokoj-na-wynajem-od-pazdziernika-przy-metro-bemowo-CID3-ID1cgrkG.html?search_reason=search%7Corganic
1067217118,Duży pokój dla dziewczyny/Big room for girl metro Trocka,Praga-Północ,1590,false,https://www.olx.pl/d/oferta/duzy-pokoj-dla-dziewczyny-big-room-for-girl-metro-trocka-CID3-ID1adWWk.html?search_reason=search%7Corganic
1094672327,Pokój do wynajęcia,Wola,1000,false,https://www.olx.pl/d/oferta/pokoj-do-wynajecia-CID3-ID1c58hh.html?search_reason=search%7Corganic
1092972803,"Samodzielny, nieprzechodni pokój, METRO WAWRZYSZEW",Bielany,920,false,https://www.olx.pl/d/oferta/samodzielny-nieprzechodni-pokoj-metro-wawrzyszew-CID3-ID1bY09B.html?search_reason=search%7Corganic
1092334009,750 zł месяц! Новые комнаты Warszawa | Nowy Hostel | OTWARCIE,Mokotów,750,false,https://www.olx.pl/d/oferta/750-zl-warszawa-nowy-hostel-otwarcie-CID3-ID1bWjYt.html?search_reason=search%7Corganic
1088802277,"Odnowiony, cichy pokój 1os., Bliska Wola, Szlenkierów, 7 min do Metra Młynów",Wola,1190,false,https://www.olx.pl/d/oferta/odnowiony-cichy-pokoj-1os-bliska-wola-szlenkierow-7-min-do-metra-mlynow-CID3-ID1bGwd3.html?search_reason=search%7Corganic
1096920419,"Komfortowy pokój z drzwiami akustycznymi (jak miniapartament) – ul. Cybernetyki 17, Mokotów (AKTUALNE)",Mokotów,1225,false,https://www.olx.pl/d/oferta/komfortowy-pokoj-z-drzwiami-akustycznymi-jak-miniapartament-ul-cybernetyki-17-mokotow-aktualne-CID3-ID1cez6P.html?search_reason=search%7Corganic
1097557373,Pokój do wynajęcia,Ochota,1700,false,https://www.olx.pl/d/oferta/pokoj-do-wynajecia-CID3-ID1cheOh.html?search_reason=search%7Cpromoted
966060045,Nowy pokój do wynajęcia. Klimatyzacja. AIR COND,Wola,2100,false,https://www.olx.pl/d/oferta/nowy-pokoj-do-wynajecia-klimatyzacja-air-cond-CID3-ID13nulD.html?search_reason=search%7Cpromoted
1098233446,Pokój 1 osobowy w domu z podwórkiem | blisko PKP Rembertów | Szybki dojazd do centrum | DOSTĘPNY OD ZARAZ | Amałowicza Tatara 2,Rembertów,930,false,https://www.olx.pl/d/oferta/pokoj-1-osobowy-w-domu-z-podworkiem-blisko-pkp-rembertow-szybki-dojazd-do-centrum-dostepny-od-zaraz-amalowicza-tatara-2-CID3-ID1ck4GG.html?search_reason=search%7Cpromoted
1092334009,750 zł месяц! Новые комнаты Warszawa | Nowy Hostel | OTWARCIE,Mokotów,750,false,https://www.olx.pl/d/oferta/750-zl-warszawa-nowy-hostel-otwarcie-CID3-ID1bWjYt.html?search_reason=search%7Corganic
1088802277,"Odnowiony, cichy pokój 1os., Bliska Wola, Szlenkierów, 7 min do Metra Młynów",Wola,1190,false,https://www.olx.pl/d/oferta/odnowiony-cichy-pokoj-1os-bliska-wola-szlenkierow-7-min-do-metra-mlynow-CID3-ID1bGwd3.html?search_reason=search%7Corganic
1096920419,"Komfortowy pokój z drzwiami akustycznymi (jak miniapartament) – ul. Cybernetyki 17, Mokotów (AKTUALNE)",Mokotów,1225,false,https://www.olx.pl/d/oferta/komfortowy-pokoj-z-drzwiami-akustycznymi-jak-miniapartament-ul-cybernetyki-17-mokotow-aktualne-CID3-ID1cez6P.html?search_reason=search%7Corganic
1097733501,Pokój do wynajęcia OD ZARAZ / Mokotów / Wilanów / SERWIS SPRZĄTAJĄCY / Sobieskiego / Wiertnicza / Powsińska / Aleja Wilanowska / Rzeczypospolitej,Wilanów,1250,false,https://www.olx.pl/d/oferta/pokoj-do-wynajecia-od-zaraz-mokotow-wilanow-serwis-sprzatajacy-sobieskiego-wiertnicza-powsinska-aleja-wilanowska-rzeczypospolitej-CID3-ID1chYD3.html?search_reason=search%7Corganic
1092333969,Открытие Nowy Hostel Warszawa | Комнаты 2-3 os. | Хостел Варшава,Wawer,790,false,https://www.olx.pl/d/oferta/nowy-hostel-warszawa-2-3-os-CID3-ID1bWjXP.html?search_reason=search%7Corganic
1095420376,"Nowy pokój 1os, przy samym metrze Płocka, odnowione mieszkanie, super komunikacja",Wola,1250,false,https://www.olx.pl/d/oferta/nowy-pokoj-1os-przy-samym-metrze-plocka-odnowione-mieszkanie-super-komunikacja-CID3-ID1c8gSA.html?search_reason=search%7Corganic
1096519549,Pokój 1 osobowy | Metro Politechnika | Od zaraz,Śródmieście,1090,false,https://www.olx.pl/d/oferta/pokoj-1-osobowy-metro-politechnika-od-zaraz-CID3-ID1ccSPb.html?search_reason=search%7Corganic
1098191834,Wynajmę pokój dwuosobowy,Śródmieście,1000,false,https://www.olx.pl/d/oferta/wynajme-pokoj-dwuosobowy-CID3-ID1cjTRv.html?search_reason=search%7Corganic
1095995907,"Słoneczny, ładny, ul. Sobieskiego / Burgaska, blisko SGGW, 18 min. do Politechnika, młodzi lokatorzy, bezpośrednio od właściciela",Bemowo,1220,false,https://www.olx.pl/d/oferta/sloneczny-ladny-ul-sobieskiego-burgaska-blisko-sggw-18-min-do-politechnika-mlodzi-lokatorzy-bezposrednio-od-wlasciciela-CID3-ID1caGBl.html?search_reason=search%7Corganic
1081327010,"Pokój | Solec 83, Śródmieście | BEZ PROWIZJI | od zaraz | 365",Śródmieście,1290,false,https://www.olx.pl/d/oferta/pokoj-solec-83-srodmiescie-bez-prowizji-od-zaraz-365-CID3-ID1bb8ye.html?search_reason=search%7Corganic
1096108367,Pokój w pobliżu AWF,Bielany,1200,false,https://www.olx.pl/d/oferta/pokoj-w-poblizu-awf-CID3-ID1cb9Rd.html?search_reason=search%7Cpromoted
1098611934,Pokój 1-os. z balkonem | Saska Kępa - ul. Międzynarodowa 40| od zaraz,Praga-Południe,1190,false,https://www.olx.pl/d/oferta/pokoj-1-os-z-balkonem-saska-kepa-ul-miedzynarodowa-40-od-zaraz-CID3-ID1clF9k.html?search_reason=search%7Cpromoted
1098253580,Pokój dla 1 osoby Metro Dworzec Wileński od zaraz/ Room for 1 person near subway Dworzec Wileński,Praga-Północ,1100,false,https://www.olx.pl/d/oferta/pokoj-dla-1-osoby-metro-dworzec-wilenski-od-zaraz-room-for-1-person-near-subway-dworzec-wilenski-CID3-ID1ck9Wq.html?search_reason=search%7Cpromoted
1098808535,"Private Single Room for Rent | Furnished, Great Transit",Wola,1775,false,https://www.olx.pl/d/oferta/private-single-room-for-rent-furnished-great-transit-CID3-ID1cmuij.html?search_reason=search%7Corganic
1095921865,Pokój | Pułku Baszta 2a | metro Wierzbno 900m | od 18.09 | 318,Mokotów,1090,false,https://www.olx.pl/d/oferta/pokoj-pulku-baszta-2a-metro-wierzbno-900m-od-18-09-318-CID3-ID1canl7.html?search_reason=search%7Corganic
1098343305,Wynajme pokój Zacisze,Targówek,1300,false,https://www.olx.pl/d/oferta/wynajme-pokoj-zacisze-CID3-ID1ckxgB.html?search_reason=search%7Corganic
1096066612,"Pokój przy m. Ursynów 11 m2! SGGW, VISTULI, WSTiR, WZ UW, Politechnika",Ursynów,1180,false,https://www.olx.pl/d/oferta/pokoj-przy-m-ursynow-11-m2-sggw-vistuli-wstir-wz-uw-politechnika-CID3-ID1caYZK.html?search_reason=search%7Corganic
1098860094,"Piękny pokój jednoosobowy od 22.09.26r., BEMOWO, ul. Franciszka Kawy!",Bemowo,1100,false,https://www.olx.pl/d/oferta/piekny-pokoj-jednoosobowy-od-22-09-26r-bemowo-ul-franciszka-kawy-CID3-ID1cmHHU.html?search_reason=search%7Corganic
1098173059,Pokoje Jednoosobowy/UW Mordor Rzymowskiego/ul. ORZYCKA,Mokotów,1300,false,https://www.olx.pl/d/oferta/pokoje-jednoosobowy-uw-mordor-rzymowskiego-ul-orzycka-CID3-ID1cjOYH.html?search_reason=search%7Corganic
1086405931,"Duży Pokój 1-os. na Bemowie – Widawska 7, blisko Fortu Bema i Galerii Bemowo",Bemowo,1000,false,https://www.olx.pl/d/oferta/duzy-pokoj-1-os-na-bemowie-widawska-7-blisko-fortu-bema-i-galerii-bemowo-CID3-ID1bvrOj.html?search_reason=search%7Corganic
916654044,Pokój dla dziewczyny /одномісна кімната для дівчини/ 15 min do Centrum,Ursus,1250,false,https://www.olx.pl/d/oferta/pokoj-dla-dziewczyny-15-min-do-centrum-CID3-ID102bAE.html?search_reason=search%7Corganic
1092315697,"Przestronny, słoneczny, ul. Sobieskiego / Burgaska, blisko SGGW, 18 min. do Politechnika, bezpośrednio",Mokotów,1320,false,https://www.olx.pl/d/oferta/przestronny-sloneczny-ul-sobieskiego-burgaska-blisko-sggw-18-min-do-politechnika-bezposrednio-CID3-ID1bWfd7.html?search_reason=search%7Corganic
1015611013,Pokój Warszawa Włochy ul. Krańcowa,Włochy,1100,false,https://www.olx.pl/d/oferta/pokoj-warszawa-wlochy-ul-krancowa-CID3-ID16JoON.html?search_reason=search%7Corganic
1098813940,Wynajmę przytulny pokój na Bielanach – ul. Wrzeciono 12B (blisko Metra),Bielany,1300,false,https://www.olx.pl/d/oferta/wynajme-przytulny-pokoj-na-bielanach-ul-wrzeciono-12b-blisko-metra-CID3-ID1cmwHu.html?search_reason=search%7Cpromoted
1094194105,Pokoje (jeden z balkonem) do wynajęcia na Ursynowie metro Imielin wolny nawet od już.,Ursynów,1200,false,https://www.olx.pl/d/oferta/pokoje-jeden-z-balkonem-do-wynajecia-na-ursynowie-metro-imielin-wolny-nawet-od-juz-CID3-ID1c37S1.html?search_reason=search%7Cpromoted
1034376645,"Pokój 1 os. 20 m2 Ursynów/Kabaty, Pod Strzechą 5",Ursynów,1800,true,https://www.olx.pl/d/oferta/pokoj-1-os-20-m2-ursynow-kabaty-pod-strzecha-5-CID3-ID1808Ch.html?search_reason=search%7Cpromoted
1097774169,Szukamy współlokatorki,Praga-Południe,1050,false,https://www.olx.pl/d/oferta/szukamy-wspollokatorki-CID3-ID1ci9cZ.html?search_reason=search%7Corganic
1092949506,"Pokój 10,5 m kw na Pradze Południe do wynajęcia od zaraz",Praga-Południe,1100,false,https://www.olx.pl/d/oferta/pokoj-10-5-m-kw-na-pradze-poludnie-do-wynajecia-od-zaraz-CID3-ID1bXU5Q.html?search_reason=search%7Corganic
1096784400,Duży pokój z balkonem * widok na jezioro gocławskie * 2 łazienki * ethernet 8gb/s * po remoncie generalnym * 7 minut metro politechnika * waszyngtona,Praga-Południe,1390,false,https://www.olx.pl/d/oferta/duzy-pokoj-z-balkonem-widok-na-jezioro-goclawskie-2-lazienki-ethernet-8gb-s-po-remoncie-generalnym-7-minut-metro-politechnika-waszyngtona-CID3-ID1cdZIY.html?search_reason=search%7Corganic
1084351477,Wynajmę pokój Warszawa Gocław Praga Południe,Praga-Południe,1200,false,https://www.olx.pl/d/oferta/wynajme-pokoj-warszawa-goclaw-praga-poludnie-CID3-ID1bnPlX.html?search_reason=search%7Corganic
1096739023,750 zł месяц!! Новое VIP общежитие Варшава Хостел Hostel  RU PL UA,Śródmieście,750,false,https://www.olx.pl/d/oferta/750-zl-vip-hostel-ru-pl-ua-CID3-ID1cdNW5.html?search_reason=search%7Corganic
914666708,Wynajmę pokój W-wa Rembertów w 4 pok. mieszkaniu dla chłopaka.,Rembertów,1200,false,https://www.olx.pl/d/oferta/wynajme-pokoj-w-wa-rembertow-w-4-pok-mieszkaniu-dla-chlopaka-CID3-IDZTQAQ.html?search_reason=search%7Corganic
1090329685,"Cena z mediami. Pokój z balkonem, SGGW, metro Stokłosy",Ursynów,1250,false,https://www.olx.pl/d/oferta/cena-z-mediami-pokoj-z-balkonem-sggw-metro-stoklosy-CID3-ID1bMUyF.html?search_reason=search%7Corganic
1096123723,Przestronny pokój 10m2 Saska Kępa | Mieszkanie tylko dla dziewczyn,Białołęka,1250,false,https://www.olx.pl/d/oferta/przestronny-pokoj-10m2-saska-kepa-mieszkanie-tylko-dla-dziewczyn-CID3-ID1cbdQT.html?search_reason=search%7Corganic
828043664,Pokój Metro Wierzbno / Królikarnia  przy Puławskiej od zaraz,Mokotów,1250,false,https://www.olx.pl/d/oferta/pokoj-metro-wierzbno-krolikarnia-przy-pulawskiej-od-zaraz-CID3-IDU2nYY.html?search_reason=search%7Corganic
1096416070,"Pokój do wynajęcia na Zaciszu dla mężczyzny, bez kaucji",Targówek,1300,false,https://www.olx.pl/d/oferta/pokoj-do-wynajecia-na-zaciszu-dla-mezczyzny-bez-kaucji-CID3-ID1ccrUa.html?search_reason=search%7Corganic
1098678070,Wynajem Pokoi w mieszkaniu na Bielanach - ul. Gwiaździsta 27,Bielany,1350,false,https://www.olx.pl/d/oferta/wynajem-pokoi-w-mieszkaniu-na-bielanach-ul-gwiazdzista-27-CID3-ID1clVm2.html?search_reason=search%7Cpromoted
1092640097,Pokój jednoosobowy Żoliborz Sady Żoliborskie Metro Martmont Plac Willsona,Żoliborz,1150,false,https://www.olx.pl/d/oferta/pokoj-jednoosobowy-zoliborz-sady-zoliborskie-metro-martmont-plac-willsona-CID3-ID1bVBBn.html?search_reason=search%7Cpromoted
1098191834,Wynajmę pokój dwuosobowy,Śródmieście,1000,false,https://www.olx.pl/d/oferta/wynajme-pokoj-dwuosobowy-CID3-ID1cjTRv.html?search_reason=search%7Cpromoted
1098550822,Pokój do wynajęcia: PKP Rakowiec Ochota/Włochy,Włochy,1500,false,https://www.olx.pl/d/oferta/pokoj-do-wynajecia-pkp-rakowiec-ochota-wlochy-CID3-ID1clpfE.html?search_reason=search%7Corganic
1094722533,750 zł miesięcznie. Частное общежитие в Варшаве Hostel Pokoj! RU / UA,Praga-Północ,750,false,https://www.olx.pl/d/oferta/750-zl-miesiecznie-hostel-pokoj-ru-ua-CID3-ID1c5ll3.html?search_reason=search%7Corganic
1096975360,VIP Хостел Warszawa Новое общежитие Варшава Автовокзал. Hostel Warszaw,Wola,750,false,https://www.olx.pl/d/oferta/vip-warszawa-hostel-warszaw-CID3-ID1ceNoY.html?search_reason=search%7Corganic
1098708095,750 zł miesięcznie | New  Hostel w Warszawie • Pokoje • Otwarcie! • RU • UA • PL,Ursynów,750,false,https://www.olx.pl/d/oferta/750-zl-miesiecznie-new-hostel-w-warszawie-pokoje-otwarcie-ru-ua-pl-CID3-ID1cm4aj.html?search_reason=search%7Corganic
1097251764,Pokój 1 osobowy – Mokotów – blisko metro Racławicka,Mokotów,1499,false,https://www.olx.pl/d/oferta/pokoj-1-osobowy-mokotow-blisko-metro-raclawicka-CID3-ID1cfXj6.html?search_reason=search%7Corganic
1098708056,750 zł miesięcznie! Nowy Hostel Warszawa • Mokotów | Hostel Warszawa,Mokotów,750,false,https://www.olx.pl/d/oferta/750-zl-miesiecznie-nowy-hostel-warszawa-mokotow-hostel-warszawa-CID3-ID1cm49G.html?search_reason=search%7Corganic
1098584946,Słoneczny pokój na Mokotowie - ul. Egejska,Mokotów,1240,false,https://www.olx.pl/d/oferta/sloneczny-pokoj-na-mokotowie-ul-egejska-CID3-ID1cly82.html?search_reason=search%7Corganic
1082214970,Pokój | Ostrobramska 78 | Promenada 400m | BEZ PROWIZJI | od 30.09 | 1038,Praga-Południe,1090,false,https://www.olx.pl/d/oferta/pokoj-ostrobramska-78-promenada-400m-bez-prowizji-od-30-09-1038-CID3-ID1beRya.html?search_reason=search%7Corganic
1085149267,Pokój metro Bródno Warszawa Targówek,Targówek,1250,false,https://www.olx.pl/d/oferta/pokoj-metro-brodno-warszawa-targowek-CID3-ID1braTx.html?search_reason=search%7Corganic
1097316387,Do wynajęcia Wynajme pokój ul. Jana Krysta 4 metro Księcia Janusza warszawa dla 1osoby mieszk po remoncie,Wola,1550,false,https://www.olx.pl/d/oferta/do-wynajecia-wynajme-pokoj-ul-jana-krysta-4-metro-ksiecia-janusza-warszawa-dla-1osoby-mieszk-po-remoncie-CID3-ID1cge7p.html?search_reason=search%7Corganic
1095473782,Nowoczesne pokoje Rondo Wiatraczna,Praga-Południe,1200,true,https://www.olx.pl/d/oferta/nowoczesne-pokoje-rondo-wiatraczna-CID3-ID1c8uLY.html?search_reason=search%7Cpromoted
1084770939,Pokój do wynajęcia,Rembertów,1400,false,https://www.olx.pl/d/oferta/pokoj-do-wynajecia-CID3-ID1bpAtt.html?search_reason=search%7Cpromoted
1096367572,"Słoneczny pokój 1-osobowy, Saska Kępa, ul. Brazylijska",Praga-Południe,1300,false,https://www.olx.pl/d/oferta/sloneczny-pokoj-1-osobowy-saska-kepa-ul-brazylijska-CID3-ID1ccfhV.html?search_reason=search%7Cpromoted
1081912606,pokój do wynajęcia od zaraz,Włochy,1300,false,https://www.olx.pl/d/oferta/pokoj-do-wynajecia-od-zaraz-CID3-ID1bdATk.html?search_reason=search%7Corganic
1062971670,Pokoje przy metrze Słodowiec,Bielany,1420,false,https://www.olx.pl/d/oferta/pokoje-przy-metrze-slodowiec-CID3-ID19V7um.html?search_reason=search%7Corganic
1094945168,"Pokój, Rondo Witraczna, Kobielska 60",Praga-Południe,1200,false,https://www.olx.pl/d/oferta/pokoj-rondo-witraczna-kobielska-60-CID3-ID1c6hfV.html?search_reason=search%7Corganic
1076852959,"Piękny i duży pokój, w spokojnej, zielonej okolicy przy Łazienkach Królewskich",Mokotów,1500,true,https://www.olx.pl/d/oferta/piekny-i-duzy-pokoj-w-spokojnej-zielonej-okolicy-przy-lazienkach-krolewskich-CID3-ID1aSmE7.html?search_reason=search%7Corganic
1098382601,"Od ZARAZ ładny, duży pokój do wynajęcia, dla 1-2 osób Bemowo, ogródek, Fort Wola",Bemowo,1450,false,https://www.olx.pl/d/oferta/od-zaraz-ladny-duzy-pokoj-do-wynajecia-dla-1-2-osob-bemowo-ogrodek-fort-wola-CID3-ID1ckHup.html?search_reason=search%7Corganic
1098388134,Miejsce w pokoju Kabaty,Ursynów,1150,false,https://www.olx.pl/d/oferta/miejsce-w-pokoju-kabaty-CID3-ID1ckIWE.html?search_reason=search%7Corganic
1097408013,750 zł месяц! Хостел NEW Hostel!  Открытие! Pokoje! Говорим RU UA PL!,Ursynów,750,false,https://www.olx.pl/d/oferta/750-zl-new-hostel-pokoje-ru-ua-pl-CID3-ID1cgBXf.html?search_reason=search%7Corganic
1083956229,"Pokój | Egejska 4, Mokotów | BEZ PROWIZJI | od zaraz | 671",Mokotów,1140,false,https://www.olx.pl/d/oferta/pokoj-egejska-4-mokotow-bez-prowizji-od-zaraz-671-CID3-ID1bmavZ.html?search_reason=search%7Corganic
1096417021,Pokoje do wynajęcia 1100 zł + media przy metrze,Ursynów,1100,false,https://www.olx.pl/d/oferta/pokoje-do-wynajecia-1100-zl-media-przy-metrze-CID3-ID1ccs9w.html?search_reason=search%7Corganic
1093932789,[Kopcińskiego 9] [Metro Imielin] Pokój nr 4,Ursynów,900,false,https://www.olx.pl/d/oferta/kopcinskiego-9-metro-imielin-pokoj-nr-4-CID3-ID1c21Tf.html?search_reason=search%7Corganic
674401910,Galeria Mokotów! Centrum Mordoru! Uczelnia Łazarskiego,Mokotów,1100,false,https://www.olx.pl/d/oferta/galeria-mokotow-centrum-mordoru-uczelnia-lazarskiego-CID3-IDJDIKa.html?search_reason=search%7Cpromoted
1090298335,Pokòj z balkonem ul.Batorego Mokotòw SGH rachunki w cenie,Ochota,1900,false,https://www.olx.pl/d/oferta/pokj-z-balkonem-ul-batorego-mokotw-sgh-rachunki-w-cenie-CID3-ID1bMMp1.html?search_reason=search%7Cpromoted
1063402871,Pokój do wynjęcia na Targówku,Targówek,950,false,https://www.olx.pl/d/oferta/pokoj-do-wynjecia-na-targowku-CID3-ID19XWFd.html?search_reason=search%7Cpromoted
1095894380,"Wysoki Standard | Mokotów | Mall | Blisko Sgh, Pw, Uw I Vizja |Tramwaj",Ursynów,2500,false,https://www.otodom.pl/pl/oferta/wysoki-standard-mokotow-mall-blisko-sgh-pw-uw-i-vizja-tramwaj-ID4CUFZ
1088688026,Pokój 1 os Wrzesien w PROMOCJI 50%,Bemowo,1200,true,https://www.olx.pl/d/oferta/pokoj-1-os-wrzesien-w-promocji-50-CID3-ID1bG1ui.html?search_reason=search%7Corganic
1096621122,"Pokój jednoosobowy | blisko metro Służew | UW WZ, SGGW, SGH",Mokotów,1400,false,https://www.olx.pl/d/oferta/pokoj-jednoosobowy-blisko-metro-sluzew-uw-wz-sggw-sgh-CID3-ID1cdjfs.html?search_reason=search%7Corganic
1097347028,Wynajmę 2 pokoje jednoosobowe,Praga-Południe,1150,false,https://www.olx.pl/d/oferta/wynajme-2-pokoje-jednoosobowe-CID3-ID1cgm5C.html?search_reason=search%7Corganic
1096166795,Pokój 1 os. przy Metrze Natolin - wolny od 01.11. - Ursynów - ul. Lokajskiego.,Ursynów,1099,false,https://www.olx.pl/d/oferta/pokoj-1-os-przy-metrze-natolin-wolny-od-01-11-ursynow-ul-lokajskiego-CID3-ID1cbp3B.html?search_reason=search%7Corganic
1092588119,[Koncertowa 3/5] [Metro Ursynów] Pokój nr 4,Ursynów,1100,false,https://www.olx.pl/d/oferta/koncertowa-3-5-metro-ursynow-pokoj-nr-4-CID3-ID1bVo51.html?search_reason=search%7Corganic
1097388717,Pokój Metro Wawrzyszew,Bielany,1140,false,https://www.olx.pl/d/oferta/pokoj-metro-wawrzyszew-CID3-ID1cgvV1.html?search_reason=search%7Corganic
1098613385,Pokój z balkonem - Wola Park - Metro,Wola,1600,false,https://www.olx.pl/d/oferta/pokoj-z-balkonem-wola-park-metro-CID3-ID1clFvJ.html?search_reason=search%7Corganic
1098070153,"Pokój na spokojnym, zamkniętym osiedlu przy stacji PKP Olszynka Grochowska",Praga-Południe,205384,false,https://www.olx.pl/d/oferta/pokoj-na-spokojnym-zamknietym-osiedlu-przy-stacji-pkp-olszynka-grochowska-CID3-ID1cjocW.html?search_reason=search%7Corganic
1032003342,Pokój wynajmę  - bez dodatkowych opłat/ Noclegi / Zakwaterowanie,Białołęka,1500,false,https://www.olx.pl/d/oferta/pokoj-wynajme-bez-dodatkowych-oplat-noclegi-zakwaterowanie-CID3-ID17Qbdc.html?search_reason=search%7Corganic
1098608503,Pokój 1-os. z balkonem | Metro Dworzec Wileński| od zaraz,Praga-Północ,1150,false,https://www.olx.pl/d/oferta/pokoj-1-os-z-balkonem-metro-dworzec-wilenski-od-zaraz-CID3-ID1clEfZ.html?search_reason=search%7Cpromoted
1045354670,"Mieszkanie Warszawa Wola, pokój, dobra komunikacja, ładne",Ochota,1800,true,https://www.olx.pl/d/oferta/mieszkanie-warszawa-wola-pokoj-dobra-komunikacja-ladne-CID3-ID18Kcwc.html?search_reason=search%7Cpromoted
1093740042,Pokój 1 os. wolny od zaraz - Bemowo- - ul. Legendy - Dobra lokalizacja i komunikacja.,Bemowo,999,false,https://www.olx.pl/d/oferta/pokoj-1-os-wolny-od-zaraz-bemowo-ul-legendy-dobra-lokalizacja-i-komunikacja-CID3-ID1c1dKq.html?search_reason=search%7Cpromoted
1097314990,dla dwóch studentów,Praga-Południe,2650,false,https://www.olx.pl/d/oferta/dla-dwoch-studentow-CID3-ID1cgdKS.html?search_reason=search%7Corganic
1096069074,"Pokój do wynajęcia w dużym, przestronnym mieszkaniu.",Praga-Południe,1300,false,https://www.olx.pl/d/oferta/pokoj-do-wynajecia-w-duzym-przestronnym-mieszkaniu-CID3-ID1caZDs.html?search_reason=search%7Corganic
1098217214,Pokoje do wynajecia,Białołęka,1400,false,https://www.olx.pl/d/oferta/pokoje-do-wynajecia-CID3-ID1ck0sS.html?search_reason=search%7Corganic
951386543,Tuż przy Metro Kabaty dostępne dwa pokoje 1-osobowe w mieszkaniu 3-pokojowym,Ursynów,1380,true,https://www.olx.pl/d/oferta/tuz-przy-metro-kabaty-dostepne-dwa-pokoje-1-osobowe-w-mieszkaniu-3-pokojowym-CID3-ID12nW6f.html?search_reason=search%7Corganic
1093442000,"[od 01.10.2026] Pokój 1 osobowy Metro Imielin, ul. Polinezyjska 5",Ursynów,990,false,https://www.olx.pl/d/oferta/od-01-10-2026-pokoj-1-osobowy-metro-imielin-ul-polinezyjska-5-CID3-ID1bZYdi.html?search_reason=search%7Corganic
1095873672,750 злотых месяц проживания - общежитие! Hostel Warszaw Włochy,Wola,750,false,https://www.olx.pl/d/oferta/750-hostel-warszaw-wlochy-CID3-ID1caaNO.html?search_reason=search%7Corganic
1089963142,POKÓJ GOCŁAW/Praga Płd - 15 minut do Centrum,Praga-Południe,1280,false,https://www.olx.pl/d/oferta/pokoj-goclaw-praga-pld-15-minut-do-centrum-CID3-ID1bLncG.html?search_reason=search%7Corganic
1088350971,Pokój 1 osobowy wolny 01.10,Mokotów,1200,false,https://www.olx.pl/d/oferta/pokoj-1-osobowy-wolny-01-10-CID3-ID1bEBNW.html?search_reason=search%7Corganic
1093933222,[Alternatywy 6] [Metro Imielin] Pokój nr 2,Ursynów,1200,false,https://www.olx.pl/d/oferta/alternatywy-6-metro-imielin-pokoj-nr-2-CID3-ID1c220e.html?search_reason=search%7Corganic
1098640532,2-х  местная комната Варшава Общежитие Хостел Hostel Warszawa Pokoje,Białołęka,750,false,https://www.olx.pl/d/oferta/2-hostel-warszawa-pokoje-CID3-ID1clMAA.html?search_reason=search%7Corganic
1092758237,"Bezpośrednio, ul. Powstańców/Posejdona | przy WAT, WIT, blisko Metro Bemowo, Internet światłowodowy 1Gbit, wifi i kabel",Bemowo,1220,false,https://www.olx.pl/d/oferta/bezposrednio-ul-powstancow-posejdona-przy-wat-wit-blisko-metro-bemowo-internet-swiatlowodowy-1gbit-wifi-i-kabel-CID3-ID1bX6kR.html?search_reason=search%7Cpromoted
1075723781,"Pokój Warszawa Targówek , blisko metra, komunikacja Centrum",Targówek,1100,false,https://www.olx.pl/d/oferta/pokoj-warszawa-targowek-blisko-metra-komunikacja-centrum-CID3-ID1aNCTz.html?search_reason=search%7Cpromoted
1009868891,Wynajmę  pokój  od zaraz,Ursynów,1300,false,https://www.olx.pl/d/oferta/wynajme-pokoj-od-zaraz-CID3-ID16lj1W.html?search_reason=search%7Cpromoted
1090788906,"POKÓJ jednoosobowy - ul. Iberyjska 7, Sadyba MOKOTÓW",Mokotów,1450,false,https://www.olx.pl/d/oferta/pokoj-jednoosobowy-ul-iberyjska-7-sadyba-mokotow-CID3-ID1bOQ1s.html?search_reason=search%7Corganic
1095376814,"Tuż przy SHG, Metro Pole Moktowskie",Mokotów,1050,false,https://www.olx.pl/d/oferta/tuz-przy-shg-metro-pole-moktowskie-CID3-ID1c85xY.html?search_reason=search%7Corganic
1086746120,Wynajmę pokój w Centrum Warszawy,Śródmieście,1800,false,https://www.olx.pl/d/oferta/wynajme-pokoj-w-centrum-warszawy-CID3-ID1bxSje.html?search_reason=search%7Corganic
1098758647,"Pokój na wynajem od października - OCHOTA, HALA BANACHA - w pełni wyposażony",Ochota,1550,false,https://www.olx.pl/d/oferta/pokoj-na-wynajem-od-pazdziernika-ochota-hala-banacha-w-pelni-wyposazony-CID3-ID1cmhjF.html?search_reason=search%7Corganic
1096334137,Pokój | Targowa 76/U3 | metro Dworzec Wileński 82m | od 25.09 | 693,Praga-Północ,1210,false,https://www.olx.pl/d/oferta/pokoj-targowa-76-u3-metro-dworzec-wilenski-82m-od-25-09-693-CID3-ID1cc6AF.html?search_reason=search%7Corganic
1096187881,Samodzielny pokój bez opłat Targówek zacisze,Targówek,1200,false,https://www.olx.pl/d/oferta/samodzielny-pokoj-bez-oplat-targowek-zacisze-CID3-ID1cbuxH.html?search_reason=search%7Corganic
1093826061,BEZ PROWIZJI | Pokój 1-osobowy | Wola | Metro Płocka | Kasprzaka 90,Włochy,1400,false,https://www.olx.pl/d/oferta/bez-prowizji-pokoj-1-osobowy-wola-metro-plocka-kasprzaka-90-CID3-ID1c1A7P.html?search_reason=search%7Corganic
1087045977,Pokój 1 os. wolny od ZARAZ - obok Metra - ul. Czumy - Bemowo.,Bemowo,890,false,https://www.olx.pl/d/oferta/pokoj-1-os-wolny-od-zaraz-obok-metra-ul-czumy-bemowo-CID3-ID1bz8jD.html?search_reason=search%7Corganic
1089058896,Новое общежитие Hostel Warszawa pokój Хостел.,Ursus,750,false,https://www.olx.pl/d/oferta/hostel-warszawa-pokoj-CID3-ID1bHzY4.html?search_reason=search%7Corganic
1096980687,Pokój do wynajęcia – METRO BEMOWO – Warszawa - WAT,Bemowo,1200,false,https://www.olx.pl/d/oferta/pokoj-do-wynajecia-metro-bemowo-warszawa-wat-CID3-ID1ceOMT.html?search_reason=search%7Corganic
764093101,"Dąbrowszczaków 12 | Praga Północ | Jasny pokój od podwórza | ALK, UW, SWPS, PW, PJATK | wolne od zaraz",Praga-Północ,1050,false,https://www.olx.pl/d/oferta/dabrowszczakow-12-praga-polnoc-jasny-pokoj-od-podworza-alk-uw-swps-pw-pjatk-wolne-od-zaraz-CID3-IDPI3vh.html?search_reason=search%7Cpromoted
1068168773,Wynajmę pokój na Woli przy metrze Płocka,Wola,1200,false,https://www.olx.pl/d/oferta/wynajme-pokoj-na-woli-przy-metrze-plocka-CID3-ID1ahWuB.html?search_reason=search%7Cpromoted
1009868891,Wynajmę  pokój  od zaraz,Ursynów,1300,false,https://www.olx.pl/d/oferta/wynajme-pokoj-od-zaraz-CID3-ID16lj1W.html?search_reason=search%7Cpromoted
1098366442,Jasny pokój Kabaty | 5 min metro | 1240 zł,Ursynów,1240,false,https://www.olx.pl/d/oferta/jasny-pokoj-kabaty-5-min-metro-1240-zl-CID3-ID1ckDhM.html?search_reason=search%7Corganic
1093709177,"Piękny pokój z balkonem, świeżo po remoncie, obok Metro Stokłosy 1599 zł total.",Ursynów,1399,false,https://www.olx.pl/d/oferta/piekny-pokoj-z-balkonem-swiezo-po-remoncie-obok-metro-stoklosy-1599-zl-total-CID3-ID1c15IB.html?search_reason=search%7Corganic
1095362498,"Nowy duży pokój 1os. Powstańców Śl./Wrocławska, komfortowe mieszkanie dla pań",Bemowo,1150,false,https://www.olx.pl/d/oferta/nowy-duzy-pokoj-1os-powstancow-sl-wroclawska-komfortowe-mieszkanie-dla-pan-CID3-ID1c81P4.html?search_reason=search%7Corganic
1097907967,pokój 1 osobowy dla studentów,Wola,1350,false,https://www.olx.pl/d/oferta/pokoj-1-osobowy-dla-studentow-CID3-ID1ciI11.html?search_reason=search%7Corganic
1097021376,Pokój z widokiem na zieleń w doskonałej lokalizacji,Praga-Południe,1550,false,https://www.olx.pl/d/oferta/pokoj-z-widokiem-na-zielen-w-doskonalej-lokalizacji-CID3-ID1ceZna.html?search_reason=search%7Corganic
1098134024,"Wynajmę przytulny umeblowany pokój na Starych Włochach, Warszawa",Włochy,1200,false,https://www.olx.pl/d/oferta/wynajme-przytulny-umeblowany-pokoj-na-starych-wlochach-warszawa-CID3-ID1cjEP6.html?search_reason=search%7Corganic
1095870406,Pokój | Kobielska 1 | Społeczno-Medyczna 850m | od 25.09 | 269,Praga-Południe,1080,false,https://www.olx.pl/d/oferta/pokoj-kobielska-1-spoleczno-medyczna-850m-od-25-09-269-CID3-ID1ca9X8.html?search_reason=search%7Corganic
1095873703,750 злотых месяц проживания. Хостел Варшава ! Hostel Wlochy Ohota,Włochy,750,false,https://www.olx.pl/d/oferta/750-hostel-wlochy-ohota-CID3-ID1caaOj.html?search_reason=search%7Corganic
1095424488,"Nowy duży i cichy pokój 1os. Powstańców Śląskich/Wrocławska, same panie",Bemowo,1240,false,https://www.olx.pl/d/oferta/nowy-duzy-i-cichy-pokoj-1os-powstancow-slaskich-wroclawska-same-panie-CID3-ID1c8hVU.html?search_reason=search%7Corganic
1094837121,Przytulny pokój warszawa wola metro ks Janusza,Wola,1150,false,https://www.olx.pl/d/oferta/przytulny-pokoj-warszawa-wola-metro-ks-janusza-CID3-ID1c5P9f.html?search_reason=search%7Corganic
1078783570,Pokój do wynajęcia Stegny Mokotów,Mokotów,1200,false,https://www.olx.pl/d/oferta/pokoj-do-wynajecia-stegny-mokotow-CID3-ID1b0sT0.html?search_reason=search%7Cpromoted
1097640518,Pokoje do wynajęcia - Aleja Wilanowska Warszawa,Mokotów,1300,false,https://www.olx.pl/d/oferta/pokoje-do-wynajecia-aleja-wilanowska-warszawa-CID3-ID1chArk.html?search_reason=search%7Cpromoted
1095425460,"Mały cichy pokój 1os., świetna lokalizacja Nowowiejska/Niepodległości, mieszkanie dla pań",Ochota,840,false,https://www.olx.pl/d/oferta/maly-cichy-pokoj-1os-swietna-lokalizacja-nowowiejska-niepodleglosci-mieszkanie-dla-pan-CID3-ID1c8icA.html?search_reason=search%7Cpromoted
1095873646,Новое общежитие VIP Hostel Warszawa Говорим RU UA  PL ! Хостел Варшава,Ursus,750,false,https://www.olx.pl/d/oferta/vip-hostel-warszawa-ru-ua-pl-CID3-ID1caaNo.html?search_reason=search%7Corganic
1097388004,"(PREMIUM, Klimatyzacja) Duży, jasny pokój 1-osobowy przy Wola Park/metro Ulrychów",Wola,1900,false,https://www.olx.pl/d/oferta/premium-klimatyzacja-duzy-jasny-pokoj-1-osobowy-przy-wola-park-metro-ulrychow-CID3-ID1cgvKv.html?search_reason=search%7Corganic
1096652293,Pokój do wynajęcia,Bielany,1700,false,https://www.olx.pl/d/oferta/pokoj-do-wynajecia-CID3-ID1cdrmd.html?search_reason=search%7Corganic
1096340293,"Pokój | Dembowskiego 7, Ursynów | BEZ PROWIZJI | od 04.10 | 1158",Śródmieście,1270,false,https://www.olx.pl/d/oferta/pokoj-dembowskiego-7-ursynow-bez-prowizji-od-04-10-1158-CID3-ID1cc8bX.html?search_reason=search%7Corganic
1093721159,[Relaksowa 45] [Metro Kabaty] Pokój nr 1,Ursynów,1100,false,https://www.olx.pl/d/oferta/relaksowa-45-metro-kabaty-pokoj-nr-1-CID3-ID1c18PR.html?search_reason=search%7Corganic
1098846980,Pokój jednoosobowy w nowym mieszkaniu / Ursynów,Ursynów,900,false,https://www.olx.pl/d/oferta/pokoj-jednoosobowy-w-nowym-mieszkaniu-ursynow-CID3-ID1cmEio.html?search_reason=search%7Corganic
930077161,"Pokój 1-os. na Bielanach – Wrzeciono 8 przy Metrze Wawrzyszew, AWF 10 min",Bielany,1350,false,https://www.olx.pl/d/oferta/pokoj-1-os-na-bielanach-wrzeciono-8-przy-metrze-wawrzyszew-awf-10-min-CID3-ID10Vwyx.html?search_reason=search%7Corganic
1084103958,"Przytulny pokój na zielonych Bielanach – super lokalizacja, Metro, Blisko UKSW, AWF",Bielany,1150,false,https://www.olx.pl/d/oferta/przytulny-pokoj-na-zielonych-bielanach-super-lokalizacja-metro-blisko-uksw-awf-CID3-ID1bmMXI.html?search_reason=search%7Corganic
1056090973,"Pokój. Żoliborz, ul. Krasińskiego.",Żoliborz,1800,false,https://www.olx.pl/d/oferta/pokoj-zoliborz-ul-krasinskiego-CID3-ID19tfwn.html?search_reason=search%7Corganic
1081978472,"Przytulny pokój 12m² dla 1 os. – Bliska Wola, 5min do METRO Ks. Janusza. Bezpośrednio.",Wola,1000,true,https://www.olx.pl/d/oferta/przytulny-pokoj-12m-dla-1-os-bliska-wola-5min-do-metro-ks-janusza-bezposrednio-CID3-ID1bdS1G.html?search_reason=search%7Corganic
664877753,"Pokój, kwatery, hostel - район Włochy - Хостел, центр города.",Bemowo,800,false,https://www.olx.pl/d/oferta/pokoj-kwatery-hostel-wlochy-CID3-IDIZL4J.html?search_reason=search%7Cpromoted
961114376,"Przestronny Pokój 1-os. na Pradze – Ostrobramska 82, naprzeciw Atrium Promenada.",Praga-Południe,1050,false,https://www.olx.pl/d/oferta/przestronny-pokoj-1-os-na-pradze-ostrobramska-82-naprzeciw-atrium-promenada-CID3-ID132JKM.html?search_reason=search%7Cpromoted
1059143987,"Duży pokój jednoosobowy _ Czysto, Cicho, Ciepło",Wawer,1600,false,https://www.olx.pl/d/oferta/duzy-pokoj-jednoosobowy-czysto-cicho-cieplo-CID3-ID19G3Jx.html?search_reason=search%7Cpromoted
1093663761,"Mam DO WYNAJĘCIA TANIO pok. 1 osobowy CLEAN, QUIET, czyste, ciche",Mokotów,1150,false,https://www.olx.pl/d/oferta/mam-do-wynajecia-tanio-pok-1-osobowy-clean-quiet-czyste-ciche-CID3-ID1c0TU5.html?search_reason=search%7Corganic
1093085987,"Studio| Metro Trocka 850 m | 2.440 zł, kod studia KK3",Targówek,1790,false,https://www.olx.pl/d/oferta/studio-metro-trocka-850-m-2-440-zl-kod-studia-kk3-CID3-ID1bYtB9.html?search_reason=search%7Corganic
1096840960,Wynajmę pokój blisko WUM,Ochota,1900,true,https://www.olx.pl/d/oferta/wynajme-pokoj-blisko-wum-CID3-ID1ceere.html?search_reason=search%7Corganic
1082353588,Duży pokój jednoosobowy PRZY METRZE NATOLIN,Ursynów,900,false,https://www.olx.pl/d/oferta/duzy-pokoj-jednoosobowy-przy-metrze-natolin-CID3-ID1bfrBV.html?search_reason=search%7Corganic
1097972497,"Pokój do wynajęcia, Ursynów",Ursynów,1260,false,https://www.olx.pl/d/oferta/pokoj-do-wynajecia-ursynow-CID3-ID1ciYNP.html?search_reason=search%7Corganic
1089709858,Duży pokój dla dziewczyny od zaraz tuż obok Metra Stokłosy,Ursynów,1450,false,https://www.olx.pl/d/oferta/duzy-pokoj-dla-dziewczyny-od-zaraz-tuz-obok-metra-stoklosy-CID3-ID1bKjjs.html?search_reason=search%7Corganic
1088293006,"Pokój 9,1 m² | Wilcza 69, Śródmieście | BEZ PROWIZJI | od 26.09 | 18",Śródmieście,1390,false,https://www.olx.pl/d/oferta/pokoj-9-1-m-wilcza-69-srodmiescie-bez-prowizji-od-26-09-18-CID3-ID1bEmJ0.html?search_reason=search%7Corganic
1081328276,"Pokój | Korczyńska 11, Mokotów | WUM 1,7km | BEZ PROWIZJI | od 18.09 | 427",Mokotów,1180,false,https://www.olx.pl/d/oferta/pokoj-korczynska-11-mokotow-wum-1-7km-bez-prowizji-od-18-09-427-CID3-ID1bb8SE.html?search_reason=search%7Corganic
1096491721,Wynajem pokoju dla studenta,Białołęka,1600,false,https://www.olx.pl/d/oferta/wynajem-pokoju-dla-studenta-CID3-ID1ccLAl.html?search_reason=search%7Corganic
1080647818,Pokój 1 os. wolny od zaraz - Bemowo - ul. Wyki.,Bemowo,849,false,https://www.olx.pl/d/oferta/pokoj-1-os-wolny-od-zaraz-bemowo-ul-wyki-CID3-ID1b8hRv.html?search_reason=search%7Corganic
1098678482,5 min. do Metra Politechnika - Pokój 1 os. wolny od 30.09. - Śródmieście - Pl. Konstytucji - Super Lokalizacja!,Śródmieście,1199,false,https://www.olx.pl/d/oferta/5-min-do-metra-politechnika-pokoj-1-os-wolny-od-30-09-srodmiescie-pl-konstytucji-super-lokalizacja-CID3-ID1clVsG.html?search_reason=search%7Cpromoted
1096345895,"Jaracza 3 | Centrum POWIŚLE | Metro CNK 4 min, UW 15 min pieszo | UW, PW, SGH, SWPS | wolne od zaraz",Śródmieście,1350,false,https://www.olx.pl/d/oferta/jaracza-3-centrum-powisle-metro-cnk-4-min-uw-15-min-pieszo-uw-pw-sgh-swps-wolne-od-zaraz-CID3-ID1cc9Ej.html?search_reason=search%7Cpromoted
648638568,Pokój Warszawa Włochy- blisko na lotnisko i do Centrum,Włochy,1100,false,https://www.olx.pl/d/oferta/pokoj-warszawa-wlochy-blisko-na-lotnisko-i-do-centrum-CID3-IDHTCvo.html?search_reason=search%7Cpromoted
1096508999,"Pokój na wynajem - Warszawa, Bemowo",Bemowo,1353,false,https://www.olx.pl/d/oferta/pokoj-na-wynajem-warszawa-bemowo-CID3-ID1ccQ51.html?search_reason=search%7Corganic
1097949551,Śliczny pokój ŻOLIBORZ,Żoliborz,1150,false,https://www.olx.pl/d/oferta/sliczny-pokoj-zoliborz-CID3-ID1ciSPJ.html?search_reason=search%7Corganic
1098137961,Pokój 1 osobowy | Metro Politechnika | Od zaraz,Śródmieście,1100,false,https://www.olx.pl/d/oferta/pokoj-1-osobowy-metro-politechnika-od-zaraz-CID3-ID1cjFQB.html?search_reason=search%7Corganic
1091579833,750 злотых месяц проживания Общежитие Варшава Хостел Hostel Pokoje,Włochy,750,false,https://www.olx.pl/d/oferta/750-hostel-pokoje-CID3-ID1bS9Ml.html?search_reason=search%7Corganic
683149252,Wolne od  WRZEŚNIA 2026  POKÓJ 9m  ul Racławicka 4 Górny Mokotow centrum,Mokotów,1499,false,https://www.olx.pl/d/oferta/wolne-od-wrzesnia-2026-pokoj-9m-ul-raclawicka-4-gorny-mokotow-centrum-CID3-IDKeqkk.html?search_reason=search%7Corganic
1096643804,Pokój 1 os. wolny od Zaraz - Mokotów - ul. Sozopolska - Dobra Komunikacja i Lokalizacja.,Mokotów,1199,false,https://www.olx.pl/d/oferta/pokoj-1-os-wolny-od-zaraz-mokotow-ul-sozopolska-dobra-komunikacja-i-lokalizacja-CID3-ID1cdp9i.html?search_reason=search%7Corganic
1089866948,Pokój 1 osobowy -Warszawa Stegny ul. Katalońska- od września,Mokotów,1600,false,https://www.olx.pl/d/oferta/pokoj-1-osobowy-warszawa-stegny-ul-katalonska-od-wrzesnia-CID3-ID1bKYba.html?search_reason=search%7Corganic
1081794091,Pokój do wynajęcia Ursynów/Kabaty,Ursynów,1200,false,https://www.olx.pl/d/oferta/pokoj-do-wynajecia-ursynow-kabaty-CID3-ID1bd63N.html?search_reason=search%7Corganic
1083951564,"Pokój 9,5 m² | Nagórskiego 5 | balkon | BEZ PROWIZJI | od zaraz | 497",Praga-Południe,1340,false,https://www.olx.pl/d/oferta/pokoj-9-5-m-nagorskiego-5-balkon-bez-prowizji-od-zaraz-497-CID3-ID1bm9jK.html?search_reason=search%7Corganic
1087440802,Pokój Centrum Plac Zbawiciela - Po remoncie. Zmywarka,Śródmieście,1450,false,https://www.olx.pl/d/oferta/pokoj-centrum-plac-zbawiciela-po-remoncie-zmywarka-CID3-ID1bAN1M.html?search_reason=search%7Corganic
1095922166,Duży pokój w 4-pokojowym mieszkaniu po remoncie – 5 min od metra Trocka,Targówek,1500,false,https://www.olx.pl/d/oferta/duzy-pokoj-w-4-pokojowym-mieszkaniu-po-remoncie-5-min-od-metra-trocka-CID3-ID1canpY.html?search_reason=search%7Cpromoted
1093105403,Pokój | Wita Stwosza 17a | metro Służew 750m | od 30.09 | 785,Mokotów,1190,false,https://www.olx.pl/d/oferta/pokoj-wita-stwosza-17a-metro-sluzew-750m-od-30-09-785-CID3-ID1bYyEj.html?search_reason=search%7Cpromoted
664877753,"Pokój, kwatery, hostel - район Włochy - Хостел, центр города.",Bemowo,800,false,https://www.olx.pl/d/oferta/pokoj-kwatery-hostel-wlochy-CID3-IDIZL4J.html?search_reason=search%7Cpromoted
1087440802,Pokój Centrum Plac Zbawiciela - Po remoncie. Zmywarka,Śródmieście,1450,false,https://www.olx.pl/d/oferta/pokoj-centrum-plac-zbawiciela-po-remoncie-zmywarka-CID3-ID1bAN1M.html?search_reason=search%7Corganic
1090931385,"Pokój | Jantarowy Szlak 4, Praga Południe | BEZ PROWIZJI | od zaraz | 487",Praga-Południe,1370,false,https://www.olx.pl/d/oferta/pokoj-jantarowy-szlak-4-praga-poludnie-bez-prowizji-od-zaraz-487-CID3-ID1bPr5w.html?search_reason=search%7Corganic
1096384232,"Pokój | Hawajska 3, Ursynów | balkon | BEZ PROWIZJI | od zaraz | 323",Ursynów,1090,true,https://www.olx.pl/d/oferta/pokoj-hawajska-3-ursynow-balkon-bez-prowizji-od-zaraz-323-CID3-ID1ccjCE.html?search_reason=search%7Corganic
1098077414,Pokój Jednoosobowy Od Dziś (Westfield Mokotów),Śródmieście,1350,false,https://www.olx.pl/d/oferta/pokoj-jednoosobowy-od-dzis-westfield-mokotow-CID3-ID1cjq62.html?search_reason=search%7Corganic
1077842429,Pokój | Zgody 9 | metro Świętokrzyska 400m | BEZ PROWIZJI | od 30.09 | 725,Śródmieście,1490,false,https://www.olx.pl/d/oferta/pokoj-zgody-9-metro-swietokrzyska-400m-bez-prowizji-od-30-09-725-CID3-ID1aVv3j.html?search_reason=search%7Corganic
1090602207,Pokój dla dziewczyny w mieszkaniu 3 pokojowym | Metro Młociny | ul. Wrzeciono 7,Bielany,1450,false,https://www.olx.pl/d/oferta/pokoj-dla-dziewczyny-w-mieszkaniu-3-pokojowym-metro-mlociny-ul-wrzeciono-7-CID3-ID1bO3sb.html?search_reason=search%7Corganic
1095871126,Pokój | Ostrobramska 84 | balkon | BEZ PROWIZJI | od 25.09 | 528,Praga-Południe,1190,false,https://www.olx.pl/d/oferta/pokoj-ostrobramska-84-balkon-bez-prowizji-od-25-09-528-CID3-ID1caa8K.html?search_reason=search%7Corganic
984361413,"Pokój jednoosobowy, Kępa Potocka",Żoliborz,1050,false,https://www.olx.pl/d/oferta/pokoj-jednoosobowy-kepa-potocka-CID3-ID14ChmZ.html?search_reason=search%7Corganic
1055324775,"Skarbka z Gór pokój 16m2, liczniki w cenie! Od zaraz, Białołęka",Białołęka,1750,false,https://www.olx.pl/d/oferta/skarbka-z-gor-pokoj-16m2-liczniki-w-cenie-od-zaraz-bialoleka-CID3-ID19q2bl.html?search_reason=search%7Corganic
961114376,"Przestronny Pokój 1-os. na Pradze – Ostrobramska 82, naprzeciw Atrium Promenada.",Praga-Południe,1050,false,https://www.olx.pl/d/oferta/przestronny-pokoj-1-os-na-pradze-ostrobramska-82-naprzeciw-atrium-promenada-CID3-ID132JKM.html?search_reason=search%7Corganic
1059143987,"Duży pokój jednoosobowy _ Czysto, Cicho, Ciepło",Wawer,1600,false,https://www.olx.pl/d/oferta/duzy-pokoj-jednoosobowy-czysto-cicho-cieplo-CID3-ID19G3Jx.html?search_reason=search%7Cpromoted
1026926923,"Pokój Warszawa Wola, z balkonem oraz kuchnią i łazienką, nowy,  niski czynsz! Klimatyzacja!",Wola,1700,false,https://www.olx.pl/d/oferta/pokoj-warszawa-wola-z-balkonem-oraz-kuchnia-i-lazienka-nowy-niski-czynsz-klimatyzacja-CID3-ID17uSBt.html?search_reason=search%7Cpromoted
1024294284,"Pokój jednoosobowy, mieszkanie 3-pokojowe w centrum, ul. Solec 28 Powiśle, zwierzaki ok, Most Poniatowski",Śródmieście,1800,false,https://www.olx.pl/d/oferta/pokoj-jednoosobowy-mieszkanie-3-pokojowe-w-centrum-ul-solec-28-powisle-zwierzaki-ok-most-poniatowski-CID3-ID17jPJy.html?search_reason=search%7Cpromoted
1090751426,Pokój | Wiolinowa 1 | metro Ursynów 460m | BEZ PROWIZJI | od zaraz | 383,Ursynów,1370,false,https://www.olx.pl/d/oferta/pokoj-wiolinowa-1-metro-ursynow-460m-bez-prowizji-od-zaraz-383-CID3-ID1bOGgV.html?search_reason=search%7Corganic
1090839143,"Pokój | Ostrobramska 118A, Praga Południe | BEZ PROWIZJI | od 30.09 | 626",Praga-Południe,1090,false,https://www.olx.pl/d/oferta/pokoj-ostrobramska-118a-praga-poludnie-bez-prowizji-od-30-09-626-CID3-ID1bP35J.html?search_reason=search%7Corganic
1098818690,Jednoosobowy z loggią 20 + 5 m2 w mieszkaniu 3 os. Ekopark 1400 zł/mc w paźdz.,Mokotów,1980,false,https://www.olx.pl/d/oferta/jednoosobowy-z-loggia-20-5-m2-w-mieszkaniu-3-os-ekopark-1400-zl-mc-w-pazdz-CID3-ID1cmvV6.html?search_reason=search%7Corganic
1079677099,"POKÓJ do wynajęcia– WARSZAWA, UL. Szolc-Rogozińskiego 5",Ursynów,1200,false,https://www.olx.pl/d/oferta/pokoj-do-wynajecia-warszawa-ul-szolc-rogozinskiego-5-CID3-ID1b4dkL.html?search_reason=search%7Corganic
1098516945,"Pokój na wynajem w 2-pokojowym mieszkaniu, Osiedle Bliska Wola ul. Kasprzaka 31a",Wola,1800,false,https://www.olx.pl/d/oferta/pokoj-na-wynajem-w-2-pokojowym-mieszkaniu-osiedle-bliska-wola-ul-kasprzaka-31a-CID3-ID1clgrf.html?search_reason=search%7Corganic
1090843000,Pokój dla dziewczyny pracującej lub studentki,Mokotów,1000,false,https://www.olx.pl/d/oferta/pokoj-dla-dziewczyny-pracujacej-lub-studentki-CID3-ID1bP45V.html?search_reason=search%7Corganic
1092612636,Pokój do wynajęcia | Super lokalizacja | Mokotów | metro Służew | SGGW| Łazarski | UW,Mokotów,2050,false,https://www.olx.pl/d/oferta/pokoj-do-wynajecia-super-lokalizacja-mokotow-metro-sluzew-sggw-lazarski-uw-CID3-ID1bVuss.html?search_reason=search%7Corganic
1090077199,Super pokoje na Mokotowie,Mokotów,1650,false,https://www.olx.pl/d/oferta/super-pokoje-na-mokotowie-CID3-ID1bLQSj.html?search_reason=search%7Corganic
1093093243,BEMOWO pokój synów pułku FORT WOLA połczyńska,Bemowo,799,false,https://www.olx.pl/d/oferta/bemowo-pokoj-synow-pulku-fort-wola-polczynska-CID3-ID1bYwub.html?search_reason=search%7Corganic
1098678482,5 min. do Metra Politechnika - Pokój 1 os. wolny od 30.09. - Śródmieście - Pl. Konstytucji - Super Lokalizacja!,Śródmieście,1199,false,https://www.olx.pl/d/oferta/5-min-do-metra-politechnika-pokoj-1-os-wolny-od-30-09-srodmiescie-pl-konstytucji-super-lokalizacja-CID3-ID1clVsG.html?search_reason=search%7Corganic
1089935372,Pokój 1 os. wolny od zaraz - 5 min. do Metra Służew - Mokotów - ul. Batuty.,Mokotów,1149,false,https://www.olx.pl/d/oferta/pokoj-1-os-wolny-od-zaraz-5-min-do-metra-sluzew-mokotow-ul-batuty-CID3-ID1bLfYM.html?search_reason=search%7Cpromoted
648638568,Pokój Warszawa Włochy- blisko na lotnisko i do Centrum,Włochy,1100,false,https://www.olx.pl/d/oferta/pokoj-warszawa-wlochy-blisko-na-lotnisko-i-do-centrum-CID3-IDHTCvo.html?search_reason=search%7Cpromoted
1095925046,"Pokój | Łojewska 5 | metro Bródno 1,2km | BEZ PROWIZJI | od 25.09 | 870",Targówek,1090,false,https://www.olx.pl/d/oferta/pokoj-lojewska-5-metro-brodno-1-2km-bez-prowizji-od-25-09-870-CID3-ID1caoaq.html?search_reason=search%7Cpromoted
1096768188,Pokój do wynajęcia,Mokotów,1300,false,https://www.olx.pl/d/oferta/pokoj-do-wynajecia-CID3-ID1cdWwu.html?search_reason=search%7Corganic
1095533696,Pokój 12m z balkonem 11m do wynajęcia w Warszawie,Targówek,950,true,https://www.olx.pl/d/oferta/pokoj-12m-z-balkonem-11m-do-wynajecia-w-warszawie-CID3-ID1c8Kmk.html?search_reason=search%7Corganic
1095303528,"Pokój 1-osobowy, Praga-Południe, Gocławek/Grochów, Liwiecka",Praga-Południe,1200,false,https://www.olx.pl/d/oferta/pokoj-1-osobowy-praga-poludnie-goclawek-grochow-liwiecka-CID3-ID1c7MtV.html?search_reason=search%7Corganic
1097941332,Pokój jednoosobowy w dwupokojowym mieszkaniu - świeżo po remoncie.,Białołęka,1250,false,https://www.olx.pl/d/oferta/pokoj-jednoosobowy-w-dwupokojowym-mieszkaniu-swiezo-po-remoncie-CID3-ID1ciQHa.html?search_reason=search%7Corganic
1095005487,Pokój dwuosobowy Bielany Metro Wawrzyszew,Bielany,1600,false,https://www.olx.pl/d/oferta/pokoj-dwuosobowy-bielany-metro-wawrzyszew-CID3-ID1c6vVP.html?search_reason=search%7Corganic
1096152624,"Bezpośrednio, ul. Powstańców/Posejdona | przy WAT, WIT, blisko Metro Bemowo, Internet światłowodowy 1Gbit, wifi i kabel",Bemowo,1220,false,https://www.olx.pl/d/oferta/bezposrednio-ul-powstancow-posejdona-przy-wat-wit-blisko-metro-bemowo-internet-swiatlowodowy-1gbit-wifi-i-kabel-CID3-ID1cbln2.html?search_reason=search%7Corganic
1063233635,"Pokój do wynajęcia - Śródmieście, Plac Politechniki",Śródmieście,1900,false,https://www.olx.pl/d/oferta/pokoj-do-wynajecia-srodmiescie-plac-politechniki-CID3-ID19XdDB.html?search_reason=search%7Corganic
1043002947,pokój do wynajęcia,Targówek,1400,false,https://www.olx.pl/d/oferta/pokoj-do-wynajecia-CID3-ID18AkIb.html?search_reason=search%7Corganic
1098859753,"750 zł месяц! Хостел Hostel! Włochy Okęcie, Rakowiec, Służewiec, Raszyn, Pruszków Piaseczno Nadarzyn",Włochy,750,false,https://www.olx.pl/d/oferta/750-zl-hostel-wlochy-okecie-rakowiec-sluzewiec-raszyn-pruszkow-piaseczno-nadarzyn-CID3-ID1cmHCp.html?search_reason=search%7Corganic
1096784400,Duży pokój z balkonem * widok na jezioro gocławskie * 2 łazienki * ethernet 8gb/s * po remoncie generalnym * 7 minut metro politechnika * waszyngtona,Praga-Południe,1390,false,https://www.olx.pl/d/oferta/duzy-pokoj-z-balkonem-widok-na-jezioro-goclawskie-2-lazienki-ethernet-8gb-s-po-remoncie-generalnym-7-minut-metro-politechnika-waszyngtona-CID3-ID1cdZIY.html?search_reason=search%7Corganic
930077161,"Pokój 1-os. na Bielanach – Wrzeciono 8 przy Metrze Wawrzyszew, AWF 10 min",Bielany,1350,false,https://www.olx.pl/d/oferta/pokoj-1-os-na-bielanach-wrzeciono-8-przy-metrze-wawrzyszew-awf-10-min-CID3-ID10Vwyx.html?search_reason=search%7Cpromoted
1098818690,Jednoosobowy z loggią 20 + 5 m2 w mieszkaniu 3 os. Ekopark 1400 zł/mc w paźdz.,Mokotów,1980,false,https://www.olx.pl/d/oferta/jednoosobowy-z-loggia-20-5-m2-w-mieszkaniu-3-os-ekopark-1400-zl-mc-w-pazdz-CID3-ID1cmvV6.html?search_reason=search%7Cpromoted
1095195620,Merto Daszyńskiego ul. Ordona pokój w mieszkaniu 2 pokojowym,Wola,1800,false,https://www.olx.pl/d/oferta/merto-daszynskiego-ul-ordona-pokoj-w-mieszkaniu-2-pokojowym-CID3-ID1c7kpu.html?search_reason=search%7Cpromoted
1090264080,Pokój | Hawajska 4 | metro Imielin 150m | BEZ PROWIZJI | od zaraz | 748,Ursynów,1080,false,https://www.olx.pl/d/oferta/pokoj-hawajska-4-metro-imielin-150m-bez-prowizji-od-zaraz-748-CID3-ID1bMDuv.html?search_reason=search%7Corganic
1098379645,Pokój dla kobiety blisko metra Służew i Galerii Mokotów od 1.10,Mokotów,1290,false,https://www.olx.pl/d/oferta/pokoj-dla-kobiety-blisko-metra-sluzew-i-galerii-mokotow-od-1-10-CID3-ID1ckGIJ.html?search_reason=search%7Corganic
1096759128,Pokój Śródmieście od zaraz,Śródmieście,1900,false,https://www.olx.pl/d/oferta/pokoj-srodmiescie-od-zaraz-CID3-ID1cdT9m.html?search_reason=search%7Corganic
1096339986,"Pokój 10 m² | Radomska 10/12 | metro Politechnika 2,5km | od 17.09 | 1456",Ochota,1700,false,https://www.olx.pl/d/oferta/pokoj-10-m-radomska-10-12-metro-politechnika-2-5km-od-17-09-1456-CID3-ID1cc870.html?search_reason=search%7Corganic
1064412614,Pokój do wynajęcia Bemowo,Bemowo,1600,false,https://www.olx.pl/d/oferta/pokoj-do-wynajecia-bemowo-CID3-ID1a2alo.html?search_reason=search%7Corganic
1097755347,"Jasny, nieprzechodni pokój w 3-pokojowym mieszkaniu, przy Metro Imielin! blisko Vistula i SGGW, szybki Internet 1 Gb/s, bezpośrednio od właściciela.",Ursynów,1480,false,https://www.olx.pl/d/oferta/jasny-nieprzechodni-pokoj-w-3-pokojowym-mieszkaniu-przy-metro-imielin-blisko-vistula-i-sggw-szybki-internet-1-gb-s-bezposrednio-od-wlasciciela-CID3-ID1ci4jp.html?search_reason=search%7Corganic
1093114822,"Studio| Metro Trocka 850 m | 2.740 zł, kod studia KK6",Targówek,1990,false,https://www.olx.pl/d/oferta/studio-metro-trocka-850-m-2-740-zl-kod-studia-kk6-CID3-ID1bYB6e.html?search_reason=search%7Corganic
1082490871,Klimatyczny pokój do wynajęcia,Mokotów,1300,false,https://www.olx.pl/d/oferta/klimatyczny-pokoj-do-wynajecia-CID3-ID1bg1kb.html?search_reason=search%7Corganic
1095179494,Wynajmę pokój 17 m2 + balkon,Praga-Południe,1700,false,https://www.olx.pl/d/oferta/wynajme-pokoj-17-m2-balkon-CID3-ID1c7gdo.html?search_reason=search%7Corganic
1097993267,Pokój 1 osobowy 30m2 z aneksem kuchennym i balkonem łózko 160cm wysoki standard,Bielany,2000,false,https://www.olx.pl/d/oferta/pokoj-1-osobowy-30m2-z-aneksem-kuchennym-i-balkonem-lozko-160cm-wysoki-standard-CID3-ID1cj4cP.html?search_reason=search%7Cpromoted
1097951203,"Oddzielny pokój 10 m2, blisko metra, przy parku, ul, Kameralna, Metro Wileńska",Praga-Północ,1150,false,https://www.olx.pl/d/oferta/oddzielny-pokoj-10-m2-blisko-metra-przy-parku-ul-kameralna-metro-wilenska-CID3-ID1ciTgn.html?search_reason=search%7Cpromoted
1020685219,"Starej Baśni 6 | Bielany | Szafa, komoda i regał w pokoju | AWF, UKSW, ALK | wolne od zaraz",Bielany,1190,false,https://www.olx.pl/d/oferta/starej-basni-6-bielany-szafa-komoda-i-regal-w-pokoju-awf-uksw-alk-wolne-od-zaraz-CID3-ID174GQP.html?search_reason=search%7Cpromoted
1069793282,Pokój | Widok 19 | metro Centrum 200m | BEZ PROWIZJI | od zaraz | 1551,Śródmieście,1490,false,https://www.olx.pl/d/oferta/pokoj-widok-19-metro-centrum-200m-bez-prowizji-od-zaraz-1551-CID3-ID1aoK6m.html?search_reason=search%7Corganic
1058273256,Pokój jednoosobowy Aleja Prymasa Tysiąclecia (Wola),Wola,1350,false,https://www.olx.pl/d/oferta/pokoj-jednoosobowy-aleja-prymasa-tysiaclecia-wola-CID3-ID19Cpdu.html?search_reason=search%7Corganic
1098548320,Pokój 1-osobowy przy przystanku tramwajowym,Praga-Północ,900,false,https://www.olx.pl/d/oferta/pokoj-1-osobowy-przy-przystanku-tramwajowym-CID3-ID1cloBi.html?search_reason=search%7Corganic
1097518108,Duży pokój 18 m² + balkon + widok na Balaton | Gocław | 1800 zł,Wawer,1800,false,https://www.olx.pl/d/oferta/duzy-pokoj-18-m-balkon-widok-na-balaton-goclaw-1800-zl-CID3-ID1ch4AY.html?search_reason=search%7Corganic
1088689338,Pokój 1 wrzesień w PROMOCJI 50%,Mokotów,1200,true,https://www.olx.pl/d/oferta/pokoj-1-wrzesien-w-promocji-50-CID3-ID1bG1Ps.html?search_reason=search%7Corganic
1098200925,Pokój do wynajęcia ulica okopowa warszawa wola swiezy,Wola,1900,false,https://www.olx.pl/d/oferta/pokoj-do-wynajecia-ulica-okopowa-warszawa-wola-swiezy-CID3-ID1cjVe9.html?search_reason=search%7Corganic
1096557418,"Hit.Mokotow,Stegny..Tanio. Właściciel wynajmie pokój.Centrum 10 do 15 minut, SGGW, VISTULA, AKADEMIA DZIENNIKARSTWA 5 MINTUT",Mokotów,1050,false,https://www.olx.pl/d/oferta/hit-mokotow-stegny-tanio-wlasciciel-wynajmie-pokoj-centrum-10-do-15-minut-sggw-vistula-akademia-dziennikarstwa-5-mintut-CID3-ID1cd2FY.html?search_reason=search%7Corganic
1014748853,"Duży, komfortowy pokój dla studenta – 15 min do WAT i metro M2 Bemowo!",Bemowo,1000,false,https://www.olx.pl/d/oferta/duzy-komfortowy-pokoj-dla-studenta-15-min-do-wat-i-metro-m2-bemowo-CID3-ID16FMvZ.html?search_reason=search%7Corganic
1096113559,Pokój w pobliżu AWF,Bielany,1300,false,https://www.olx.pl/d/oferta/pokoj-w-poblizu-awf-CID3-ID1cbbcX.html?search_reason=search%7Corganic
1094038661,VIP общежитие - Хостел Hostel wygodne pokoje! Хостел Варшава! RU UA,Ursynów,750,false,https://www.olx.pl/d/oferta/vip-hostel-wygodne-pokoje-ru-ua-CID3-ID1c2tqR.html?search_reason=search%7Corganic
1096347255,"Jaracza 3 | Centrum POWIŚLE | Metro CNK 4 min, UW 15 min pieszo | UW, PW, SGH, SWPS | wolne od zaraz",Śródmieście,1550,false,https://www.olx.pl/d/oferta/jaracza-3-centrum-powisle-metro-cnk-4-min-uw-15-min-pieszo-uw-pw-sgh-swps-wolne-od-zaraz-CID3-ID1cca0f.html?search_reason=search%7Cpromoted
1098287540,Pokój 6m Konstancińska Sadyba Mokotów,Mokotów,1100,false,https://www.olx.pl/d/oferta/pokoj-6m-konstancinska-sadyba-mokotow-CID3-ID1ckiLa.html?search_reason=search%7Cpromoted
683149252,Wolne od  WRZEŚNIA 2026  POKÓJ 9m  ul Racławicka 4 Górny Mokotow centrum,Mokotów,1499,false,https://www.olx.pl/d/oferta/wolne-od-wrzesnia-2026-pokoj-9m-ul-raclawicka-4-gorny-mokotow-centrum-CID3-IDKeqkk.html?search_reason=search%7Cpromoted
1096258473,Pokój dwuosobowy do wynajęcia.,Bemowo,1300,false,https://www.olx.pl/d/oferta/pokoj-dwuosobowy-do-wynajecia-CID3-ID1cbMUh.html?search_reason=search%7Corganic
1098220682,Pokój Praga-Połnoc,Praga-Północ,1000,false,https://www.olx.pl/d/oferta/pokoj-praga-polnoc-CID3-ID1ck1mO.html?search_reason=search%7Corganic
1097547848,Wynajmę pokój na Ursynowie- 4 minuty od metra Natolin,Ursynów,1400,false,https://www.olx.pl/d/oferta/wynajme-pokoj-na-ursynowie-4-minuty-od-metra-natolin-CID3-ID1chckE.html?search_reason=search%7Corganic
1097217414,"Pokój do wynajęcia, Stegny, Warneńska, Warszawa",Mokotów,1200,false,https://www.olx.pl/d/oferta/pokoj-do-wynajecia-stegny-warnenska-warszawa-CID3-ID1cfOn4.html?search_reason=search%7Corganic
1096296742,Wolne pokoje w akademiku Warszawa/Вільні місця в студентському гуртожитку Варшава,Praga-Południe,1100,false,https://www.olx.pl/d/oferta/wolne-pokoje-w-akademiku-warszawa-CID3-ID1cbVRv.html?search_reason=search%7Corganic
1096558360,Wynajmę duży pokój 21m² przy metrze Ursynów,Ursynów,1700,false,https://www.olx.pl/d/oferta/wynajme-duzy-pokoj-21m-przy-metrze-ursynow-CID3-ID1cd2Wa.html?search_reason=search%7Corganic
1095473782,Nowoczesne pokoje Rondo Wiatraczna,Praga-Południe,1200,true,https://www.olx.pl/d/oferta/nowoczesne-pokoje-rondo-wiatraczna-CID3-ID1c8uLY.html?search_reason=search%7Corganic
1097004697,Pokój jednoosobowy na Ursynowie,Ursynów,1000,false,https://www.olx.pl/d/oferta/pokoj-jednoosobowy-na-ursynowie-CID3-ID1ceW29.html?search_reason=search%7Corganic
1086408631,"Pokój 9 m2 dla kobiety, niedaleko ul. 1 Sierpnia Włochy/Ochota",Ochota,900,false,https://www.olx.pl/d/oferta/pokoj-9-m2-dla-kobiety-niedaleko-ul-1-sierpnia-wlochy-ochota-CID3-ID1bvswR.html?search_reason=search%7Corganic
1088744761,"Nowy i cichy pokój 1os w mieszkaniu 4pok dla pań, Częstochowska / Grójecka, świetna komunikacja z Centrum i Wolą",Ochota,1220,false,https://www.olx.pl/d/oferta/nowy-i-cichy-pokoj-1os-w-mieszkaniu-4pok-dla-pan-czestochowska-grojecka-swietna-komunikacja-z-centrum-i-wola-CID3-ID1bGgfn.html?search_reason=search%7Corganic
1056242242,Pokój dla dziewczyny/kobiety ścisłym centrum warszawy,Śródmieście,1200,false,https://www.olx.pl/d/oferta/pokoj-dla-dziewczyny-kobiety-scislym-centrum-warszawy-CID3-ID19tSRc.html?search_reason=search%7Cpromoted
1088802277,"Odnowiony, cichy pokój 1os., Bliska Wola, Szlenkierów, 7 min do Metra Młynów",Wola,1190,false,https://www.olx.pl/d/oferta/odnowiony-cichy-pokoj-1os-bliska-wola-szlenkierow-7-min-do-metra-mlynow-CID3-ID1bGwd3.html?search_reason=search%7Cpromoted
1098897039,"M. Politechnika - a single ROOM for rent (no commission) | PW, SGH, WUM, UW",Śródmieście,1320,false,https://www.olx.pl/d/oferta/m-politechnika-a-single-room-for-rent-no-commission-pw-sgh-wum-uw-CID3-ID1cmRjN.html?search_reason=search%7Cpromoted
1096046781,Pokój z antresolą obok Metra Bródno dla studenta - prywatny akademik - wyremontowany,Targówek,1590,false,https://www.olx.pl/d/oferta/pokoj-z-antresola-obok-metra-brodno-dla-studenta-prywatny-akademik-wyremontowany-CID3-ID1caTPT.html?search_reason=search%7Corganic
1093102565,"Pokój | Langego 6, Mokotów | balkon | BEZ PROWIZJI | od 30.09 | 719",Mokotów,1290,false,https://www.olx.pl/d/oferta/pokoj-langego-6-mokotow-balkon-bez-prowizji-od-30-09-719-CID3-ID1bYxUx.html?search_reason=search%7Corganic
1019874936,Nowy jasny pokój Bemowo osiedle Górce blisko M2 WAT,Bemowo,1300,false,https://www.olx.pl/d/oferta/nowy-jasny-pokoj-bemowo-osiedle-gorce-blisko-m2-wat-CID3-ID171i3K.html?search_reason=search%7Corganic
1093719475,[Polinezyjska 2] [Metro Imielin] Pokój nr 4,Ursynów,1100,false,https://www.olx.pl/d/oferta/polinezyjska-2-metro-imielin-pokoj-nr-4-CID3-ID1c18oH.html?search_reason=search%7Corganic
1095777388,Samodzielny Pokój Batalionu Pięść 3 Metro ks. Janusza Park Moczydło,Wola,1400,false,https://www.olx.pl/d/oferta/samodzielny-pokoj-batalionu-piesc-3-metro-ks-janusza-park-moczydlo-CID3-ID1c9LKQ.html?search_reason=search%7Corganic
1087911497,"Do wynajęcia pokój dla dziewczyny – Mokotów, ul. Noskowskiego 20 (blisko SGGW)",Mokotów,1550,false,https://www.olx.pl/d/oferta/do-wynajecia-pokoj-dla-dziewczyny-mokotow-ul-noskowskiego-20-blisko-sggw-CID3-ID1bCLtD.html?search_reason=search%7Corganic
1097506263,POKÓJ 1 osobowy z balkonem - Ursynów - metro Stokłosy od 01.10.2026,Ursynów,1600,false,https://www.olx.pl/d/oferta/pokoj-1-osobowy-z-balkonem-ursynow-metro-stoklosy-od-01-10-2026-CID3-ID1ch1wW.html?search_reason=search%7Corganic
1092772180,Pokoj od września Mokotów Sadyba  ul Jaszowiecka,Mokotów,1600,false,https://www.olx.pl/d/oferta/pokoj-od-wrzesnia-mokotow-sadyba-ul-jaszowiecka-CID3-ID1bX9XK.html?search_reason=search%7Corganic
1096895310,4 pokoje 1-os na Słodowcu - Bielany,Żoliborz,1200,false,https://www.olx.pl/d/oferta/4-pokoje-1-os-na-slodowcu-bielany-CID3-ID1ceszQ.html?search_reason=search%7Corganic
1097682341,"Bez kaucji !!!Pokój do wynajęcia dla kobiety – Warszawa Ursus, ul. Wojciechowskiego",Ursus,1800,false,https://www.olx.pl/d/oferta/bez-kaucji-pokoj-do-wynajecia-dla-kobiety-warszawa-ursus-ul-wojciechowskiego-CID3-ID1chLjT.html?search_reason=search%7Corganic
1097714634,"Pokój jednoosobowy, blisko UKSW, AWF, WAT, uniwersytet VIZJA",Bielany,1250,false,https://www.olx.pl/d/oferta/pokoj-jednoosobowy-blisko-uksw-awf-wat-uniwersytet-vizja-CID3-ID1chTIK.html?search_reason=search%7Cpromoted
1087224679,"Saska Kępa,świetny punkt,",Praga-Południe,1210,false,https://www.olx.pl/d/oferta/saska-kepa-swietny-punkt-CID3-ID1bzSNW.html?search_reason=search%7Cpromoted
1098878804,pokój 1-os.  1000 zł + media z m-cem na rowery i auto Ursynów (Natolin),Ursynów,1000,false,https://www.olx.pl/d/oferta/pokoj-1-os-1000-zl-media-z-m-cem-na-rowery-i-auto-ursynow-natolin-CID3-ID1cmMzG.html?search_reason=search%7Cpromoted
1098676774,"Pokój w mieszkaniu 60m2, Warszawa Żoliborz",Żoliborz,2150,false,https://www.olx.pl/d/oferta/pokoj-w-mieszkaniu-60m2-warszawa-zoliborz-CID3-ID1clV18.html?search_reason=search%7Corganic
1098383477,"Przytulny pokój Stegny/Mokotów, ul. Iberyjska | WiFi",Mokotów,1450,false,https://www.olx.pl/d/oferta/przytulny-pokoj-stegny-mokotow-ul-iberyjska-wifi-CID3-ID1ckHIx.html?search_reason=search%7Corganic
1097482205,Pokój przy Metrze Natolin (5 min) | Zielona okolica | 1600 zł ze wszystkim,Ursynów,1600,false,https://www.olx.pl/d/oferta/pokoj-przy-metrze-natolin-5-min-zielona-okolica-1600-zl-ze-wszystkim-CID3-ID1cgWfT.html?search_reason=search%7Corganic
1097947975,Jednoosobowy pokój Mokotów blisko  Wydziału Zarządzania UW,Mokotów,1380,false,https://www.olx.pl/d/oferta/jednoosobowy-pokoj-mokotow-blisko-wydzialu-zarzadzania-uw-CID3-ID1ciSqj.html?search_reason=search%7Corganic
1095925738,Pokój | Zwierzyniecka 9 | metro Politechnika 3km | od 22.09 | 947,Mokotów,1290,false,https://www.olx.pl/d/oferta/pokoj-zwierzyniecka-9-metro-politechnika-3km-od-22-09-947-CID3-ID1caolA.html?search_reason=search%7Corganic
1096576012,Pokój 13 m² blisko Metro Młociny | Wszystko w cenie | 2 łazienki,Bielany,1650,false,https://www.olx.pl/d/oferta/pokoj-13-m-blisko-metro-mlociny-wszystko-w-cenie-2-lazienki-CID3-ID1cd7wS.html?search_reason=search%7Corganic
558160727,Pokój 1-os. / Centrum / Metro ONZ - Wysoki Standard,Śródmieście,1600,true,https://www.olx.pl/d/oferta/pokoj-1-os-centrum-metro-onz-wysoki-standard-CID3-IDBLZ6n.html?search_reason=search%7Corganic
1090788280,Pokój jednoosobowy ul. Bonifacego 89 MOKOTÓW Sadyba Best Mall,Mokotów,1450,false,https://www.olx.pl/d/oferta/pokoj-jednoosobowy-ul-bonifacego-89-mokotow-sadyba-best-mall-CID3-ID1bOPRm.html?search_reason=search%7Corganic
1093517042,Pokój w mieszkaniu z pokojami na wynajem. Warszawa u. Bruna,Mokotów,1160,true,https://www.olx.pl/d/oferta/pokoj-w-mieszkaniu-z-pokojami-na-wynajem-warszawa-u-bruna-CID3-ID1c0hJE.html?search_reason=search%7Corganic
1095099118,Новое общежитие VIP Хостел Варшава. Hostel Warszawa Pokoje!,Białołęka,750,false,https://www.olx.pl/d/oferta/vip-hostel-warszawa-pokoje-CID3-ID1c6Wj0.html?search_reason=search%7Corganic
1098287540,Pokój 6m Konstancińska Sadyba Mokotów,Mokotów,1100,false,https://www.olx.pl/d/oferta/pokoj-6m-konstancinska-sadyba-mokotow-CID3-ID1ckiLa.html?search_reason=search%7Cpromoted
1096199644,"Bukowskiego 2A | Praga Południe | Szafa przesuwna z lustrem | SWPS, Vistula | wolne od zaraz",Praga-Południe,1190,false,https://www.olx.pl/d/oferta/bukowskiego-2a-praga-poludnie-szafa-przesuwna-z-lustrem-swps-vistula-wolne-od-zaraz-CID3-ID1cbxBq.html?search_reason=search%7Cpromoted
1080141280,"Wynajmę pokój,Praga Południe ul. Mlądzka",Praga-Południe,1000,false,https://www.olx.pl/d/oferta/wynajme-pokoj-praga-poludnie-ul-mladzka-CID3-ID1b6a5y.html?search_reason=search%7Cpromoted
1098096669,"Pokój 9 m² | Bielany, Wawrzyszew | metro 10 min | od zaraz",Bielany,1400,false,https://www.olx.pl/d/oferta/pokoj-9-m-bielany-wawrzyszew-metro-10-min-od-zaraz-CID3-ID1cjw6B.html?search_reason=search%7Corganic
1098854727,Ładny pokój wolny od zaraz / PRAGA POŁUDNIE / Ostrobramska 82 / SERWIS SPRZĄTAJĄCY / Atrium Promenada / 2 ŁAZIENKI,Praga-Południe,1150,false,https://www.olx.pl/d/oferta/ladny-pokoj-wolny-od-zaraz-praga-poludnie-ostrobramska-82-serwis-sprzatajacy-atrium-promenada-2-lazienki-CID3-ID1cmGjl.html?search_reason=search%7Corganic
1077857085,"Pokój | Bora Komorowskiego 6 | SWPS 4,4km | BEZ PROWIZJI | od zaraz | 1388",Praga-Południe,1040,false,https://www.olx.pl/d/oferta/pokoj-bora-komorowskiego-6-swps-4-4km-bez-prowizji-od-zaraz-1388-CID3-ID1aVzRH.html?search_reason=search%7Corganic
987211053,Pokój do wynajęcia- Targówek -Zacisze,Targówek,1300,false,https://www.olx.pl/d/oferta/pokoj-do-wynajecia-targowek-zacisze-CID3-ID14OeGW.html?search_reason=search%7Corganic
1090244504,Pokój WAT Bemowo (Pirenejska 6). Blisko Metro,Bemowo,1295,false,https://www.olx.pl/d/oferta/pokoj-wat-bemowo-pirenejska-6-blisko-metro-CID3-ID1bMyoM.html?search_reason=search%7Corganic
1083809761,Wynajmę pokój  18 m Ursynów Stokłosy,Ursynów,1300,false,https://www.olx.pl/d/oferta/wynajme-pokoj-18-m-ursynow-stoklosy-CID3-ID1blyqB.html?search_reason=search%7Corganic
1098737329,Pokój 13m2 ul. Wolumen 7 min od metra Wawrzyszew Warszawa Bielany,Bielany,1400,false,https://www.olx.pl/d/oferta/pokoj-13m2-ul-wolumen-7-min-od-metra-wawrzyszew-warszawa-bielany-CID3-ID1cmbLP.html?search_reason=search%7Corganic
1083363967,"Pokój | Janowskiego 9 | metro Stokłosy 1,3km | od zaraz | 301",Ursynów,1240,false,https://www.olx.pl/d/oferta/pokoj-janowskiego-9-metro-stoklosy-1-3km-od-zaraz-301-CID3-ID1bjGsn.html?search_reason=search%7Corganic
1092188684,"Słoneczny, ładny, ul. Sobieskiego / Burgaska, blisko SGGW, 18 min. do Politechnika, młodzi lokatorzy, bezpośrednio od właściciela",Mokotów,1220,false,https://www.olx.pl/d/oferta/sloneczny-ladny-ul-sobieskiego-burgaska-blisko-sggw-18-min-do-politechnika-mlodzi-lokatorzy-bezposrednio-od-wlasciciela-CID3-ID1bUIav.html?search_reason=search%7Corganic
1098559591,Pokój 10m2 Saska Kępa od 1 listopada,Praga-Południe,1280,false,https://www.olx.pl/d/oferta/pokoj-10m2-saska-kepa-od-1-listopada-CID3-ID1clrx5.html?search_reason=search%7Corganic
1098324988,Mały pokój metro Targówek mieszkaniowy,Targówek,1450,true,https://www.olx.pl/d/oferta/maly-pokoj-metro-targowek-mieszkaniowy-CID3-ID1ckswa.html?search_reason=search%7Cpromoted
1097601807,"3 minuty do metra imielin, blisko Vistula i SGGW",Ursynów,1200,false,https://www.olx.pl/d/oferta/3-minuty-do-metra-imielin-blisko-vistula-i-sggw-CID3-ID1chqmX.html?search_reason=search%7Cpromoted
683149252,Wolne od  WRZEŚNIA 2026  POKÓJ 9m  ul Racławicka 4 Górny Mokotow centrum,Mokotów,1499,false,https://www.olx.pl/d/oferta/wolne-od-wrzesnia-2026-pokoj-9m-ul-raclawicka-4-gorny-mokotow-centrum-CID3-IDKeqkk.html?search_reason=search%7Cpromoted
1098342719,Wynajme pokój na Hlonda wilanow,Wilanów,1799,false,https://www.olx.pl/d/oferta/wynajme-pokoj-na-hlonda-wilanow-CID3-ID1ckx79.html?search_reason=search%7Corganic
1085878331,Komfortowy pokój 1-os. na Targówku – Metro Targówek Mieszkaniowy tuż  pod nosem!,Targówek,750,false,https://www.olx.pl/d/oferta/komfortowy-pokoj-1-os-na-targowku-metro-targowek-mieszkaniowy-tuz-pod-nosem-CID3-ID1bueyD.html?search_reason=search%7Corganic
1091547934,"Pokój | Przybylskiego 11 | metro Imielin 1,1km | od zaraz | 351",Ursynów,1350,true,https://www.olx.pl/d/oferta/pokoj-przybylskiego-11-metro-imielin-1-1km-od-zaraz-351-CID3-ID1bS1tQ.html?search_reason=search%7Corganic
1091564699,"Pokój | Kameralna 1, Praga Północ | BEZ PROWIZJI | od 25.09 | 970",Praga-Północ,1190,false,https://www.olx.pl/d/oferta/pokoj-kameralna-1-praga-polnoc-bez-prowizji-od-25-09-970-CID3-ID1bS5Qf.html?search_reason=search%7Corganic
1043610165,Pokój jednoosobowy na URSYNOWIE - METRO NATOLIN,Ursynów,1200,false,https://www.olx.pl/d/oferta/pokoj-jednoosobowy-na-ursynowie-metro-natolin-CID3-ID18CSG1.html?search_reason=search%7Corganic
1096472219,Wynajmę jednoosobowy pokój niedaleko Arkadii,Wola,1450,false,https://www.olx.pl/d/oferta/wynajme-jednoosobowy-pokoj-niedaleko-arkadii-CID3-ID1ccGwN.html?search_reason=search%7Corganic
1095358197,"Duży, cichy, odnowiony pokój 1os., Bliska Wola, Szlenkierów, 7 min do Metra Młynów",Wola,1290,false,https://www.olx.pl/d/oferta/duzy-cichy-odnowiony-pokoj-1os-bliska-wola-szlenkierow-7-min-do-metra-mlynow-CID3-ID1c80HH.html?search_reason=search%7Corganic
1097741439,Pokój na Tarchominie ul. Picassa,Białołęka,1350,false,https://www.olx.pl/d/oferta/pokoj-na-tarchominie-ul-picassa-CID3-ID1ci0H5.html?search_reason=search%7Corganic
1098131191,"Widny pokój jednoosobowy, dobry dojazd do centrum",Praga-Południe,1180,false,https://www.olx.pl/d/oferta/widny-pokoj-jednoosobowy-dobry-dojazd-do-centrum-CID3-ID1cjE5p.html?search_reason=search%7Corganic
1095434419,"Pokój 1os. Niepodległości/Woronicza, przy samym Metrze Wierzbno, odnowione mieszkanie dla pań",Mokotów,1240,false,https://www.olx.pl/d/oferta/pokoj-1os-niepodleglosci-woronicza-przy-samym-metrze-wierzbno-odnowione-mieszkanie-dla-pan-CID3-ID1c8kx5.html?search_reason=search%7Corganic
1056242242,Pokój dla dziewczyny/kobiety ścisłym centrum warszawy,Śródmieście,1200,false,https://www.olx.pl/d/oferta/pokoj-dla-dziewczyny-kobiety-scislym-centrum-warszawy-CID3-ID19tSRc.html?search_reason=search%7Cpromoted
1088802277,"Odnowiony, cichy pokój 1os., Bliska Wola, Szlenkierów, 7 min do Metra Młynów",Wola,1190,false,https://www.olx.pl/d/oferta/odnowiony-cichy-pokoj-1os-bliska-wola-szlenkierow-7-min-do-metra-mlynow-CID3-ID1bGwd3.html?search_reason=search%7Cpromoted
1097748296,Pokój do wynajęcia OD ZARAZ / Wilanów / Mokotów / SERWIS SPRZĄTAJĄCY / Sobieskiego / Wiertnicza / Powsińska / Aleja Wilanowska / Rzeczypospolitej,Wilanów,1150,false,https://www.olx.pl/d/oferta/pokoj-do-wynajecia-od-zaraz-wilanow-mokotow-serwis-sprzatajacy-sobieskiego-wiertnicza-powsinska-aleja-wilanowska-rzeczypospolitej-CID3-ID1ci2tG.html?search_reason=search%7Cpromoted
1095873752,750 злотых месяц проживания. Общежитие Wilanów. VIP HOSTEL Warszaw,Wilanów,750,false,https://www.olx.pl/d/oferta/750-wilanow-vip-hostel-warszaw-CID3-ID1caaP6.html?search_reason=search%7Corganic
1090660370,"Pokój | Łojewska 5 | metro Bródno 1,2km | BEZ PROWIZJI | od zaraz | 872",Targówek,1090,false,https://www.olx.pl/d/oferta/pokoj-lojewska-5-metro-brodno-1-2km-bez-prowizji-od-zaraz-872-CID3-ID1bOiAi.html?search_reason=search%7Corganic
1097115098,Bright single room | Bielany | English-speaking flatmates | Wi-Fi included,Bielany,1400,false,https://www.olx.pl/d/oferta/bright-single-room-bielany-english-speaking-flatmates-wi-fi-included-CID3-ID1cfnKO.html?search_reason=search%7Corganic
1096959691,Pokój na Bielanach | ul. Wrzeciono 47,Bielany,1400,false,https://www.olx.pl/d/oferta/pokoj-na-bielanach-ul-wrzeciono-47-CID3-ID1ceJkf.html?search_reason=search%7Corganic
1090935195,"Pokój | Bracławska 10, Praga Południe | BEZ PROWIZJI | od zaraz | 743",Praga-Południe,1290,false,https://www.olx.pl/d/oferta/pokoj-braclawska-10-praga-poludnie-bez-prowizji-od-zaraz-743-CID3-ID1bPs4X.html?search_reason=search%7Corganic
1098296789,Pokój mieszkanie Bemowo,Bemowo,1600,false,https://www.olx.pl/d/oferta/pokoj-mieszkanie-bemowo-CID3-ID1cklal.html?search_reason=search%7Corganic
930122493,"Pokój 1-os. na Kabatach – Metro M1 i SGGW 17 min, Mielczarskiego 10",Ursynów,900,false,https://www.olx.pl/d/oferta/pokoj-1-os-na-kabatach-metro-m1-i-sggw-17-min-mielczarskiego-10-CID3-ID10VHlH.html?search_reason=search%7Corganic
1090789269,Pokój jednoosobowy ul. Jaszowiecka 5 – MOKOTÓW,Mokotów,1450,false,https://www.olx.pl/d/oferta/pokoj-jednoosobowy-ul-jaszowiecka-5-mokotow-CID3-ID1bOQ7j.html?search_reason=search%7Corganic
1097741474,Pokój jednoosobowy,Bielany,2400,false,https://www.olx.pl/d/oferta/pokoj-jednoosobowy-CID3-ID1ci0HE.html?search_reason=search%7Corganic
1089523150,750 злотых в месяц Новое общежитие Варшава VIP Хостел. Hostel.,Śródmieście,750,false,https://www.olx.pl/d/oferta/750-vip-hostel-CID3-ID1bJvK2.html?search_reason=search%7Corganic
1098897039,"M. Politechnika - a single ROOM for rent (no commission) | PW, SGH, WUM, UW",Śródmieście,1320,false,https://www.olx.pl/d/oferta/m-politechnika-a-single-room-for-rent-no-commission-pw-sgh-wum-uw-CID3-ID1cmRjN.html?search_reason=search%7Cpromoted
1097714634,"Pokój jednoosobowy, blisko UKSW, AWF, WAT, uniwersytet VIZJA",Bielany,1250,false,https://www.olx.pl/d/oferta/pokoj-jednoosobowy-blisko-uksw-awf-wat-uniwersytet-vizja-CID3-ID1chTIK.html?search_reason=search%7Cpromoted
1036652523,"Al. Jana Pawła II ,1, 2 pers. room, very center",Śródmieście,1250,false,https://www.olx.pl/d/oferta/al-jana-pawla-ii-1-2-pers-room-very-center-CID3-ID189GFZ.html?search_reason=search%7Cpromoted
1095145466,2 . 3 месные номера |Для студентов и работающих! Hostel! Хостел,Mokotów,750,false,https://www.olx.pl/d/oferta/2-3-hostel-CID3-ID1c77my.html?search_reason=search%7Corganic
1050269005,"Pokój 12m na Ursynów - Pięciolinii (niskie rachunki) - od zaraz, wrzesień tylko 500zł",Ursynów,1050,false,https://www.olx.pl/d/oferta/pokoj-12m-na-ursynow-pieciolinii-niskie-rachunki-od-zaraz-wrzesien-tylko-500zl-CID3-ID194OVF.html?search_reason=search%7Corganic
1086402704,"Duży pokój 1-os. przy Metro Bemowo – Kossutha 2, WAT 6 min!",Bemowo,1000,false,https://www.olx.pl/d/oferta/duzy-pokoj-1-os-przy-metro-bemowo-kossutha-2-wat-6-min-CID3-ID1bvqYg.html?search_reason=search%7Corganic
1093480826,Pokój z balkonem dla dziewczyny od października obok SGGW,Ursynów,1250,false,https://www.olx.pl/d/oferta/pokoj-z-balkonem-dla-dziewczyny-od-pazdziernika-obok-sggw-CID3-ID1c08jv.html?search_reason=search%7Corganic
1097560601,"Wygodny pokój 1-osobowy, Saska Kępa, ul. Brazylijska",Praga-Południe,1300,false,https://www.olx.pl/d/oferta/wygodny-pokoj-1-osobowy-saska-kepa-ul-brazylijska-CID3-ID1chfEl.html?search_reason=search%7Corganic
1043541872,UW Centrum Śródmieście Jana Pawła II 38 Hala Mirowska Kino Femina,Śródmieście,1850,false,https://www.olx.pl/d/oferta/uw-centrum-srodmiescie-jana-pawla-ii-38-hala-mirowska-kino-femina-CID3-ID18CAUv.html?search_reason=search%7Corganic
1098580533,Pokój Metro Rondo Daszyńskiego ul. Jaktorowska 8 od zaraz,Wola,1200,false,https://www.olx.pl/d/oferta/pokoj-metro-rondo-daszynskiego-ul-jaktorowska-8-od-zaraz-CID3-ID1clvYR.html?search_reason=search%7Corganic
1098410962,"Pokój 12m – Bielany, Chomiczówka (Metro Wawrzyszew) | Dostępny od zaraz!",Bielany,1500,false,https://www.olx.pl/d/oferta/pokoj-12m-bielany-chomiczowka-metro-wawrzyszew-dostepny-od-zaraz-CID3-ID1ckORQ.html?search_reason=search%7Corganic
1096343121,Pokój | Andersena 6 | metro Wawrzyszew 750m | od zaraz | 1568,Bielany,1090,false,https://www.olx.pl/d/oferta/pokoj-andersena-6-metro-wawrzyszew-750m-od-zaraz-1568-CID3-ID1cc8Wz.html?search_reason=search%7Corganic
1096520117,"Pokój do wynajęcia, Bemowo, szybki internet, atrakcyjna lokalizacja",Bemowo,1280,false,https://www.olx.pl/d/oferta/pokoj-do-wynajecia-bemowo-szybki-internet-atrakcyjna-lokalizacja-CID3-ID1ccSYl.html?search_reason=search%7Corganic
1087224679,"Saska Kępa,świetny punkt,",Praga-Południe,1210,false,https://www.olx.pl/d/oferta/saska-kepa-swietny-punkt-CID3-ID1bzSNW.html?search_reason=search%7Cpromoted
1098878804,pokój 1-os.  1000 zł + media z m-cem na rowery i auto Ursynów (Natolin),Ursynów,1000,false,https://www.olx.pl/d/oferta/pokoj-1-os-1000-zl-media-z-m-cem-na-rowery-i-auto-ursynow-natolin-CID3-ID1cmMzG.html?search_reason=search%7Cpromoted
1085876067,Ładny pokój 1-os. na Mokotowie – SGGW zaledwie 7 min!  Ul. Egejska 5,Mokotów,950,false,https://www.olx.pl/d/oferta/ladny-pokoj-1-os-na-mokotowie-sggw-zaledwie-7-min-ul-egejska-5-CID3-ID1budY7.html?search_reason=search%7Cpromoted
1096974496,750 злотых в месяц Новое общежитие Район: Мокотув Вавер! Хостел,Mokotów,750,false,https://www.olx.pl/d/oferta/750-CID3-ID1ceNb2.html?search_reason=search%7Corganic
1096108367,Pokój w pobliżu AWF,Bielany,1200,false,https://www.olx.pl/d/oferta/pokoj-w-poblizu-awf-CID3-ID1cb9Rd.html?search_reason=search%7Corganic
1051939069,Pokój na wynajem Warszawa Gocław,Praga-Południe,1300,false,https://www.olx.pl/d/oferta/pokoj-na-wynajem-warszawa-goclaw-CID3-ID19bPpb.html?search_reason=search%7Corganic
1094721454,750 злотых месяц. VIP общежитие. Hostel Ursynów / Mokotów Хостел !,Ursynów,750,false,https://www.olx.pl/d/oferta/750-vip-hostel-ursynow-mokotow-CID3-ID1c5l3E.html?search_reason=search%7Corganic
1098714833,"Duży, nieprzechodni, pokój dla 2 lub 1 osoby, z balkonem, w bardzo dobrze skomunikowanej lokalizacji",Bielany,1500,false,https://www.olx.pl/d/oferta/duzy-nieprzechodni-pokoj-dla-2-lub-1-osoby-z-balkonem-w-bardzo-dobrze-skomunikowanej-lokalizacji-CID3-ID1cm5UZ.html?search_reason=search%7Corganic
1093685084,(od 1 października) Pokój 1 osobowy na Mokotowie - ul. Czerniakowska 38,Mokotów,990,false,https://www.olx.pl/d/oferta/od-1-pazdziernika-pokoj-1-osobowy-na-mokotowie-ul-czerniakowska-38-CID3-ID1c0Zs0.html?search_reason=search%7Corganic
1028559215,Pokój na Długosza 22,Wola,1500,false,https://www.olx.pl/d/oferta/pokoj-na-dlugosza-22-CID3-ID17BJeL.html?search_reason=search%7Corganic
1098023272,Do wynajęcia pokój dla jednej osoby na Pradze Północ,Praga-Północ,1200,false,https://www.olx.pl/d/oferta/do-wynajecia-pokoj-dla-jednej-osoby-na-pradze-polnoc-CID3-ID1cjc0M.html?search_reason=search%7Corganic
1076781224,Pokój 1 os. wolny od zaraz - 12 minut do Metra Bemowo - ul. Muszlowa - Bemowo.,Bemowo,1199,false,https://www.olx.pl/d/oferta/pokoj-1-os-wolny-od-zaraz-12-minut-do-metra-bemowo-ul-muszlowa-bemowo-CID3-ID1aS3Z6.html?search_reason=search%7Corganic
1096930200,Pokój do wynajęcia w Warszawie na Bielanach,Bielany,1100,false,https://www.olx.pl/d/oferta/pokoj-do-wynajecia-w-warszawie-na-bielanach-CID3-ID1ceBEA.html?search_reason=search%7Corganic
1095193183,"Pokój dla studenta/-tki / Mokotów Egejska / 20-30 minut UW, PW, SGH, SGGW, Łazarski, Vistula, Merito",Mokotów,1150,false,https://www.olx.pl/d/oferta/pokoj-dla-studenta-tki-mokotow-egejska-20-30-minut-uw-pw-sgh-sggw-lazarski-vistula-merito-CID3-ID1c7jMb.html?search_reason=search%7Cpromoted
1098910825,Szukam współlokatorki,Wola,1400,false,https://www.olx.pl/d/oferta/szukam-wspollokatorki-CID3-ID1cmUU9.html?search_reason=search%7Cpromoted
1093134638,"Pokój w mieszkaniu studenckim, blisko WUM i Centrum, dla kobiet",Ochota,1450,false,https://www.olx.pl/d/oferta/pokoj-w-mieszkaniu-studenckim-blisko-wum-i-centrum-dla-kobiet-CID3-ID1bYGfQ.html?search_reason=search%7Cpromoted
1095993588,Pokoj 10 mtr Bemowo blisko VAT,Bemowo,1100,false,https://www.olx.pl/d/oferta/pokoj-10-mtr-bemowo-blisko-vat-CID3-ID1caFZV.html?search_reason=search%7Corganic
1085972044,Pokój | Wita Stwosza 17a | metro Służew 750m | od zaraz | 775,Mokotów,1290,false,https://www.olx.pl/d/oferta/pokoj-wita-stwosza-17a-metro-sluzew-750m-od-zaraz-775-CID3-ID1buCV8.html?search_reason=search%7Corganic
1094792072,"pokój do wynajęcia Willa Viessa Nova, TYLKO DLA KOBIET, Warszawa Ursynów, blisko do UW SGGW SGH, Łazarski, Vistula pokoje z balkonami",Ursynów,1000,false,https://www.olx.pl/d/oferta/pokoj-do-wynajecia-willa-viessa-nova-tylko-dla-kobiet-warszawa-ursynow-blisko-do-uw-sggw-sgh-lazarski-vistula-pokoje-z-balkonami-CID3-ID1c5DqE.html?search_reason=search%7Corganic
1092609228,pokój do wynajęcia | Bielany | metro Młociny | Vizja | SGH | galeria Młociny,Bielany,1670,false,https://www.olx.pl/d/oferta/pokoj-do-wynajecia-bielany-metro-mlociny-vizja-sgh-galeria-mlociny-CID3-ID1bVtzu.html?search_reason=search%7Corganic
1097669864,Pokój 11 m² na Starym Mokotowie — 450 m do metra Racławicka,Mokotów,1700,false,https://www.olx.pl/d/oferta/pokoj-11-m-na-starym-mokotowie-450-m-do-metra-raclawicka-CID3-ID1chI4E.html?search_reason=search%7Corganic
1059765757,"Duże pokoje na Ursynowie (metro Stokłosy, SGGW Vistula) od października",Ursynów,1150,false,https://www.olx.pl/d/oferta/duze-pokoje-na-ursynowie-metro-stoklosy-sggw-vistula-od-pazdziernika-CID3-ID19IFu5.html?search_reason=search%7Corganic
1098583133,"Pokój 20 m² z dużym balkonem – Warszawa, Jelonki – dostępny od zaraz 1600 zł",Bemowo,1600,false,https://www.olx.pl/d/oferta/pokoj-20-m-z-duzym-balkonem-warszawa-jelonki-dostepny-od-zaraz-1600-zl-CID3-ID1clxEN.html?search_reason=search%7Corganic
1095426343,"Duży pokój 1os z balkonem, Drawska, Park Szczęśliwicki, komfortowo, same panie",Ochota,1490,false,https://www.olx.pl/d/oferta/duzy-pokoj-1os-z-balkonem-drawska-park-szczesliwicki-komfortowo-same-panie-CID3-ID1c8iqP.html?search_reason=search%7Corganic
1095354307,"Duży pokój 1os, Opaczewska przy Szczęśliwickiej obok Blue CIty, dobra komunikacja, mieszkanie dla pań",Ochota,1240,false,https://www.olx.pl/d/oferta/duzy-pokoj-1os-opaczewska-przy-szczesliwickiej-obok-blue-city-dobra-komunikacja-mieszkanie-dla-pan-CID3-ID1c7ZGX.html?search_reason=search%7Corganic
1092969243,"Słoneczny, ładny, ul. Sobieskiego / Burgaska, blisko SGGW, 18 min. do Politechnika, młodzi lokatorzy, bezpośrednio od właściciela",Mokotów,1220,false,https://www.olx.pl/d/oferta/sloneczny-ladny-ul-sobieskiego-burgaska-blisko-sggw-18-min-do-politechnika-mlodzi-lokatorzy-bezposrednio-od-wlasciciela-CID3-ID1bXZeb.html?search_reason=search%7Corganic
1098194935,"Pokój Jednoosobowy / Single Room For Rent – BEMOWO, UL. WYKI 7 | METRO BEMOWO | WAT",Bemowo,1300,false,https://www.olx.pl/d/oferta/pokoj-jednoosobowy-single-room-for-rent-bemowo-ul-wyki-7-metro-bemowo-wat-CID3-ID1cjUFx.html?search_reason=search%7Cpromoted
589438979,Pokój 1-os. przy Galerii Mokotów Westfield - WYSOKI STANDARD,Mokotów,1400,true,https://www.olx.pl/d/oferta/pokoj-1-os-przy-galerii-mokotow-westfield-wysoki-standard-CID3-IDDTe0j.html?search_reason=search%7Cpromoted
1070427450,"Pokój jednoosobowy - ul. Kluczowa 10, BIELANY",Mokotów,1450,false,https://www.olx.pl/d/oferta/pokoj-jednoosobowy-ul-kluczowa-10-bielany-CID3-ID1arp4S.html?search_reason=search%7Cpromoted
1088774647,"Pokój | Marsylska 7 | metro Służew 2,2km | BEZ PROWIZJI | od zaraz | 500",Mokotów,1290,false,https://www.olx.pl/d/oferta/pokoj-marsylska-7-metro-sluzew-2-2km-bez-prowizji-od-zaraz-500-CID3-ID1bGo1p.html?search_reason=search%7Corganic
1095415765,Pokój 10 m² Metro Imielin,Ursynów,1100,false,https://www.olx.pl/d/oferta/pokoj-10-m-metro-imielin-CID3-ID1c8fGd.html?search_reason=search%7Corganic
1077425187,Pokój z dużym łóżkiem na Bemowo ul. Karabeli 9,Praga-Południe,1400,false,https://www.olx.pl/d/oferta/pokoj-z-duzym-lozkiem-na-bemowo-ul-karabeli-9-CID3-ID1aULwB.html?search_reason=search%7Corganic
1090634058,**The room in the center available from now**,Śródmieście,1200,false,https://www.olx.pl/d/oferta/the-room-in-the-center-available-from-now-CID3-ID1bObJU.html?search_reason=search%7Corganic
1098655765,pokój do wynajęcia Ursynów ul. Ciszewskiego 9,Ursynów,1700,false,https://www.olx.pl/d/oferta/pokoj-do-wynajecia-ursynow-ul-ciszewskiego-9-CID3-ID1clQyh.html?search_reason=search%7Corganic
1097411098,750 злотых месяц проживания- Новое общежитие Варшава! Hostel! RU/UA,Mokotów,750,false,https://www.olx.pl/d/oferta/750-hostel-ru-ua-CID3-ID1cgCL0.html?search_reason=search%7Corganic
1090920014,!!!SUPER OFERTA w nowym apartamentowcu!!! Pokój Ryżowa,Ursus,1350,false,https://www.olx.pl/d/oferta/super-oferta-w-nowym-apartamentowcu-pokoj-ryzowa-CID3-ID1bPo86.html?search_reason=search%7Corganic
1078434521,Pokój do wynajęcia – Warszawa Targówek | Metro tuż obok | OD 21 WRZEŚNIA,Targówek,1600,false,https://www.olx.pl/d/oferta/pokoj-do-wynajecia-warszawa-targowek-metro-tuz-obok-od-21-wrzesnia-CID3-ID1aZ05b.html?search_reason=search%7Corganic
1098163117,Pokoj jednoosobowy z balkonem,Ursynów,950,false,https://www.olx.pl/d/oferta/pokoj-jednoosobowy-z-balkonem-CID3-ID1cjMol.html?search_reason=search%7Corganic
1097830169,"Bardzo ładny, przestronny pokój u. Burgaska / Sobieskiego blisko SGGW",Mokotów,1380,false,https://www.olx.pl/d/oferta/bardzo-ladny-przestronny-pokoj-u-burgaska-sobieskiego-blisko-sggw-CID3-ID1cinMd.html?search_reason=search%7Corganic
1093820117,"Pokój dla 1 osoby| Targówek, k metra Trocka | 1.980 zł, kod pokoju KP3 - idealne dla studentek",Targówek,1590,false,https://www.olx.pl/d/oferta/pokoj-dla-1-osoby-targowek-k-metra-trocka-1-980-zl-kod-pokoju-kp3-idealne-dla-studentek-CID3-ID1c1yzX.html?search_reason=search%7Cpromoted
1063134608,Pokoj dwuosobowy bialoleka,Białołęka,1400,false,https://www.olx.pl/d/oferta/pokoj-dwuosobowy-bialoleka-CID3-ID19VNSo.html?search_reason=search%7Cpromoted
1092179484,"Wynajmę oddzielny pokój, dzielnica Włochy, Krańcowa 63, bezpośrednie wyjście na taras, Ogródek, dostępne od zaraz, Polecam!!!",Włochy,1400,false,https://www.olx.pl/d/oferta/wynajme-oddzielny-pokoj-dzielnica-wlochy-krancowa-63-bezposrednie-wyjscie-na-taras-ogrodek-dostepne-od-zaraz-polecam-CID3-ID1bUFM8.html?search_reason=search%7Cpromoted
1098239821,Выгодные комнаты Warszawa • НОВЫЙ КОМФОРТНЫЙ ХОСТЕЛ • 750 zł / месяц проживание •,Ursynów,750,false,https://www.olx.pl/d/oferta/warszawa-750-zl-CID3-ID1ck6lw.html?search_reason=search%7Corganic
1095922658,"Pokój 2-os. | Solec 83, Śródmieście | BEZ PROWIZJI | od 30.09 | 366",Śródmieście,875,false,https://www.olx.pl/d/oferta/pokoj-2-os-solec-83-srodmiescie-bez-prowizji-od-30-09-366-CID3-ID1canxU.html?search_reason=search%7Corganic
1090883070,ХОСТЕЛ / HOSTEL Warszawa • Новые комнаты 2-3 osobowe • Ursynów Pokoje,Ursynów,750,false,https://www.olx.pl/d/oferta/hostel-warszawa-2-3-osobowe-ursynow-pokoje-CID3-ID1bPeve.html?search_reason=search%7Corganic
1098873780,"Pokój 12,5 m2, Jana Kazimierza, mieszkanie 3-pok., 2 łazienki, wysoki standard, od 1.10",Wola,1900,false,https://www.olx.pl/d/oferta/pokoj-12-5-m2-jana-kazimierza-mieszkanie-3-pok-2-lazienki-wysoki-standard-od-1-10-CID3-ID1cmLgE.html?search_reason=search%7Corganic
1097397891,SWPS 13 min rowerem 25 transportem publicznym cichy pokoj z balkonem,Praga-Południe,1900,false,https://www.olx.pl/d/oferta/swps-13-min-rowerem-25-transportem-publicznym-cichy-pokoj-z-balkonem-CID3-ID1cgzjZ.html?search_reason=search%7Corganic
1096494571,Pokój 17m² z dużym balkonem | Wszystkie opłaty w cenie | Metro 10 min,Bemowo,2300,false,https://www.olx.pl/d/oferta/pokoj-17m-z-duzym-balkonem-wszystkie-oplaty-w-cenie-metro-10-min-CID3-ID1ccMkj.html?search_reason=search%7Corganic
1095726283,"Pokoje do wynajęcia dla młodych osób blisko METRO TROCKA, Warszawa Targówek Warszawa Targówek",Targówek,1100,false,https://www.olx.pl/d/oferta/pokoje-do-wynajecia-dla-mlodych-osob-blisko-metro-trocka-warszawa-targowek-warszawa-targowek-CID3-ID1c9ysz.html?search_reason=search%7Corganic
1093105798,"Studio| Metro Trocka 850 m | 2.640 zł, kod studia KK5",Targówek,1990,false,https://www.olx.pl/d/oferta/studio-metro-trocka-850-m-2-640-zl-kod-studia-kk5-CID3-ID1bYyKG.html?search_reason=search%7Corganic
1093060903,"1100zł z mediami. Od teraz/października, metro Natolin, Ursynów, SGGW",Ursynów,800,false,https://www.olx.pl/d/oferta/1100zl-z-mediami-od-teraz-pazdziernika-metro-natolin-ursynow-sggw-CID3-ID1bYn4z.html?search_reason=search%7Corganic
1095800046,Wynajmę pokój na Racławickiej 8 w Warszawie,Mokotów,1250,true,https://www.olx.pl/d/oferta/wynajme-pokoj-na-raclawickiej-8-w-warszawie-CID3-ID1c9REi.html?search_reason=search%7Corganic
1085972044,Pokój | Wita Stwosza 17a | metro Służew 750m | od zaraz | 775,Mokotów,1290,false,https://www.olx.pl/d/oferta/pokoj-wita-stwosza-17a-metro-sluzew-750m-od-zaraz-775-CID3-ID1buCV8.html?search_reason=search%7Cpromoted
1094843008,"Pokój w mieszkaniu tylko dla Pań m. Ursynów 11 m2! SGGW, VISTULI, WSTiR, WZ UW",Ursynów,1100,false,https://www.olx.pl/d/oferta/pokoj-w-mieszkaniu-tylko-dla-pan-m-ursynow-11-m2-sggw-vistuli-wstir-wz-uw-CID3-ID1c5QGc.html?search_reason=search%7Cpromoted
1074395767,"Pokój | Zamiany 15, Ursynów | BEZ PROWIZJI | od zaraz | 1118",Ursynów,1190,false,https://www.olx.pl/d/oferta/pokoj-zamiany-15-ursynow-bez-prowizji-od-zaraz-1118-CID3-ID1aI3pZ.html?search_reason=search%7Cpromoted
1095800046,Wynajmę pokój na Racławickiej 8 w Warszawie,Mokotów,1250,true,https://www.olx.pl/d/oferta/wynajme-pokoj-na-raclawickiej-8-w-warszawie-CID3-ID1c9REi.html?search_reason=search%7Corganic
1093155393,Przytulny pokój z BALKONEM 1 os. Na Mokotowie | blisko UW SGH SGGW | Bartłomieja 10,Mokotów,1270,false,https://www.olx.pl/d/oferta/przytulny-pokoj-z-balkonem-1-os-na-mokotowie-blisko-uw-sgh-sggw-bartlomieja-10-CID3-ID1bYLEB.html?search_reason=search%7Corganic
1097408030,Pokój w centrum Warszawy ul Anielewicza w poblizu  Jana Pawła II,Śródmieście,1350,false,https://www.olx.pl/d/oferta/pokoj-w-centrum-warszawy-ul-anielewicza-w-poblizu-jana-pawla-ii-CID3-ID1cgBXv.html?search_reason=search%7Corganic
1089753648,6 pokoi w świeżo wyremontowanym mieszkaniu - Jana Olbrachta 112a na Bemowie,Bemowo,1250,false,https://www.olx.pl/d/oferta/6-pokoi-w-swiezo-wyremontowanym-mieszkaniu-jana-olbrachta-112a-na-bemowie-CID3-ID1bKuHK.html?search_reason=search%7Corganic
1096880233,Pokój w mieszkaniu 4-os. | Jutrzenki | blisko WKD Raków,Włochy,1700,false,https://www.olx.pl/d/oferta/pokoj-w-mieszkaniu-4-os-jutrzenki-blisko-wkd-rakow-CID3-ID1ceoEF.html?search_reason=search%7Corganic
1097465499,Wynajmę pokój w mieszkaniu na Mokotowie,Mokotów,1400,false,https://www.olx.pl/d/oferta/wynajme-pokoj-w-mieszkaniu-na-mokotowie-CID3-ID1cgQUr.html?search_reason=search%7Corganic
727684078,"Kaspijska 1 | Mokotów | Tramwaj i autobus pod domem | SGGW, Vistula, SGH, ŁAZARSKI | wolne od zaraz",Mokotów,1290,false,https://www.olx.pl/d/oferta/kaspijska-1-mokotow-tramwaj-i-autobus-pod-domem-sggw-vistula-sgh-lazarski-wolne-od-zaraz-CID3-IDNfhRY.html?search_reason=search%7Corganic
1097654482,Górny Mokotów Racławicka - WOLNY POKÓJ OD ZARAZ,Wola,1600,false,https://www.olx.pl/d/oferta/gorny-mokotow-raclawicka-wolny-pokoj-od-zaraz-CID3-ID1chE4y.html?search_reason=search%7Corganic
1070427450,"Pokój jednoosobowy - ul. Kluczowa 10, BIELANY",Mokotów,1450,false,https://www.olx.pl/d/oferta/pokoj-jednoosobowy-ul-kluczowa-10-bielany-CID3-ID1arp4S.html?search_reason=search%7Corganic
918212994,Mokotów 1 os. Pokój do wynajęcia obok SGH metro Pole Mokotowskie,Mokotów,1000,false,https://www.olx.pl/d/oferta/mokotow-1-os-pokoj-do-wynajecia-obok-sgh-metro-pole-mokotowskie-CID3-ID108J90.html?search_reason=search%7Corganic
1092565939,"Pokój przy m. Ursynów 11 m2! SGGW, VISTULI, WSTiR, WZ UW, Politechnika",Ursynów,1230,false,https://www.olx.pl/d/oferta/pokoj-przy-m-ursynow-11-m2-sggw-vistuli-wstir-wz-uw-politechnika-CID3-ID1bVijh.html?search_reason=search%7Cpromoted
1086806901,Przytulny pokój 1-os. WILANÓW/MOKOTÓW – 600 m od TVN!,Mokotów,700,false,https://www.olx.pl/d/oferta/przytulny-pokoj-1-os-wilanow-mokotow-600-m-od-tvn-CID3-ID1by87z.html?search_reason=search%7Cpromoted
1093713125,Pokoje do wynajęcia od zaraz! Targówek,Targówek,1900,false,https://www.olx.pl/d/oferta/pokoje-do-wynajecia-od-zaraz-targowek-CID3-ID1c16Kh.html?search_reason=search%7Cpromoted
1097745182,"Wynajmę pokój 12m2/BIELANY blisko stacji metra Marymont, Bezpośrednio",Bielany,1500,false,https://www.olx.pl/d/oferta/wynajme-pokoj-12m2-bielany-blisko-stacji-metra-marymont-bezposrednio-CID3-ID1ci1Fs.html?search_reason=search%7Corganic
1096489265,Polkuj wolny od zaraz,Ursynów,999,true,https://www.olx.pl/d/oferta/polkuj-wolny-od-zaraz-CID3-ID1ccKVJ.html?search_reason=search%7Corganic
1071732297,Pokój w 3-pokojowym mieszkami ul. Przy Agorze,Bielany,1400,false,https://www.olx.pl/d/oferta/pokoj-w-3-pokojowym-mieszkami-ul-przy-agorze-CID3-ID1avSvN.html?search_reason=search%7Corganic
910935352,Pokój Targówek od zaraz wifi-światłowód siłownia,Śródmieście,1350,false,https://www.olx.pl/d/oferta/pokoj-targowek-od-zaraz-wifi-swiatlowod-silownia-CID3-IDZEbTG.html?search_reason=search%7Corganic
1077455499,Pokój Jednoosobowy Przy Westfield Mokotów,Mokotów,1250,false,https://www.olx.pl/d/oferta/pokoj-jednoosobowy-przy-westfield-mokotow-CID3-ID1aUTow.html?search_reason=search%7Corganic
1097413618,Pokój na wynajem – ul. Włodarzewska 57A,Ochota,1500,false,https://www.olx.pl/d/oferta/pokoj-na-wynajem-ul-wlodarzewska-57a-CID3-ID1cgDpE.html?search_reason=search%7Corganic
1097828913,"Pokój do wynajecia , Ochota , Uniwersytet Medyczny, Zwirki Wigury , Blue City",Ochota,1700,false,https://www.olx.pl/d/oferta/pokoj-do-wynajecia-ochota-uniwersytet-medyczny-zwirki-wigury-blue-city-CID3-ID1cinrX.html?search_reason=search%7Corganic
1083207325,Pokoj w apartamencie Rondo Wiatraczna Praga - Wszystko w cenie!,Praga-Południe,1900,false,https://www.olx.pl/d/oferta/pokoj-w-apartamencie-rondo-wiatraczna-praga-wszystko-w-cenie-CID3-ID1bj1HT.html?search_reason=search%7Corganic
1098791722,Pokój 13 m² | M2 | Świeżo po remoncie | Markowska | Zabytkowa Praga,Praga-Północ,1550,false,https://www.olx.pl/d/oferta/pokoj-13-m-m2-swiezo-po-remoncie-markowska-zabytkowa-praga-CID3-ID1cmpW8.html?search_reason=search%7Corganic
1090834909,"Pokój | Jana Pawła II 68 | metro Ratusz Arsenał 1,5km | od zaraz | 1013",Śródmieście,1370,false,https://www.olx.pl/d/oferta/pokoj-jana-pawla-ii-68-metro-ratusz-arsenal-1-5km-od-zaraz-1013-CID3-ID1bP1Zr.html?search_reason=search%7Corganic
1023389696,Sied42 P3 - Pokój przy Wyższej Szkole Menadżerskiej blisko do Metra,Praga-Północ,1000,false,https://www.olx.pl/d/oferta/sied42-p3-pokoj-przy-wyzszej-szkole-menadzerskiej-blisko-do-metra-CID3-ID17g2pq.html?search_reason=search%7Cpromoted
1096732243,Wynajmę pokój z balkonem na Żoliborzu - ul. Mickiewicza 19,Żoliborz,1300,false,https://www.olx.pl/d/oferta/wynajme-pokoj-z-balkonem-na-zoliborzu-ul-mickiewicza-19-CID3-ID1cdM9J.html?search_reason=search%7Cpromoted
1029222071,Nowy Pokój przy Metrze - Targówek,Targówek,1099,false,https://www.olx.pl/d/oferta/nowy-pokoj-przy-metrze-targowek-CID3-ID17EwFZ.html?search_reason=search%7Cpromoted
1095930188,"Pokój | Jana Pawła II 59 | metro Ratusz Arsenał 1,5km | od 26.09 | 1238",Śródmieście,1320,false,https://www.olx.pl/d/oferta/pokoj-jana-pawla-ii-59-metro-ratusz-arsenal-1-5km-od-26-09-1238-CID3-ID1capwm.html?search_reason=search%7Corganic
1098552575,Pokój 1-osobowy z balkonem w mieszkaniu 4 pokojowym na Mokotowie,Mokotów,1400,false,https://www.olx.pl/d/oferta/pokoj-1-osobowy-z-balkonem-w-mieszkaniu-4-pokojowym-na-mokotowie-CID3-ID1clpHW.html?search_reason=search%7Corganic
1096468255,"Wynajmę pokój 600m od metra Wilanowska, ul. Bryły",Mokotów,1200,false,https://www.olx.pl/d/oferta/wynajme-pokoj-600m-od-metra-wilanowska-ul-bryly-CID3-ID1ccFtR.html?search_reason=search%7Corganic
1098835575,Pokój na wynajem (1500 zł całość) - Ursynów Północny,Ursynów,1500,false,https://www.olx.pl/d/oferta/pokoj-na-wynajem-1500-zl-calosc-ursynow-polnocny-CID3-ID1cmBkr.html?search_reason=search%7Corganic
1090655515,Pokój 10 m² | Jantarowy Szlak 4 | BEZ PROWIZJI | od zaraz | 486,Praga-Południe,1390,false,https://www.olx.pl/d/oferta/pokoj-10-m-jantarowy-szlak-4-bez-prowizji-od-zaraz-486-CID3-ID1bOhjZ.html?search_reason=search%7Corganic
1097693947,"Pokój dla studenta/-tki / Mokotów Egejska / 20-30 minut bez przesiadek UW, PW, SGH, SGGW, Łazarski, Vistula, Merito",Mokotów,1250,false,https://www.olx.pl/d/oferta/pokoj-dla-studenta-tki-mokotow-egejska-20-30-minut-bez-przesiadek-uw-pw-sgh-sggw-lazarski-vistula-merito-CID3-ID1chOl5.html?search_reason=search%7Corganic
1090806857,Pokój 14 m² | Mielczarskiego 5 | metro Kabaty 500m | od zaraz | 610,Ursynów,1390,false,https://www.olx.pl/d/oferta/pokoj-14-m-mielczarskiego-5-metro-kabaty-500m-od-zaraz-610-CID3-ID1bOUGZ.html?search_reason=search%7Corganic
1096335534,"Pokój | Zamiany 16, Ursynów | balkon | BEZ PROWIZJI | od 26.09 | 851",Ursynów,1290,false,https://www.olx.pl/d/oferta/pokoj-zamiany-16-ursynow-balkon-bez-prowizji-od-26-09-851-CID3-ID1cc6Xc.html?search_reason=search%7Corganic
1082162713,Pokój do wynajęcia 1500 zł,Ursus,1500,false,https://www.olx.pl/d/oferta/pokoj-do-wynajecia-1500-zl-CID3-ID1beDXj.html?search_reason=search%7Corganic
1015334695,Wysoki Standard – Metro Politechnika,Śródmieście,1650,true,https://www.olx.pl/d/oferta/wysoki-standard-metro-politechnika-CID3-ID16IeV3.html?search_reason=search%7Corganic
1091574415,"Pokój | Łukowska 30, Praga Południe | BEZ PROWIZJI | od 30.09 | 812",Praga-Południe,1290,false,https://www.olx.pl/d/oferta/pokoj-lukowska-30-praga-poludnie-bez-prowizji-od-30-09-812-CID3-ID1bS8mX.html?search_reason=search%7Cpromoted
1014271611,"Pokój 1-os. na Bemowie – Widawska 7, blisko Fortu Bema i Galerii Bemowo",Bemowo,900,false,https://www.olx.pl/d/oferta/pokoj-1-os-na-bemowie-widawska-7-blisko-fortu-bema-i-galerii-bemowo-CID3-ID16DMnx.html?search_reason=search%7Cpromoted
1078925734,Pokój | Wita Stwosza 44 | metro Służew 950m | od 30.09 | 1353,Mokotów,1190,false,https://www.olx.pl/d/oferta/pokoj-wita-stwosza-44-metro-sluzew-950m-od-30-09-1353-CID3-ID1b13RY.html?search_reason=search%7Cpromoted
1096974261,Wynajmę kobiecie,Włochy,700,true,https://www.olx.pl/d/oferta/wynajme-kobiecie-CID3-ID1ceN7f.html?search_reason=search%7Corganic
1081341693,"Pokój | Al. Wilanowska 39 | SGGW 1,5km | BEZ PROWIZJI | od zaraz | 553",Mokotów,1190,false,https://www.olx.pl/d/oferta/pokoj-al-wilanowska-39-sggw-1-5km-bez-prowizji-od-zaraz-553-CID3-ID1bbcn3.html?search_reason=search%7Corganic
1096841926,pokój jednoosobowy,Wilanów,1300,false,https://www.olx.pl/d/oferta/pokoj-jednoosobowy-CID3-ID1ceeGO.html?search_reason=search%7Corganic
680156929,"Palestyńska 8 | Targówek | Wysoka szafa i biurko z nadstawką | Koźmiński, SWPS, UW | wolne od zaraz",Targówek,1090,false,https://www.olx.pl/d/oferta/palestynska-8-targowek-wysoka-szafa-i-biurko-z-nadstawka-kozminski-swps-uw-wolne-od-zaraz-CID3-IDK1RT3.html?search_reason=search%7Corganic
1090902388,"Pokój | Wrzeciono 55, Bielany | BEZ PROWIZJI | od zaraz | 1168",Bielany,1180,false,https://www.olx.pl/d/oferta/pokoj-wrzeciono-55-bielany-bez-prowizji-od-zaraz-1168-CID3-ID1bPjxO.html?search_reason=search%7Corganic
1085895602,"Pokój 1-os. na Ochocie Rakowiec – blisko WUM, parter przy Grójeckiej.",Ochota,1000,false,https://www.olx.pl/d/oferta/pokoj-1-os-na-ochocie-rakowiec-blisko-wum-parter-przy-grojeckiej-CID3-ID1buj3c.html?search_reason=search%7Corganic
1077847178,"Pokój | Literacka 4 | metro Marymont 1,7km | BEZ PROWIZJI | od zaraz | 818",Bielany,940,false,https://www.olx.pl/d/oferta/pokoj-literacka-4-metro-marymont-1-7km-bez-prowizji-od-zaraz-818-CID3-ID1aVxhU.html?search_reason=search%7Corganic
1096098600,"Przytulny pokój Jugosłowiańska, Gocław, blisko SWPS",Praga-Południe,1380,false,https://www.olx.pl/d/oferta/przytulny-pokoj-jugoslowianska-goclaw-blisko-swps-CID3-ID1cb7jG.html?search_reason=search%7Corganic
1096071104,POWIŚLE- Komfortowy pokoj z oddzielną kuchnią i łazienką dla kobiety(SPOKOJNA OKOLICA),Śródmieście,2500,false,https://www.olx.pl/d/oferta/powisle-komfortowy-pokoj-z-oddzielna-kuchnia-i-lazienka-dla-kobietyspokojna-okolica-CID3-ID1cb0ac.html?search_reason=search%7Corganic
1093923164,"Pokój przy m. Ursynów! SGGW, VISTULI, WSTiR, WZ UW, Politechnika",Ursynów,1180,false,https://www.olx.pl/d/oferta/pokoj-przy-m-ursynow-sggw-vistuli-wstir-wz-uw-politechnika-CID3-ID1c1Zo0.html?search_reason=search%7Corganic
1091574415,"Pokój | Łukowska 30, Praga Południe | BEZ PROWIZJI | od 30.09 | 812",Praga-Południe,1290,false,https://www.olx.pl/d/oferta/pokoj-lukowska-30-praga-poludnie-bez-prowizji-od-30-09-812-CID3-ID1bS8mX.html?search_reason=search%7Cpromoted
1014271611,"Pokój 1-os. na Bemowie – Widawska 7, blisko Fortu Bema i Galerii Bemowo",Bemowo,900,false,https://www.olx.pl/d/oferta/pokoj-1-os-na-bemowie-widawska-7-blisko-fortu-bema-i-galerii-bemowo-CID3-ID16DMnx.html?search_reason=search%7Cpromoted
727684078,"Kaspijska 1 | Mokotów | Tramwaj i autobus pod domem | SGGW, Vistula, SGH, ŁAZARSKI | wolne od zaraz",Mokotów,1290,false,https://www.olx.pl/d/oferta/kaspijska-1-mokotow-tramwaj-i-autobus-pod-domem-sggw-vistula-sgh-lazarski-wolne-od-zaraz-CID3-IDNfhRY.html?search_reason=search%7Cpromoted
1091013052,Pokój | Marii Dąbrowskiej 5 | balkon | BEZ PROWIZJI | od zaraz | 395,Bemowo,1190,false,https://www.olx.pl/d/oferta/pokoj-marii-dabrowskiej-5-balkon-bez-prowizji-od-zaraz-395-CID3-ID1bPMkI.html?search_reason=search%7Corganic
1084730656,"Pokój 9,6 m² | Kameralna 1, Praga Północ | BEZ PROWIZJI | od zaraz | 973",Praga-Północ,1300,false,https://www.olx.pl/d/oferta/pokoj-9-6-m-kameralna-1-praga-polnoc-bez-prowizji-od-zaraz-973-CID3-ID1bppZK.html?search_reason=search%7Corganic
1096069956,"Miejsce w pokoju dla studenta/tki - Warszawa Praga-Południe - wszystko w cenie, Akademik, Student house, Dom studencki, Гуртожиток, Общага, Hostel",Praga-Południe,1250,false,https://www.olx.pl/d/oferta/miejsce-w-pokoju-dla-studenta-tki-warszawa-praga-poludnie-wszystko-w-cenie-akademik-student-house-dom-studencki-hostel-CID3-ID1caZRG.html?search_reason=search%7Corganic
1097129002,"Do wynajęcia pokój w domu z fajna ekipą, Posejdona, blisko WAT, WIT",Bemowo,1220,false,https://www.olx.pl/d/oferta/do-wynajecia-pokoj-w-domu-z-fajna-ekipa-posejdona-blisko-wat-wit-CID3-ID1cfrn4.html?search_reason=search%7Corganic
1097570486,"The room Metro Natolin , Lidl,Bierdronka",Ursynów,999,false,https://www.otodom.pl/pl/oferta/the-room-metro-natolin-lidl-bierdronka-ID4D1U7
1097984197,Pokoje dla studentów | Metro Politechnika | Media w cenie,Śródmieście,1600,false,https://www.olx.pl/d/oferta/pokoje-dla-studentow-metro-politechnika-media-w-cenie-CID3-ID1cj1Qx.html?search_reason=search%7Corganic
1089289837,Pokój jednoosobowy,Praga-Południe,1250,false,https://www.olx.pl/d/oferta/pokoj-jednoosobowy-CID3-ID1bIy2W.html?search_reason=search%7Corganic
1098690940,"Piękny, duży pokój 15 m2 z balkonem, ul. Sabały!",Włochy,1400,false,https://www.olx.pl/d/oferta/piekny-duzy-pokoj-15-m2-z-balkonem-ul-sabaly-CID3-ID1clZHC.html?search_reason=search%7Corganic
1062259887,Pokój 14 min. od CENTRUM! Łazienki Królewskie!,Śródmieście,1100,false,https://www.olx.pl/d/oferta/pokoj-14-min-od-centrum-lazienki-krolewskie-CID3-ID19T8jZ.html?search_reason=search%7Corganic
1085740030,"Pokój | Grzybowska 9, Śródmieście | balkon | BEZ PROWIZJI | od zaraz | 981",Śródmieście,1390,false,https://www.olx.pl/d/oferta/pokoj-grzybowska-9-srodmiescie-balkon-bez-prowizji-od-zaraz-981-CID3-ID1btEzY.html?search_reason=search%7Corganic
1078925734,Pokój | Wita Stwosza 44 | metro Służew 950m | od 30.09 | 1353,Mokotów,1190,false,https://www.olx.pl/d/oferta/pokoj-wita-stwosza-44-metro-sluzew-950m-od-30-09-1353-CID3-ID1b13RY.html?search_reason=search%7Cpromoted
1098683052,Duży 12m2 przytulny 1 os. Pokój z prywatną lodówką w kameralnym 3-pokojowym mieszkaniu | Praga Płd | Zamieniecka 87,Praga-Południe,1330,true,https://www.olx.pl/d/oferta/duzy-12m2-przytulny-1-os-pokoj-z-prywatna-lodowka-w-kameralnym-3-pokojowym-mieszkaniu-praga-pld-zamieniecka-87-CID3-ID1clXEo.html?search_reason=search%7Cpromoted
1092938704,METRO / zadbany pokój /opłaty wliczone,Praga-Północ,1530,false,https://www.olx.pl/d/oferta/metro-zadbany-pokoj-oplaty-wliczone-CID3-ID1bXRhC.html?search_reason=search%7Cpromoted
1095314445,"Ostatnie 2 pokoje! Metro Imielin, Ursynów SGGW VISTULA",Ursynów,1300,false,https://www.olx.pl/d/oferta/ostatnie-2-pokoje-metro-imielin-ursynow-sggw-vistula-CID3-ID1c7Pk1.html?search_reason=search%7Corganic
1096825124,Pokój na wynajem - Praga Północ - Port Praski (mieszkanie trzypokojowe),Praga-Północ,1400,false,https://www.olx.pl/d/oferta/pokoj-na-wynajem-praga-polnoc-port-praski-mieszkanie-trzypokojowe-CID3-ID1ceajO.html?search_reason=search%7Corganic
1093266638,Pokój do wynajęcia Metro Wawrzyszew,Bielany,1200,false,https://www.olx.pl/d/oferta/pokoj-do-wynajecia-metro-wawrzyszew-CID3-ID1bZeAS.html?search_reason=search%7Corganic
1097772891,Pokoje w Warszawie / mapa / SGGW / Vistula / Łazarski / Civitas / SWPS,Śródmieście,1000,false,https://www.olx.pl/d/oferta/pokoje-w-warszawie-mapa-sggw-vistula-lazarski-civitas-swps-CID3-ID1ci8Sn.html?search_reason=search%7Corganic
1030666747,Girls only. Room rent Pokój w dużym mieszkaniu na Starym Mieście,Śródmieście,2500,false,https://www.olx.pl/d/oferta/girls-only-room-rent-pokoj-w-duzym-mieszkaniu-na-starym-miescie-CID3-ID17Kzwd.html?search_reason=search%7Corganic
1098858485,Хостел Hostel Warszaw! Tani Pokoje Bródno Legionowo Tarchomin Jabłonna Marki Ząbki,Białołęka,750,false,https://www.olx.pl/d/oferta/hostel-warszaw-tani-pokoje-brodno-legionowo-tarchomin-jablonna-marki-zabki-CID3-ID1cmHhX.html?search_reason=search%7Corganic
1098705072,Pokój bez właściciela,Praga-Południe,1200,false,https://www.olx.pl/d/oferta/pokoj-bez-wlasciciela-CID3-ID1cm3ny.html?search_reason=search%7Corganic
1098230805,"New Hostel! Хостел Wilanów Sadyba, Stegny, Piaseczno, Konstancin-Jeziorna,  Czerniaków, Centrum",Wilanów,750,false,https://www.olx.pl/d/oferta/new-hostel-wilanow-sadyba-stegny-piaseczno-konstancin-jeziorna-czerniakow-centrum-CID3-ID1ck405.html?search_reason=search%7Corganic
1097749669,"Duży, słoneczny, b. duża szafa, ul. Sobieskiego / Burgaska, blisko SGGW, 18 min. do Politechnika, bezpośrednio od właściciela, bez prowizji",Mokotów,1320,false,https://www.olx.pl/d/oferta/duzy-sloneczny-b-duza-szafa-ul-sobieskiego-burgaska-blisko-sggw-18-min-do-politechnika-bezposrednio-od-wlasciciela-bez-prowizji-CID3-ID1ci2PP.html?search_reason=search%7Corganic
1096975483,750 злотых месяц проживания- Новый Хостел Район Урсус (Ursus) Hostel,Ursus,750,false,https://www.olx.pl/d/oferta/750-ursus-hostel-CID3-ID1ceNqX.html?search_reason=search%7Corganic
1098835575,Pokój na wynajem (1500 zł całość) - Ursynów Północny,Ursynów,1500,false,https://www.olx.pl/d/oferta/pokoj-na-wynajem-1500-zl-calosc-ursynow-polnocny-CID3-ID1cmBkr.html?search_reason=search%7Cpromoted
1098271687,Pokój na bemowie,Bemowo,1400,false,https://www.olx.pl/d/oferta/pokoj-na-bemowie-CID3-ID1ckeDt.html?search_reason=search%7Cpromoted
1093105504,Pokój 12 m² | Wita Stwosza 17a | balkon | BEZ PROWIZJI | od 30.09 | 787,Mokotów,1290,false,https://www.olx.pl/d/oferta/pokoj-12-m-wita-stwosza-17a-balkon-bez-prowizji-od-30-09-787-CID3-ID1bYyFV.html?search_reason=search%7Cpromoted
1038090845,"Pokój | Ostrobramska 118A, Praga Południe | BEZ PROWIZJI | od zaraz | 627",Praga-Południe,1290,false,https://www.olx.pl/d/oferta/pokoj-ostrobramska-118a-praga-poludnie-bez-prowizji-od-zaraz-627-CID3-ID18fIQJ.html?search_reason=search%7Corganic
1094742178,Duży przytulny pokój. Wysoki Standard. Świetna lokalizacja!,Wola,1700,false,https://www.olx.pl/d/oferta/duzy-przytulny-pokoj-wysoki-standard-swietna-lokalizacja-CID3-ID1c5qrU.html?search_reason=search%7Corganic
1096085494,"Хостел / Hostel — Mokotów, od 700 zł/mies.",Mokotów,700,false,https://www.olx.pl/d/oferta/hostel-mokotow-od-700-zl-mies-CID3-ID1cb3Ui.html?search_reason=search%7Corganic
1085024760,Pokój 1 osobowy-Ursynów-Kabaty,Ursynów,1183,false,https://www.olx.pl/d/oferta/pokoj-1-osobowy-ursynow-kabaty-CID3-ID1bqEwm.html?search_reason=search%7Corganic
1097526619,Wynajmę pokój jednoosobowy ul. Sardyńska 5 na Mokotowie/m1062,Mokotów,1199,false,https://www.olx.pl/d/oferta/wynajme-pokoj-jednoosobowy-ul-sardynska-5-na-mokotowie-m1062-CID3-ID1ch6Of.html?search_reason=search%7Corganic
1078572767,Pokój do wynajęcia Mokotów metro Wilanowska,Mokotów,1000,false,https://www.olx.pl/d/oferta/pokoj-do-wynajecia-mokotow-metro-wilanowska-CID3-ID1aZA2X.html?search_reason=search%7Corganic
1025441105,Pokój w 4-pokojowym mieszkaniu przy UKSW i AWF,Bielany,1400,false,https://www.olx.pl/d/oferta/pokoj-w-4-pokojowym-mieszkaniu-przy-uksw-i-awf-CID3-ID17oE4F.html?search_reason=search%7Corganic
996646487,Duży  pokój z garderobą w Warszawie -> widok na Pałac Kultury,Praga-Południe,1600,false,https://www.olx.pl/d/oferta/duzy-pokoj-z-garderoba-w-warszawie-widok-na-palac-kultury-CID3-ID15rPhl.html?search_reason=search%7Corganic
1083305858,Pokoje blisko uniwersytetu Vizja,Wola,1800,false,https://www.olx.pl/d/oferta/pokoje-blisko-uniwersytetu-vizja-CID3-ID1bjrl8.html?search_reason=search%7Corganic
1079838729,Pokój | Plac Konstytucji 6 | metro Politechnika 800m | od zaraz | 136,Śródmieście,1290,false,https://www.olx.pl/d/oferta/pokoj-plac-konstytucji-6-metro-politechnika-800m-od-zaraz-136-CID3-ID1b4TnH.html?search_reason=search%7Corganic
1091579833,750 злотых месяц проживания Общежитие Варшава Хостел Hostel Pokoje,Włochy,750,false,https://www.olx.pl/d/oferta/750-hostel-pokoje-CID3-ID1bS9Ml.html?search_reason=search%7Cpromoted
1083953221,Pokój dla kobiety | Wita Stwosza 17 | metro Służew 750m | od 30.09 | 760,Mokotów,990,true,https://www.olx.pl/d/oferta/pokoj-dla-kobiety-wita-stwosza-17-metro-sluzew-750m-od-30-09-760-CID3-ID1bm9Kt.html?search_reason=search%7Cpromoted
1095996652,"DUŻY Pokój 12m², Hoża, Śródmieście, Centrum, Metro, PW, SGH, UW",Śródmieście,1600,false,https://www.olx.pl/d/oferta/duzy-pokoj-12m-hoza-srodmiescie-centrum-metro-pw-sgh-uw-CID3-ID1caGNm.html?search_reason=search%7Cpromoted
1097178618,Pokój na wynajem,Śródmieście,290,false,https://www.olx.pl/d/oferta/pokoj-na-wynajem-CID3-ID1cfEhk.html?search_reason=search%7Corganic
1095873891,750 злотых месяц проживания Новый  Хостел  Варшава! Hostel Tani Pokoje,Białołęka,750,false,https://www.olx.pl/d/oferta/750-hostel-tani-pokoje-CID3-ID1caaRl.html?search_reason=search%7Corganic
1096091096,"Duży nieprzechodni pokój na Ursynowie (metro Stokłosy, SGGW Vistula) od października",Ursynów,1200,false,https://www.olx.pl/d/oferta/duzy-nieprzechodni-pokoj-na-ursynowie-metro-stoklosy-sggw-vistula-od-pazdziernika-CID3-ID1cb5mE.html?search_reason=search%7Corganic
1090920476,Pokój z balkonem | 3 min. od Metra Targówek | dostępny od 30.09,Targówek,900,false,https://www.olx.pl/d/oferta/pokoj-z-balkonem-3-min-od-metra-targowek-dostepny-od-30-09-CID3-ID1bPofy.html?search_reason=search%7Corganic
1098791867,Pokój 10 m² | M2 | Świeżo po remoncie | Zabytkowa Praga | Markowska,Praga-Północ,1350,false,https://www.olx.pl/d/oferta/pokoj-10-m-m2-swiezo-po-remoncie-zabytkowa-praga-markowska-CID3-ID1cmpXt.html?search_reason=search%7Corganic
1096335764,"Pokój | Żwirki i Wigury 33 | metro Racławicka 2,5km | od 30.09 | 857",Ochota,1390,false,https://www.olx.pl/d/oferta/pokoj-zwirki-i-wigury-33-metro-raclawicka-2-5km-od-30-09-857-CID3-ID1cc70U.html?search_reason=search%7Corganic
1090825622,"Pokój | Capri 5, Mokotów | SGGW 2km | BEZ PROWIZJI | od zaraz | 557",Mokotów,1090,false,https://www.olx.pl/d/oferta/pokoj-capri-5-mokotow-sggw-2km-bez-prowizji-od-zaraz-557-CID3-ID1bOZzE.html?search_reason=search%7Corganic
1085874332,Pokój 1-os. na Bemowie – Metro M2 i WAT w zasięgu 6 min!,Bemowo,1050,false,https://www.olx.pl/d/oferta/pokoj-1-os-na-bemowie-metro-m2-i-wat-w-zasiegu-6-min-CID3-ID1budv8.html?search_reason=search%7Corganic
1096584407,URSYNÓW (ul. Symfonii 1) pokój 1 lub 2 osobowy 5 min do metra Ursynów! SGGW - 15 min,Ursynów,1350,false,https://www.olx.pl/d/oferta/ursynow-ul-symfonii-1-pokoj-1-lub-2-osobowy-5-min-do-metra-ursynow-sggw-15-min-CID3-ID1cd9Hh.html?search_reason=search%7Corganic
654455620,Pokój W-wa Włochy 1200 zł. w 3pok.mieszkaniu dla chłopaka.,Włochy,1200,false,https://www.olx.pl/d/oferta/pokoj-w-wa-wlochy-1200-zl-w-3pok-mieszkaniu-dla-chlopaka-CID3-IDIi1NO.html?search_reason=search%7Corganic
1086435317,"Pokój 1-os. na Pradze Południe – Znanieckiego 4, blisko Gocławia",Praga-Południe,700,false,https://www.olx.pl/d/oferta/pokoj-1-os-na-pradze-poludnie-znanieckiego-4-blisko-goclawia-CID3-ID1bvzsh.html?search_reason=search%7Cpromoted
1092931811,Pokój 1 os. wolny od zaraz - Mokotów - ul. Piekałkiewicza.,Mokotów,899,false,https://www.olx.pl/d/oferta/pokoj-1-os-wolny-od-zaraz-mokotow-ul-piekalkiewicza-CID3-ID1bXPur.html?search_reason=search%7Cpromoted
1093933222,[Alternatywy 6] [Metro Imielin] Pokój nr 2,Ursynów,1200,false,https://www.olx.pl/d/oferta/alternatywy-6-metro-imielin-pokoj-nr-2-CID3-ID1c220e.html?search_reason=search%7Cpromoted
654455620,Pokój W-wa Włochy 1200 zł. w 3pok.mieszkaniu dla chłopaka.,Włochy,1200,false,https://www.olx.pl/d/oferta/pokoj-w-wa-wlochy-1200-zl-w-3pok-mieszkaniu-dla-chlopaka-CID3-IDIi1NO.html?search_reason=search%7Corganic
1092624062,pokój do wynajęcia | Super lokalizacja | Praga-Południe | Witolin | Biedronka | SWPS,Praga-Południe,1500,false,https://www.olx.pl/d/oferta/pokoj-do-wynajecia-super-lokalizacja-praga-poludnie-witolin-biedronka-swps-CID3-ID1bVxqK.html?search_reason=search%7Corganic
1093049826,Pokój metro Stokłosy / Vistula od października,Ursynów,1100,false,https://www.olx.pl/d/oferta/pokoj-metro-stoklosy-vistula-od-pazdziernika-CID3-ID1bYkbU.html?search_reason=search%7Corganic
1092562643,"Pokój 10 m² przy metrze Imielin – 1550 zł z mediami, Ursynów",Ursynów,1550,false,https://www.olx.pl/d/oferta/pokoj-10-m-przy-metrze-imielin-1550-zl-z-mediami-ursynow-CID3-ID1bVhs7.html?search_reason=search%7Corganic
1071514455,"Pokój | Wrocławska 11, Bemowo | WAT 1,9 km | BEZ PROWIZJI | od zaraz | 1002",Bemowo,890,false,https://www.olx.pl/d/oferta/pokoj-wroclawska-11-bemowo-wat-1-9-km-bez-prowizji-od-zaraz-1002-CID3-ID1awXRd.html?search_reason=search%7Corganic
1098618923,Pokój 1-os. | Metro Bemowo 8 min | WAT | bez prowizji,Bemowo,1400,false,https://www.olx.pl/d/oferta/pokoj-1-os-metro-bemowo-8-min-wat-bez-prowizji-CID3-ID1clGY3.html?search_reason=search%7Corganic
1074844349,Pokój z balkonem przy metrze Trocka - Mokra 33 1299 zł Total,Targówek,1099,false,https://www.olx.pl/d/oferta/pokoj-z-balkonem-przy-metrze-trocka-mokra-33-1299-zl-total-CID3-ID1aJV7b.html?search_reason=search%7Corganic
1098011162,Pokoj 25 m pietro domku jednorodzinnego W-wa Wawer,Wawer,900,false,https://www.olx.pl/d/oferta/pokoj-25-m-pietro-domku-jednorodzinnego-w-wa-wawer-CID3-ID1cj8Rs.html?search_reason=search%7Corganic
1091337116,"Pokój dla 2 osób z łazienką, z Wi - fi, Wawer Sadul, bez dodatkowych kosztów",Praga-Południe,900,false,https://www.olx.pl/d/oferta/pokoj-dla-2-osob-z-lazienka-z-wi-fi-wawer-sadul-bez-dodatkowych-kosztow-CID3-ID1bR8Dy.html?search_reason=search%7Corganic
1098611934,Pokój 1-os. z balkonem | Saska Kępa - ul. Międzynarodowa 40| od zaraz,Praga-Południe,1190,false,https://www.olx.pl/d/oferta/pokoj-1-os-z-balkonem-saska-kepa-ul-miedzynarodowa-40-od-zaraz-CID3-ID1clF9k.html?search_reason=search%7Corganic
1094843008,"Pokój w mieszkaniu tylko dla Pań m. Ursynów 11 m2! SGGW, VISTULI, WSTiR, WZ UW",Ursynów,1100,false,https://www.olx.pl/d/oferta/pokoj-w-mieszkaniu-tylko-dla-pan-m-ursynow-11-m2-sggw-vistuli-wstir-wz-uw-CID3-ID1c5QGc.html?search_reason=search%7Cpromoted
1086806901,Przytulny pokój 1-os. WILANÓW/MOKOTÓW – 600 m od TVN!,Mokotów,700,false,https://www.olx.pl/d/oferta/przytulny-pokoj-1-os-wilanow-mokotow-600-m-od-tvn-CID3-ID1by87z.html?search_reason=search%7Cpromoted
1023389696,Sied42 P3 - Pokój przy Wyższej Szkole Menadżerskiej blisko do Metra,Praga-Północ,1000,false,https://www.olx.pl/d/oferta/sied42-p3-pokoj-przy-wyzszej-szkole-menadzerskiej-blisko-do-metra-CID3-ID17g2pq.html?search_reason=search%7Cpromoted
963730734,Wynajmę pokój - Ostrobramska 73E | 1100 zł total,Praga-Południe,900,false,https://www.olx.pl/d/oferta/wynajme-pokoj-ostrobramska-73e-1100-zl-total-CID3-ID13dIo6.html?search_reason=search%7Corganic
1097432612,*** Pokój do wynajęcia 20m² z balkonem | Warszawa Bielany Marymont Metro UKSW AWF,Żoliborz,1600,true,https://www.olx.pl/d/oferta/pokoj-do-wynajecia-20m-z-balkonem-warszawa-bielany-marymont-metro-uksw-awf-CID3-ID1cgIm0.html?search_reason=search%7Corganic
1085416382,Nowoczesny pokój 20min do centrum MOKOTÓW SADYBA WILANÓW SGGW SGH PW Łazarski,Mokotów,1240,false,https://www.olx.pl/d/oferta/nowoczesny-pokoj-20min-do-centrum-mokotow-sadyba-wilanow-sggw-sgh-pw-lazarski-CID3-ID1bsinQ.html?search_reason=search%7Corganic
1097202369,Pojedynczy pokój blisko metra,Mokotów,1000,false,https://www.olx.pl/d/oferta/pojedynczy-pokoj-blisko-metra-CID3-ID1cfKsp.html?search_reason=search%7Corganic
1020683860,"Smoleńska 81 | Targówek | Metro Targówek Mieszkaniowy 5 min pieszo | KOŹMIŃSKI, WSB MERITO, SWPS, UW | wolne od zaraz",Targówek,1190,false,https://www.olx.pl/d/oferta/smolenska-81-targowek-metro-targowek-mieszkaniowy-5-min-pieszo-kozminski-wsb-merito-swps-uw-wolne-od-zaraz-CID3-ID174GuU.html?search_reason=search%7Corganic
1096118550,URSYNÓW (ul. Symfonii 1) pokój 1 lub 2 osobowy 5 min do metra Ursynów! SGGW - 15 min,Ursynów,1350,false,https://www.olx.pl/d/oferta/ursynow-ul-symfonii-1-pokoj-1-lub-2-osobowy-5-min-do-metra-ursynow-sggw-15-min-CID3-ID1cbcws.html?search_reason=search%7Corganic
1095929662,"Pokój | Kaliska 1, Ochota | BEZ PROWIZJI | od 17.09 | 1222",Ochota,1290,false,https://www.olx.pl/d/oferta/pokoj-kaliska-1-ochota-bez-prowizji-od-17-09-1222-CID3-ID1capmS.html?search_reason=search%7Corganic
1065448866,"Duży pokój Nowe mieszkanie,Wola Prymasa Tysiąclecia 89, Wolny od ręki",Wola,1250,false,https://www.olx.pl/d/oferta/duzy-pokoj-nowe-mieszkanie-wola-prymasa-tysiaclecia-89-wolny-od-reki-CID3-ID1a6wW8.html?search_reason=search%7Corganic
1092758237,"Bezpośrednio, ul. Powstańców/Posejdona | przy WAT, WIT, blisko Metro Bemowo, Internet światłowodowy 1Gbit, wifi i kabel",Bemowo,1220,false,https://www.olx.pl/d/oferta/bezposrednio-ul-powstancow-posejdona-przy-wat-wit-blisko-metro-bemowo-internet-swiatlowodowy-1gbit-wifi-i-kabel-CID3-ID1bX6kR.html?search_reason=search%7Corganic
1076253307,Pokój | Pułku Baszta 2a | metro Wierzbno 900m | od zaraz | 316,Mokotów,1240,false,https://www.olx.pl/d/oferta/pokoj-pulku-baszta-2a-metro-wierzbno-900m-od-zaraz-316-CID3-ID1aPQEj.html?search_reason=search%7Corganic
1014271611,"Pokój 1-os. na Bemowie – Widawska 7, blisko Fortu Bema i Galerii Bemowo",Bemowo,900,false,https://www.olx.pl/d/oferta/pokoj-1-os-na-bemowie-widawska-7-blisko-fortu-bema-i-galerii-bemowo-CID3-ID16DMnx.html?search_reason=search%7Cpromoted
727684078,"Kaspijska 1 | Mokotów | Tramwaj i autobus pod domem | SGGW, Vistula, SGH, ŁAZARSKI | wolne od zaraz",Mokotów,1290,false,https://www.olx.pl/d/oferta/kaspijska-1-mokotow-tramwaj-i-autobus-pod-domem-sggw-vistula-sgh-lazarski-wolne-od-zaraz-CID3-IDNfhRY.html?search_reason=search%7Cpromoted
1078925734,Pokój | Wita Stwosza 44 | metro Służew 950m | od 30.09 | 1353,Mokotów,1190,false,https://www.olx.pl/d/oferta/pokoj-wita-stwosza-44-metro-sluzew-950m-od-30-09-1353-CID3-ID1b13RY.html?search_reason=search%7Cpromoted
1098343066,Pokój na wynajem 17 m Żoliborz - Elbląska,Żoliborz,1800,false,https://www.olx.pl/d/oferta/pokoj-na-wynajem-17-m-zoliborz-elblaska-CID3-ID1ckxcK.html?search_reason=search%7Corganic
1095428792,"Pokój 1os. Powstańców Śląskich/Wrocławska, mieszkanie dla pań, cisza",Bemowo,1140,false,https://www.olx.pl/d/oferta/pokoj-1os-powstancow-slaskich-wroclawska-mieszkanie-dla-pan-cisza-CID3-ID1c8j4k.html?search_reason=search%7Corganic
1097144444,Pokój z tarasem w willi z opieką - Bez prowizji - Sprzątanie w cenie,Ochota,1495,false,https://www.otodom.pl/pl/oferta/pokoj-z-tarasem-w-willi-z-opieka-bez-prowizji-sprzatanie-w-cenie-ID4CZRA
1085738310,"Pokój 9,9 m² | Prałatowska 8, Targówek | BEZ PROWIZJI | od zaraz | 933",Targówek,1250,false,https://www.olx.pl/d/oferta/pokoj-9-9-m-pralatowska-8-targowek-bez-prowizji-od-zaraz-933-CID3-ID1btE8e.html?search_reason=search%7Corganic
1096059957,Pokój na placu Szembeka,Praga-Południe,1799,false,https://www.olx.pl/d/oferta/pokoj-na-placu-szembeka-CID3-ID1caXgp.html?search_reason=search%7Corganic
1097711722,"Room for rent in the house in Warsaw,rented by owner",Włochy,1100,false,https://www.olx.pl/d/oferta/room-for-rent-in-the-house-in-warsaw-rented-by-owner-CID3-ID1chSXM.html?search_reason=search%7Corganic
1074895835,Pokój do wynajęcia | Al. Jerozolimskie | WKD,Włochy,1600,false,https://www.olx.pl/d/oferta/pokoj-do-wynajecia-al-jerozolimskie-wkd-CID3-ID1aK9wB.html?search_reason=search%7Corganic
1097862963,"Przytulny pokój Sobieskiego/Burgaska - Mokotów dolny, Politechnika, SGGW",Mokotów,1220,false,https://www.olx.pl/d/oferta/przytulny-pokoj-sobieskiego-burgaska-mokotow-dolny-politechnika-sggw-CID3-ID1civj9.html?search_reason=search%7Corganic
1080511922,"Pokój | Nicejska 1 | metro Wilanowska 2,4km | od zaraz | 1598",Mokotów,1190,false,https://www.olx.pl/d/oferta/pokoj-nicejska-1-metro-wilanowska-2-4km-od-zaraz-1598-CID3-ID1b7IwE.html?search_reason=search%7Corganic
1059798891,Pokój w Ursusie z miejscem parkingowym,Ursus,1000,false,https://www.olx.pl/d/oferta/pokoj-w-ursusie-z-miejscem-parkingowym-CID3-ID19IO6w.html?search_reason=search%7Corganic
1098683052,Duży 12m2 przytulny 1 os. Pokój z prywatną lodówką w kameralnym 3-pokojowym mieszkaniu | Praga Płd | Zamieniecka 87,Praga-Południe,1330,true,https://www.olx.pl/d/oferta/duzy-12m2-przytulny-1-os-pokoj-z-prywatna-lodowka-w-kameralnym-3-pokojowym-mieszkaniu-praga-pld-zamieniecka-87-CID3-ID1clXEo.html?search_reason=search%7Cpromoted
1092938704,METRO / zadbany pokój /opłaty wliczone,Praga-Północ,1530,false,https://www.olx.pl/d/oferta/metro-zadbany-pokoj-oplaty-wliczone-CID3-ID1bXRhC.html?search_reason=search%7Cpromoted
1098835575,Pokój na wynajem (1500 zł całość) - Ursynów Północny,Ursynów,1500,false,https://www.olx.pl/d/oferta/pokoj-na-wynajem-1500-zl-calosc-ursynow-polnocny-CID3-ID1cmBkr.html?search_reason=search%7Cpromoted
1059143987,"Duży pokój jednoosobowy _ Czysto, Cicho, Ciepło",Wawer,1600,false,https://www.olx.pl/d/oferta/duzy-pokoj-jednoosobowy-czysto-cicho-cieplo-CID3-ID19G3Jx.html?search_reason=search%7Corganic
1094384374,Pokój dla pary lub jednej osoby,Bemowo,1550,false,https://www.olx.pl/d/oferta/pokoj-dla-pary-lub-jednej-osoby-CID3-ID1c3WmS.html?search_reason=search%7Corganic
1090903187,"Pokój | Turecka 2, Mokotów | BEZ PROWIZJI | od 30.09 | 731",Mokotów,1090,false,https://www.olx.pl/d/oferta/pokoj-turecka-2-mokotow-bez-prowizji-od-30-09-731-CID3-ID1bPjKH.html?search_reason=search%7Corganic
1096334372,Pokój | Ekologiczna 8 | metro Kabaty 400m | BEZ PROWIZJI | od zaraz | 706,Ursynów,1120,false,https://www.olx.pl/d/oferta/pokoj-ekologiczna-8-metro-kabaty-400m-bez-prowizji-od-zaraz-706-CID3-ID1cc6Es.html?search_reason=search%7Corganic
1090729488,Pokój dla studentki w mieszkaniu studenckim przy metrze Kabaty,Ursynów,1350,false,https://www.olx.pl/d/oferta/pokoj-dla-studentki-w-mieszkaniu-studenckim-przy-metrze-kabaty-CID3-ID1bOAz6.html?search_reason=search%7Corganic
1093089959,"Pokój | Janowskiego 9 | metro Stokłosy 1,4km | od zaraz | 303",Ursynów,1220,false,https://www.olx.pl/d/oferta/pokoj-janowskiego-9-metro-stoklosy-1-4km-od-zaraz-303-CID3-ID1bYuDd.html?search_reason=search%7Corganic
940906037,"Żabińskiego 18 | Ursynów | Widok na zieleń | Vistula, SGGW, SGH | wolne zaraz",Ursynów,1290,false,https://www.olx.pl/d/oferta/zabinskiego-18-ursynow-widok-na-zielen-vistula-sggw-sgh-wolne-zaraz-CID3-ID11FVDP.html?search_reason=search%7Corganic
1086408582,"Przestronny Pokój 1-os. na Bemowie – Widawska 21, blisko WAT (8 min)",Bemowo,1000,false,https://www.olx.pl/d/oferta/przestronny-pokoj-1-os-na-bemowie-widawska-21-blisko-wat-8-min-CID3-ID1bvsw4.html?search_reason=search%7Corganic
1093715250,[Wąwozowa 4] [Metro Kabaty] Pokój nr 3,Ursynów,1000,false,https://www.olx.pl/d/oferta/wawozowa-4-metro-kabaty-pokoj-nr-3-CID3-ID1c17iy.html?search_reason=search%7Corganic
961114376,"Przestronny Pokój 1-os. na Pradze – Ostrobramska 82, naprzeciw Atrium Promenada.",Praga-Południe,1050,false,https://www.olx.pl/d/oferta/przestronny-pokoj-1-os-na-pradze-ostrobramska-82-naprzeciw-atrium-promenada-CID3-ID132JKM.html?search_reason=search%7Corganic
1097547738,Pokój do wynajęcia ul.Bokserska,Ochota,1600,false,https://www.olx.pl/d/oferta/pokoj-do-wynajecia-ul-bokserska-CID3-ID1chciS.html?search_reason=search%7Cpromoted
1091567227,"Pokój | Wejherowska 3, Targówek | balkon | BEZ PROWIZJI | od 25.09 | 958",Targówek,1090,false,https://www.olx.pl/d/oferta/pokoj-wejherowska-3-targowek-balkon-bez-prowizji-od-25-09-958-CID3-ID1bS6w1.html?search_reason=search%7Cpromoted
1098228909,"Fajny pokój dla studentki  przy Metrze Młociny, UKSW, AWF, Galeria Młociny - 1400zł z opłatami",Bielany,1400,false,https://www.olx.pl/d/oferta/fajny-pokoj-dla-studentki-przy-metrze-mlociny-uksw-awf-galeria-mlociny-1400zl-z-oplatami-CID3-ID1ck3ww.html?search_reason=search%7Cpromoted
1090260256,"Pokój | Zamiany 16, Ursynów | BEZ PROWIZJI | od 27.09 | 852",Ursynów,1190,false,https://www.olx.pl/d/oferta/pokoj-zamiany-16-ursynow-bez-prowizji-od-27-09-852-CID3-ID1bMCuQ.html?search_reason=search%7Corganic
1096981712,Wynajem Pokoju  na  Ochocie,Ochota,1400,false,https://www.olx.pl/d/oferta/wynajem-pokoju-na-ochocie-CID3-ID1ceP3q.html?search_reason=search%7Corganic
1095959519,Pokój jednoosobowy dla dziewczyny | CZERNIAKOWSKA |,Mokotów,1400,false,https://www.olx.pl/d/oferta/pokoj-jednoosobowy-dla-dziewczyny-czerniakowska-CID3-ID1cax8r.html?search_reason=search%7Corganic
1092621823,GIRLS ONLY/DLA DZIEWCZYN | SGH | Westfield Mokotów | METRO Wilanowska | Łazarski | SGGW,Mokotów,1770,false,https://www.olx.pl/d/oferta/girls-only-dla-dziewczyn-sgh-westfield-mokotow-metro-wilanowska-lazarski-sggw-CID3-ID1bVvQD.html?search_reason=search%7Corganic
1097210256,"STANCJA dla Studentki, dla Studenta",Żoliborz,1400,false,https://www.olx.pl/d/oferta/stancja-dla-studentki-dla-studenta-CID3-ID1cfMwC.html?search_reason=search%7Corganic
1095510643,"Duży nowy pokój 1os z unikalnym balkonem-tarasem, blisko metro Stokłosy, Auchan, mieszkanie dla pań, cisza",Ursynów,1440,false,https://www.olx.pl/d/oferta/duzy-nowy-pokoj-1os-z-unikalnym-balkonem-tarasem-blisko-metro-stoklosy-auchan-mieszkanie-dla-pan-cisza-CID3-ID1c8Emw.html?search_reason=search%7Corganic
1098260662,Wynajęcie pokoju w dwupokojowym mieszkaniu Warszawa,Mokotów,1950,false,https://www.olx.pl/d/oferta/wynajecie-pokoju-w-dwupokojowym-mieszkaniu-warszawa-CID3-ID1ckbLE.html?search_reason=search%7Corganic
1096949679,Pokój dla dziewczyny obok SGGW w mieszkaniu 4 pokojowym ul. Magellana 14,Ursynów,1400,false,https://www.olx.pl/d/oferta/pokoj-dla-dziewczyny-obok-sggw-w-mieszkaniu-4-pokojowym-ul-magellana-14-CID3-ID1ceGIL.html?search_reason=search%7Corganic
1090218743,"Pokój 9,5 m² | Daniłowskiego 1 | balkon | BEZ PROWIZJI | od zaraz | 890",Bielany,1290,false,https://www.olx.pl/d/oferta/pokoj-9-5-m-danilowskiego-1-balkon-bez-prowizji-od-zaraz-890-CID3-ID1bMrHh.html?search_reason=search%7Corganic
1097559506,Pokój przy metro Płocka - Szymczaka 6. BRAK PROWIZJI.,Wola,1200,false,https://www.olx.pl/d/oferta/pokoj-przy-metro-plocka-szymczaka-6-brak-prowizji-CID3-ID1chfmG.html?search_reason=search%7Corganic
1098137961,Pokój 1 osobowy | Metro Politechnika | Od zaraz,Śródmieście,1100,false,https://www.olx.pl/d/oferta/pokoj-1-osobowy-metro-politechnika-od-zaraz-CID3-ID1cjFQB.html?search_reason=search%7Cpromoted
1096207529,pokój 10 m2 do wynajęcia Warszawa Fort Bema Bemowo,Bemowo,1300,true,https://www.olx.pl/d/oferta/pokoj-10-m2-do-wynajecia-warszawa-fort-bema-bemowo-CID3-ID1cbzEB.html?search_reason=search%7Cpromoted
1096920419,"Komfortowy pokój z drzwiami akustycznymi (jak miniapartament) – ul. Cybernetyki 17, Mokotów (AKTUALNE)",Mokotów,1225,false,https://www.olx.pl/d/oferta/komfortowy-pokoj-z-drzwiami-akustycznymi-jak-miniapartament-ul-cybernetyki-17-mokotow-aktualne-CID3-ID1cez6P.html?search_reason=search%7Cpromoted
1097708424,"2 Duże 14m2 pokoje AFRYKANSKA Saska Kępa - szybki dojazd na UW, PW, SGH, SWPS, ASP i PJATK",Praga-Południe,1390,false,https://www.olx.pl/d/oferta/2-duze-14m2-pokoje-afrykanska-saska-kepa-szybki-dojazd-na-uw-pw-sgh-swps-asp-i-pjatk-CID3-ID1chS6A.html?search_reason=search%7Corganic
1097497958,"Pokój do wynajęcia - stacja metra Szwedzka,  9 m2",Praga-Północ,1300,false,https://www.olx.pl/d/oferta/pokoj-do-wynajecia-stacja-metra-szwedzka-9-m2-CID3-ID1cgZlY.html?search_reason=search%7Corganic
1095924849,Pokój do wynajęcia ul. Cieszyńska - Metro Wilanowska,Mokotów,1300,false,https://www.olx.pl/d/oferta/pokoj-do-wynajecia-ul-cieszynska-metro-wilanowska-CID3-ID1cao7f.html?search_reason=search%7Corganic
1085888434,"Elegancki pokój 1-os. na Lazurowej – 6 min do WAT, metro 10 min!",Bemowo,950,false,https://www.olx.pl/d/oferta/elegancki-pokoj-1-os-na-lazurowej-6-min-do-wat-metro-10-min-CID3-ID1buhbA.html?search_reason=search%7Corganic
1093712109,[Pileckiego 106] [Metro Imielin] Pokój nr 1,Ursynów,1150,false,https://www.olx.pl/d/oferta/pileckiego-106-metro-imielin-pokoj-nr-1-CID3-ID1c16tT.html?search_reason=search%7Corganic
1098135639,"Fajny, przytulny pokój Sobieskiego/Burgaska - Mokotów dolny, Politechnika, SGGW",Mokotów,1220,false,https://www.olx.pl/d/oferta/fajny-przytulny-pokoj-sobieskiego-burgaska-mokotow-dolny-politechnika-sggw-CID3-ID1cjFf9.html?search_reason=search%7Corganic
1098105854,Pokój do wynajęcia | Mokotów | Metro Służew | Po remoncie,Mokotów,1450,false,https://www.olx.pl/d/oferta/pokoj-do-wynajecia-mokotow-metro-sluzew-po-remoncie-CID3-ID1cjxuK.html?search_reason=search%7Corganic
1074051330,Pokoje2  osobowe  na wynajem dla kobiet,Wola,900,false,https://www.olx.pl/d/oferta/pokoje2-osobowe-na-wynajem-dla-kobiet-CID3-ID1aGBOy.html?search_reason=search%7Corganic
1096788817,Tani pokój dostepny od zaraz saska kępa aleja waszyngtona 2 łazienki po remoncie internet 8gb/s regulowane oświetlenie led porzadny materac  praga płd,Praga-Południe,1090,false,https://www.olx.pl/d/oferta/tani-pokoj-dostepny-od-zaraz-saska-kepa-aleja-waszyngtona-2-lazienki-po-remoncie-internet-8gb-s-regulowane-oswietlenie-led-porzadny-materac-praga-pld-CID3-ID1ce0Sd.html?search_reason=search%7Corganic
1083636850,Pokój do wynajęcia,Targówek,1500,false,https://www.olx.pl/d/oferta/pokoj-do-wynajecia-CID3-ID1bkPrI.html?search_reason=search%7Corganic
1080437192,"Pokój | Egejska 3, Mokotów | balkon | BEZ PROWIZJI | od zaraz | 547",Mokotów,1240,false,https://www.olx.pl/d/oferta/pokoj-egejska-3-mokotow-balkon-bez-prowizji-od-zaraz-547-CID3-ID1b7p4k.html?search_reason=search%7Cpromoted
1090788280,Pokój jednoosobowy ul. Bonifacego 89 MOKOTÓW Sadyba Best Mall,Mokotów,1450,false,https://www.olx.pl/d/oferta/pokoj-jednoosobowy-ul-bonifacego-89-mokotow-sadyba-best-mall-CID3-ID1bOPRm.html?search_reason=search%7Cpromoted
1095434419,"Pokój 1os. Niepodległości/Woronicza, przy samym Metrze Wierzbno, odnowione mieszkanie dla pań",Mokotów,1240,false,https://www.olx.pl/d/oferta/pokoj-1os-niepodleglosci-woronicza-przy-samym-metrze-wierzbno-odnowione-mieszkanie-dla-pan-CID3-ID1c8kx5.html?search_reason=search%7Cpromoted
1098165824,"Ładny, duży i przestronny pokój, Mokotów, blisko SGGW, ul. Burgaska",Mokotów,1380,false,https://www.olx.pl/d/oferta/ladny-duzy-i-przestronny-pokoj-mokotow-blisko-sggw-ul-burgaska-CID3-ID1cjN60.html?search_reason=search%7Corganic
1097937296,Mam do wynajęcia pokój dla niepalącej Polki,Targówek,1300,false,https://www.olx.pl/d/oferta/mam-do-wynajecia-pokoj-dla-niepalacej-polki-CID3-ID1ciPE4.html?search_reason=search%7Corganic
1094615923,"Pokój na Wynajem, Warszawa Ursynów, Ul. Lokajskiego 12- Blisko Metra Natolin, Dla Pary, Polacy, Ukraina, Białoruś",Ursynów,1500,false,https://www.olx.pl/d/oferta/pokoj-na-wynajem-warszawa-ursynow-ul-lokajskiego-12-blisko-metra-natolin-dla-pary-polacy-ukraina-bialorus-CID3-ID1c4TBx.html?search_reason=search%7Corganic
1096800511,Pokój samodzielny do wynajęcia Warszawa ul. Ostrobramska,Praga-Południe,1000,false,https://www.olx.pl/d/oferta/pokoj-samodzielny-do-wynajecia-warszawa-ul-ostrobramska-CID3-ID1ce3UP.html?search_reason=search%7Corganic
1023389696,Sied42 P3 - Pokój przy Wyższej Szkole Menadżerskiej blisko do Metra,Praga-Północ,1000,false,https://www.olx.pl/d/oferta/sied42-p3-pokoj-przy-wyzszej-szkole-menadzerskiej-blisko-do-metra-CID3-ID17g2pq.html?search_reason=search%7Corganic
1095927048,"Pokój | Złota 81, Śródmieście | BEZ PROWIZJI | od 30.09 | 1081",Śródmieście,1490,false,https://www.olx.pl/d/oferta/pokoj-zlota-81-srodmiescie-bez-prowizji-od-30-09-1081-CID3-ID1caoGI.html?search_reason=search%7Corganic
1097998832,pokój do wynajecia ul Olbrachta 3,Wola,1300,false,https://www.olx.pl/d/oferta/pokoj-do-wynajecia-ul-olbrachta-3-CID3-ID1cj5EA.html?search_reason=search%7Corganic
1097084695,"Ładny pokój Sobieskiego/Burgaska - Mokotów dolny, Politechnika, SGGW",Mokotów,1220,false,https://www.olx.pl/d/oferta/ladny-pokoj-sobieskiego-burgaska-mokotow-dolny-politechnika-sggw-CID3-ID1cffQr.html?search_reason=search%7Corganic
1086426295,"Pokój 1-os. na Bielanach – Wrzeciono 1a przy Metrze Wawrzyszew, AWF 12 min.",Bielany,1150,false,https://www.olx.pl/d/oferta/pokoj-1-os-na-bielanach-wrzeciono-1a-przy-metrze-wawrzyszew-awf-12-min-CID3-ID1bvx6L.html?search_reason=search%7Corganic
1096295591,"Pokój | Gwiaździsta 15A | metro Plac Wilsona 1,5km | od 30.09 | 122",Żoliborz,1090,false,https://www.olx.pl/d/oferta/pokoj-gwiazdzista-15a-metro-plac-wilsona-1-5km-od-30-09-122-CID3-ID1cbVyX.html?search_reason=search%7Corganic
1090492466,Pokój 1-osobowy przy METRZE PŁOCKA (100 m) | Wola | 1300 zł ze wszystkim!,Mokotów,1300,false,https://www.olx.pl/d/oferta/pokoj-1-osobowy-przy-metrze-plocka-100-m-wola-1300-zl-ze-wszystkim-CID3-ID1bNAUa.html?search_reason=search%7Cpromoted
1079732127,pokój do wynajęcia Warszawa ul. Żelazna/Chłodna,Wola,1400,false,https://www.olx.pl/d/oferta/pokoj-do-wynajecia-warszawa-ul-zelazna-chlodna-CID3-ID1b4rEj.html?search_reason=search%7Cpromoted
1098432577,Pokój z aneksem! Mokotów!,Mokotów,1740,false,https://www.olx.pl/d/oferta/pokoj-z-aneksem-mokotow-CID3-ID1ckUut.html?search_reason=search%7Cpromoted
1089893784,750 злотых месяц проживания - Хостел Варшава район Bemowo ЖД Вокзал,Włochy,750,false,https://www.olx.pl/d/oferta/750-bemowo-CID3-ID1bL5a0.html?search_reason=search%7Corganic
1097483685,Do wynajęcia pokój w Warszawie na Woli,Wola,1450,false,https://www.olx.pl/d/oferta/do-wynajecia-pokoj-w-warszawie-na-woli-CID3-ID1cgWDL.html?search_reason=search%7Corganic
1097912470,"Pokój 1-osobowy 8m2, w mieszkaniu dwupokojowym, ul. Srebrna 10, zwierzęta ok, metro, centrum, Internet",Śródmieście,1800,false,https://www.olx.pl/d/oferta/pokoj-1-osobowy-8m2-w-mieszkaniu-dwupokojowym-ul-srebrna-10-zwierzeta-ok-metro-centrum-internet-CID3-ID1ciJbE.html?search_reason=search%7Corganic
1085868388,"Pokój 1-os. na Pradze Południe – Znanieckiego 4, blisko Gocławia",Praga-Południe,750,false,https://www.olx.pl/d/oferta/pokoj-1-os-na-pradze-poludnie-znanieckiego-4-blisko-goclawia-CID3-ID1bubYg.html?search_reason=search%7Corganic
1080422928,Pokój | Targowa 61 | metro Dworzec Wileński 56m | od zaraz | 183,Praga-Północ,1190,false,https://www.olx.pl/d/oferta/pokoj-targowa-61-metro-dworzec-wilenski-56m-od-zaraz-183-CID3-ID1b7lmg.html?search_reason=search%7Corganic
1096975363,"Новое общежитие -VIP-хостел в Варшаве, р-н Мокотув / Воля! Hostel",Mokotów,750,false,https://www.olx.pl/d/oferta/vip-hostel-CID3-ID1ceNp1.html?search_reason=search%7Corganic
1049014339,Samodzielny POKÓJ w 3-pokojowym mieszkaniu,Białołęka,1600,false,https://www.olx.pl/d/oferta/samodzielny-pokoj-w-3-pokojowym-mieszkaniu-CID3-ID18Zyy7.html?search_reason=search%7Corganic
1086800399,Pokój dla studenta – 15 min do WAT i metro M2 Bemowo!,Bemowo,850,false,https://www.olx.pl/d/oferta/pokoj-dla-studenta-15-min-do-wat-i-metro-m2-bemowo-CID3-ID1by6qH.html?search_reason=search%7Corganic
1089163237,Pokój na Ursynowie,Ursynów,1100,false,https://www.olx.pl/d/oferta/pokoj-na-ursynowie-CID3-ID1bI16Z.html?search_reason=search%7Corganic
1080429186,Pokój | Kobielska 1 | Społeczno-Medyczna 850m | od zaraz | 271,Praga-Północ,940,false,https://www.olx.pl/d/oferta/pokoj-kobielska-1-spoleczno-medyczna-850m-od-zaraz-271-CID3-ID1b7mZc.html?search_reason=search%7Corganic
